timestamp,pressure_mBar,mh20_m,conductivity_raw_V,temperature_C,battery_V,rssi_dBm,temperature_logger_C,pressure_logger_mBar,voltage_logger_V
2025-01-25 15:09:07,21100.1005859375,201.6965478515625,0.563,-1.1999999999999957,3.995,-86.0,-5.691598892211914,930.44580078125,9.7528
2025-01-25 14:09:07,21106.2041015625,201.76093383789063,0.561,-1.1999999999999957,3.995,-86.0,-5.720876693725586,930.1107177734375,12.1677
2025-01-14 16:09:19,21798.953125,208.46761779785157,0.666,-1.1999999999999957,3.995,-84.0,-18.292211532592773,952.1913452148438,14.377600000000001
2025-01-13 15:39:20,21930.1787109375,209.70301025390626,0.567,-1.1999999999999957,3.995,-83.0,-15.66931438446045,959.877685546875,14.537500000000001
2025-01-11 16:09:22,22064.4560546875,211.01063110351564,0.6,-1.25,3.999,-84.0,-14.045500755310059,963.3929443359375,14.3899
2024-12-10 19:09:55,23926.0283203125,229.53224853515624,0.874,-1.1999999999999957,4.002,-92.0,-11.911003112792969,972.803466796875,8.658100000000001
2024-12-10 18:09:56,23929.080078125,229.56436767578126,0.874,-1.1999999999999957,4.002,-93.0,-11.224797248840332,972.643310546875,9.2444
2024-12-10 17:09:56,23926.0283203125,229.53818725585938,0.873,-1.1999999999999957,4.002,-92.0,-9.682903289794922,972.2095947265625,9.834800000000001
2024-12-10 16:09:56,23935.18359375,229.6340173339844,0.873,-1.1999999999999957,4.002,-93.0,-8.176875114440918,971.7818603515625,9.7774
2024-12-10 15:09:56,23941.287109375,229.68732421875,0.874,-1.1999999999999957,4.002,-93.0,-7.955021858215332,972.5546875,9.8717
2024-12-10 14:09:56,23941.287109375,229.67309326171875,0.873,-1.25,4.002,-93.0,-8.168723106384277,973.977783203125,9.7446
2024-12-10 13:09:56,23950.4423828125,229.75268249511717,0.874,-1.1999999999999957,4.002,-93.0,-7.831528186798096,975.1741333007812,10.7942
2024-12-10 12:09:56,23941.287109375,229.66117248535156,0.874,-1.25,4.002,-93.0,-7.395908355712891,975.1698608398438,10.7163
2024-12-10 11:09:56,23950.4423828125,229.7459881591797,0.874,-1.1999999999999957,4.002,-93.0,-7.5107741355896,975.8435668945312,11.401000000000002
2024-12-10 10:09:56,23959.59765625,229.83719116210938,0.874,-1.1999999999999957,4.002,-93.0,-7.753547191619873,975.8785400390625,11.6019
2024-12-10 09:09:56,23962.6494140625,229.86993713378908,0.874,-1.1499999999999986,4.002,-92.0,-7.428989410400391,975.6557006835938,11.1263
2024-12-10 08:09:56,23968.7529296875,229.93198608398438,0.874,-1.1999999999999957,4.002,-92.0,-6.892358303070068,975.5543212890625,11.261600000000001
2024-12-10 07:09:57,23974.8564453125,229.99831604003907,0.875,-1.1999999999999957,4.002,-92.0,-5.883154392242432,975.0248413085938,11.2042
2024-12-10 06:09:57,23974.8564453125,230.00790893554688,0.875,-1.1999999999999957,4.002,-93.0,-4.780075550079346,974.0655517578125,11.220600000000001
2024-12-10 05:09:57,23968.7529296875,229.95975219726563,0.875,-1.1999999999999957,4.002,-93.0,-4.152624607086182,972.7777099609375,11.2165
2024-12-10 04:09:57,23968.7529296875,229.96190063476564,0.874,-1.25,4.005,-92.0,-4.245686054229736,972.5628662109375,11.1919
2024-12-10 03:09:57,23971.8046875,230.01010864257813,0.875,-1.1999999999999957,4.002,-93.0,-3.705253839492798,970.7938232421875,11.4953
2024-12-10 02:09:57,23971.8046875,230.01949523925782,0.875,-1.1999999999999957,4.002,-93.0,-3.462477922439575,969.8551635742188,11.5691
2024-12-10 01:09:57,23974.8564453125,230.06282226562502,0.875,-1.1999999999999957,4.002,-93.0,-3.391901969909668,968.57421875,11.392800000000001
2024-12-10 00:09:57,23977.908203125,230.10061157226562,0.875,-1.1999999999999957,4.002,-92.0,-3.189138174057007,967.8470458984375,11.458400000000001
2024-12-09 23:09:57,23974.8564453125,230.08007873535155,0.874,-1.25,4.002,-93.0,-3.0970263481140137,966.8485717773438,11.565000000000001
2024-12-09 22:09:57,23968.7529296875,230.03399169921877,0.874,-1.1999999999999957,4.002,-93.0,-3.019521474838257,965.353759765625,11.241100000000001
2024-12-09 21:09:57,23977.908203125,230.13794006347655,0.874,-1.1999999999999957,4.002,-93.0,-2.778989315032959,964.1141967773438,11.519900000000002
2024-12-09 20:09:57,23977.908203125,230.14715087890625,0.874,-1.1999999999999957,4.002,-93.0,-2.4172730445861816,963.193115234375,11.647
2024-12-09 19:09:57,23977.908203125,230.1593280029297,0.874,-1.1999999999999957,4.002,-93.0,-2.4945068359375,961.9754028320312,11.392800000000001
2024-12-09 18:09:57,23977.908203125,230.18022094726564,0.874,-1.25,4.002,-93.0,-2.6265599727630615,959.8861083984375,11.511700000000001
2024-12-09 17:09:57,23984.01171875,230.25033264160157,0.873,-1.1999999999999957,4.002,-93.0,-2.8522143363952637,958.9784545898438,11.4092
2024-12-09 16:09:57,23984.01171875,230.26213500976564,0.873,-1.1999999999999957,4.002,-93.0,-2.866887092590332,957.7982177734375,11.6224
2024-12-09 15:09:57,23977.908203125,230.2119061279297,0.872,-1.1999999999999957,4.002,-93.0,-2.512439012527466,956.7175903320312,11.5937
2024-12-09 14:09:58,23977.908203125,230.2245086669922,0.873,-1.25,4.005,-93.0,-2.380251407623291,955.4573364257812,11.5937
2024-12-09 13:09:58,23980.9599609375,230.26821533203128,0.873,-1.1999999999999957,4.002,-93.0,-2.147329092025757,954.138427734375,11.2903
2024-12-09 12:09:57,23987.0634765625,230.34232055664063,0.873,-1.1999999999999957,4.002,-93.0,-1.9791381359100342,952.8314208984375,11.683900000000001
2024-12-09 11:09:58,23999.2705078125,230.4794873046875,0.873,-1.1999999999999957,4.005,-93.0,-1.6104272603988647,951.32177734375,11.552700000000002
2024-12-09 10:09:58,23990.115234375,230.40155700683596,0.874,-1.1999999999999957,4.002,-93.0,-1.620275855064392,949.9595336914062,11.544500000000001
2024-12-09 09:09:57,23990.115234375,230.41576904296875,0.874,-1.1999999999999957,4.002,-93.0,-1.1743969917297363,948.538330078125,11.532200000000001
2024-12-09 08:09:58,23990.115234375,230.42873596191407,0.874,-1.1999999999999957,4.002,-93.0,-1.3151440620422363,947.2416381835938,11.499400000000001
2024-12-09 07:09:57,23993.1669921875,230.46363952636722,0.874,-1.1999999999999957,4.002,-93.0,-1.4004614353179932,946.8030395507812,11.6675
2024-12-09 06:09:57,23990.115234375,230.4381774902344,0.875,-1.1999999999999957,4.002,-93.0,-1.9163745641708374,946.2974853515625,11.5486
2024-12-09 05:09:58,23993.1669921875,230.46892944335937,0.875,-1.1999999999999957,4.002,-93.0,-2.461562395095825,946.2740478515625,11.6224
2024-12-09 04:09:57,23999.2705078125,230.52309631347657,0.876,-1.1999999999999957,4.002,-93.0,-3.550786018371582,946.9608764648438,11.8315
2024-12-09 03:09:57,23999.2705078125,230.5205816650391,0.876,-1.1999999999999957,4.002,-93.0,-3.8398168087005615,947.2123413085938,11.286200000000001
2024-12-09 02:09:57,24005.3740234375,230.5803649902344,0.876,-1.1999999999999957,4.005,-93.0,-3.5184521675109863,947.3375244140625,11.716700000000001
2024-12-09 01:09:57,24014.529296875,230.67044921875004,0.877,-1.1499999999999986,4.002,-93.0,-2.7084131240844727,947.484375,11.524000000000001
2024-12-09 00:09:57,24008.42578125,230.61699157714844,0.877,-1.1999999999999957,4.002,-93.0,-2.131093740463257,946.7266235351562,11.5609
2024-12-08 23:09:57,24017.5810546875,230.70333923339845,0.877,-1.1999999999999957,4.005,-93.0,-2.0383715629577637,947.2471313476562,11.5281
2024-12-08 22:09:57,24014.529296875,230.66578674316406,0.878,-1.1999999999999957,4.002,-93.0,-2.768120050430298,947.9506225585938,11.499400000000001
2024-12-08 21:09:57,24011.4775390625,230.6351416015625,0.878,-1.1999999999999957,4.002,-93.0,-2.1484155654907227,947.96337890625,11.401000000000002
2024-12-08 20:09:57,24017.5810546875,230.70009033203124,0.878,-1.1999999999999957,4.002,-93.0,-1.4327270984649658,947.572021484375,11.5732
2024-12-08 19:09:57,24020.6328125,230.72941894531252,0.878,-1.1999999999999957,4.002,-93.0,-1.636171817779541,947.69091796875,11.4707
2024-12-08 18:09:58,24020.6328125,230.73237548828126,0.878,-1.25,4.002,-93.0,-1.4574536085128784,947.395263671875,11.5281
2024-12-08 17:09:58,24023.6845703125,230.76659423828124,0.879,-1.1999999999999957,4.002,-93.0,-1.1762304306030273,947.025146484375,11.5486
2024-12-08 16:09:58,24026.736328125,230.79689270019531,0.879,-1.1999999999999957,4.002,-93.0,-0.6959814429283142,947.0470581054688,11.4543
2024-12-08 15:09:58,24029.7880859375,230.8303845214844,0.879,-1.25,4.002,-93.0,-0.677233874797821,946.7496337890625,11.7208
2024-12-08 14:09:58,24029.7880859375,230.83243103027343,0.88,-1.1999999999999957,4.002,-93.0,-0.38181519508361816,946.5449829101562,11.491200000000001
2024-12-08 13:09:58,24026.736328125,230.80609680175783,0.881,-1.1999999999999957,4.002,-93.0,-0.6581469774246216,946.1266479492188,11.6552
2024-12-08 12:09:58,24035.8916015625,230.89846740722658,0.881,-1.1999999999999957,4.002,-93.0,-0.44057250022888184,946.0448608398438,11.577300000000001
2024-12-08 11:09:58,24026.736328125,230.80175598144533,0.882,-1.1999999999999957,4.002,-93.0,-0.30600830912590027,946.5607299804688,11.4543
2024-12-08 10:09:58,24029.7880859375,230.83496765136718,0.882,-1.1999999999999957,4.002,-93.0,0.17607544362545013,946.2913208007812,11.532200000000001
2024-12-08 09:09:58,24029.7880859375,230.84423583984375,0.882,-1.1999999999999957,4.002,-93.0,0.07465942203998566,945.364501953125,11.606000000000002
2024-12-08 08:09:58,24026.736328125,230.82204223632814,0.882,-1.25,4.002,-93.0,0.10794433951377869,944.5321044921875,11.7208
2024-12-08 07:09:58,24026.736328125,230.82797912597655,0.882,-1.1999999999999957,4.005,-93.0,0.22539184987545013,943.9384155273438,11.5814
2024-12-08 06:09:58,24032.83984375,230.89962341308595,0.883,-1.1999999999999957,4.002,-94.0,0.05828857421875,942.8775024414062,11.6224
2024-12-08 05:09:58,24038.943359375,230.9639306640625,0.883,-1.1999999999999957,4.002,-93.0,0.21445555984973907,942.55029296875,11.487100000000002
2024-12-08 04:09:58,24038.943359375,230.9691900634766,0.884,-1.1999999999999957,4.002,-94.0,0.5792272686958313,942.0243530273438,11.6347
2024-12-08 03:09:58,24048.0986328125,231.06472839355467,0.884,-1.1999999999999957,4.002,-93.0,0.2591516077518463,941.6257934570312,11.7659
2024-12-08 02:09:58,24048.0986328125,231.07654479980468,0.885,-1.1999999999999957,4.002,-94.0,0.5587133765220642,940.4441528320312,11.360000000000001
2024-12-08 01:09:58,24048.0986328125,231.07623474121095,0.885,-1.1999999999999957,4.002,-94.0,0.660876452922821,940.4751586914062,11.5076
2024-12-08 00:09:58,24048.0986328125,231.07760498046875,0.886,-1.25,4.002,-94.0,0.993450939655304,940.338134765625,11.610100000000001
2024-12-07 23:09:59,24057.25390625,231.16829528808594,0.886,-1.1999999999999957,4.002,-94.0,1.1995446681976318,940.4243774414062,11.491200000000001
2024-12-07 22:09:59,24057.25390625,231.16592163085937,0.886,-1.1999999999999957,4.002,-93.0,1.2388745546340942,940.6617431640625,11.7003
2024-12-07 21:09:58,24060.3056640625,231.19379882812498,0.887,-1.25,4.002,-94.0,1.2916553020477295,940.92578125,11.729000000000001
2024-12-07 20:09:59,24063.357421875,231.22045837402342,0.887,-1.1999999999999957,4.005,-93.0,0.8533166646957397,941.3115844726562,11.610100000000001
2024-12-07 19:09:59,24060.3056640625,231.18919860839844,0.888,-1.25,4.002,-94.0,0.4943176209926605,941.3858032226562,11.724900000000002
2024-12-07 18:09:59,24057.25390625,231.16213439941407,0.888,-1.1999999999999957,4.002,-94.0,0.41056275367736816,941.0404663085938,11.565000000000001
2024-12-07 17:10:00,24066.4091796875,231.25491455078128,0.889,-1.1999999999999957,4.002,-94.0,0.16500365734100342,940.917724609375,11.458400000000001
2024-12-07 16:10:00,24060.3056640625,231.19580017089845,0.891,-1.1999999999999957,4.005,-94.0,0.005781250074505806,940.7256469726562,11.5896
2024-12-07 15:10:00,24060.3056640625,231.19812133789065,0.89,-1.1999999999999957,4.005,-94.0,0.011826171539723873,940.4935302734375,11.6593
2024-12-07 14:10:00,24066.4091796875,231.2682598876953,0.891,-1.1999999999999957,4.002,-94.0,0.5234582424163818,939.5831909179688,11.5691
2024-12-07 13:10:00,24066.4091796875,231.27260437011722,0.892,-1.25,4.005,-95.0,0.9268139600753784,939.1487426757812,11.7085
2024-12-07 12:10:00,24066.4091796875,231.28141662597656,0.893,-1.1999999999999957,4.005,-94.0,0.9390417337417603,938.2675170898438,11.524000000000001
2024-12-07 11:10:00,24066.4091796875,231.30555725097656,0.894,-1.1999999999999957,4.002,-94.0,0.05611572414636612,935.8534545898438,11.4748
2024-12-07 10:10:00,24075.564453125,231.3956591796875,0.895,-1.1999999999999957,4.002,-94.0,-0.2686474621295929,935.99853515625,11.3969
2024-12-07 09:10:00,24066.4091796875,231.29854797363282,0.895,-1.1999999999999957,4.002,-94.0,-0.9113818407058716,936.5543823242188,9.3961
2024-12-07 03:40:00,24093.875,231.42483032226565,0.901,-1.1999999999999957,4.002,-94.0,-8.327131271362305,951.3919677734375,8.928700000000001
2024-12-07 02:40:00,24093.875,231.40913879394532,0.902,-1.1999999999999957,4.002,-94.0,-7.937360763549805,952.9611206054688,9.564200000000001
2024-12-07 01:40:00,24099.978515625,231.4433221435547,0.904,-1.1999999999999957,4.002,-94.0,-8.689187049865723,955.6463012695312,9.6995
2024-12-07 00:40:00,24099.978515625,231.41094543457032,0.904,-1.25,4.002,-94.0,-9.882270812988281,958.8839721679688,9.8225
2024-12-06 23:40:01,24103.0302734375,231.4247448730469,0.906,-1.1999999999999957,4.002,-94.0,-10.579482078552246,960.5557861328125,10.093100000000002
2024-12-06 22:40:01,24106.08203125,231.4330047607422,0.907,-1.1999999999999957,4.002,-94.0,-11.504863739013672,962.7815551757812,10.084900000000001
2024-12-06 21:40:01,24106.08203125,231.41234130859374,0.908,-1.1999999999999957,4.005,-94.0,-12.102764129638672,964.847900390625,10.5359
2024-12-06 20:40:01,24112.185546875,231.46169372558597,0.909,-1.1999999999999957,4.002,-94.0,-11.993874549865723,966.0161743164062,10.7409
2024-12-06 19:40:01,24109.1337890625,231.4362420654297,0.91,-1.25,4.005,-94.0,-11.841242790222168,965.5095825195312,11.089400000000001
2024-12-06 18:40:01,24109.1337890625,231.42728149414063,0.911,-1.25,4.002,-94.0,-11.640039443969727,966.4056396484375,9.2321
2024-12-06 17:40:01,24115.2373046875,231.48231506347656,0.912,-1.1999999999999957,4.002,-94.0,-11.210124969482422,967.0057983398438,8.7688
2024-12-06 16:40:01,24115.2373046875,231.47980041503905,0.913,-1.25,4.002,-94.0,-11.049951553344727,967.2572631835938,9.0517
2024-12-06 15:40:00,24115.2373046875,231.47505432128906,0.914,-1.1999999999999957,4.002,-95.0,-11.967995643615723,967.7318725585938,14.5949
2024-12-06 14:40:01,24115.2373046875,231.46157287597657,0.915,-1.1999999999999957,4.002,-94.0,-14.042036056518555,969.0800170898438,8.9082
2024-12-06 13:40:01,24124.392578125,231.55645751953128,0.915,-1.1999999999999957,4.002,-94.0,-14.403071403503418,968.746826171875,11.8397
2024-12-06 12:40:01,24124.392578125,231.55613220214846,0.916,-1.1999999999999957,4.002,-94.0,-14.861515998840332,968.7793579101562,13.0533
2024-12-06 11:40:01,24118.2890625,231.49790100097658,0.917,-1.1999999999999957,4.002,-94.0,-14.821440696716309,968.4989624023438,12.028300000000002
2024-12-06 10:40:01,24124.392578125,231.5589196777344,0.917,-1.1999999999999957,4.002,-94.0,-14.983244895935059,968.5006103515625,12.5326
2024-12-06 09:40:01,24124.392578125,231.56197875976562,0.916,-1.1999999999999957,4.002,-95.0,-15.08248519897461,968.1947021484375,11.3846
2024-12-06 08:40:01,24121.3408203125,231.5394659423828,0.917,-1.25,4.002,-94.0,-14.899555206298828,967.3942260742188,13.3977
2024-12-06 07:40:02,24115.2373046875,231.48320556640627,0.916,-1.25,4.002,-94.0,-14.605360984802246,966.916748046875,12.831900000000001
2024-12-06 06:40:02,24124.392578125,231.58302001953126,0.916,-1.25,4.005,-94.0,-14.238957405090332,966.090576171875,13.692900000000002
2024-12-06 05:40:01,24124.392578125,231.5935186767578,0.915,-1.1999999999999957,4.005,-94.0,-13.581076622009277,965.0407104492188,12.323500000000001
2024-12-06 04:40:01,24127.4443359375,231.6295037841797,0.915,-1.1999999999999957,4.002,-91.0,-13.267045974731445,964.4939575195312,11.847900000000001
2024-12-06 03:40:01,24124.392578125,231.60320861816405,0.914,-1.1999999999999957,4.002,-94.0,-12.888620376586914,964.0717163085938,11.5404
2024-12-06 02:40:01,24121.3408203125,231.5772314453125,0.914,-1.1999999999999957,4.002,-95.0,-13.048320770263672,963.61767578125,12.171800000000001
2024-12-06 01:40:01,24124.392578125,231.60770385742188,0.913,-1.1999999999999957,4.005,-95.0,-13.547724723815918,963.6221923828125,12.020100000000001
2024-12-06 00:40:02,24118.2890625,231.54705322265627,0.912,-1.25,4.005,-95.0,-13.745597839355469,963.583740234375,11.5732
2024-12-05 23:40:02,24121.3408203125,231.58089416503907,0.912,-1.1999999999999957,4.002,-95.0,-14.146576881408691,963.2514038085938,11.249300000000002
2024-12-05 22:40:02,24118.2890625,231.5528991699219,0.91,-1.1999999999999957,4.005,-95.0,-14.370397567749023,962.9991455078125,11.4707
2024-12-05 21:40:02,24127.4443359375,231.648876953125,0.909,-1.25,4.002,-95.0,-13.89843463897705,962.556640625,11.478900000000001
2024-12-05 20:40:02,24127.4443359375,231.65349731445315,0.907,-1.25,4.002,-95.0,-14.04400634765625,962.0946044921875,11.552700000000002
2024-12-05 19:40:02,24124.392578125,231.63232055664065,0.906,-1.25,4.002,-95.0,-12.900781631469727,961.1605224609375,11.6224
2024-12-05 18:40:01,24121.3408203125,231.60135498046878,0.905,-1.25,4.002,-93.0,-13.75110149383545,961.205322265625,11.6142
2024-12-05 17:40:01,24118.2890625,231.57596191406247,0.903,-1.25,4.002,-95.0,-13.935524940490723,960.69287109375,12.057
2024-12-05 16:40:02,24124.392578125,231.6497235107422,0.902,-1.1999999999999957,4.002,-95.0,-12.3670015335083,959.4202270507812,11.987300000000001
2024-12-05 15:40:02,24124.392578125,231.66526306152346,0.898,-1.25,4.002,-94.0,-9.844230651855469,957.8662719726562,11.208300000000001
2024-12-05 14:40:02,24124.392578125,231.67047912597656,0.897,-1.25,4.002,-95.0,-9.353791236877441,957.3446655273438,11.954500000000001
2024-12-05 13:40:02,24130.49609375,231.734140625,0.894,-1.1999999999999957,4.002,-95.0,-8.989768028259277,957.08203125,11.6552
2024-12-05 12:40:02,24127.4443359375,231.7042791748047,0.893,-1.1999999999999957,4.002,-95.0,-9.077528953552246,957.0164184570312,11.7454
2024-12-05 11:40:02,24130.49609375,231.73628417968752,0.891,-1.1999999999999957,4.002,-95.0,-9.075425148010254,956.86767578125,11.413300000000001
2024-12-05 10:40:02,24139.6513671875,231.83116455078124,0.89,-1.1999999999999957,4.002,-95.0,-9.23254108428955,956.534912109375,11.815100000000001
2024-12-05 09:40:02,24142.703125,231.86904541015625,0.888,-1.1999999999999957,4.002,-95.0,-9.487473487854004,955.798583984375,11.7085
2024-12-05 08:40:02,24139.6513671875,231.8407550048828,0.886,-1.1999999999999957,4.002,-95.0,-9.681950569152832,955.5758666992188,11.6347
2024-12-05 07:40:03,24142.703125,231.87273925781253,0.886,-1.1999999999999957,4.002,-95.0,-10.1420259475708,955.42919921875,11.003300000000001
2024-12-05 06:40:03,24142.703125,231.87597595214842,0.885,-1.25,4.005,-95.0,-10.776201248168945,955.1055297851562,12.159500000000001
2024-12-05 05:40:03,24145.7548828125,231.90635009765626,0.884,-1.25,4.005,-95.0,-11.894767761230469,955.119873046875,11.638800000000002
2024-12-05 04:40:03,24148.806640625,231.93967651367188,0.883,-1.1999999999999957,4.002,-95.0,-11.819165229797363,954.8389892578125,12.0898
2024-12-05 03:40:03,24154.91015625,232.00607238769533,0.883,-1.1999999999999957,4.005,-95.0,-11.640922546386719,954.3029174804688,11.7413
2024-12-05 02:40:02,24154.91015625,232.01082885742187,0.883,-1.1999999999999957,4.002,-95.0,-11.061972618103027,953.8272705078125,13.943000000000001
2024-12-05 01:40:02,24154.91015625,232.01932250976563,0.883,-1.1999999999999957,4.002,-95.0,-10.62682819366455,952.9779052734375,13.865100000000002
2024-12-05 00:40:02,24164.0654296875,232.11270996093754,0.883,-1.0999999999999943,4.002,-95.0,-10.576086044311523,952.79443359375,10.474400000000001
2024-12-04 23:40:02,24157.9619140625,232.05366943359377,0.883,-1.25,4.002,-95.0,-10.689661026000977,952.594970703125,12.237400000000001
2024-12-04 22:40:03,24154.91015625,232.03104248046878,0.883,-1.1999999999999957,4.002,-94.0,-10.223608016967773,951.805908203125,9.3428
2024-12-04 21:40:03,24148.806640625,231.97270935058594,0.884,-1.1999999999999957,4.002,-95.0,-10.054944038391113,951.5357055664062,11.1796
2024-12-04 20:40:03,24148.806640625,231.97907592773436,0.884,-1.1999999999999957,4.002,-95.0,-9.903735160827637,950.8990478515625,13.3239
2024-12-04 19:40:03,24148.806640625,231.98113830566405,0.884,-1.1999999999999957,4.002,-95.0,-9.971120834350586,950.6928100585938,14.1439
2024-12-04 18:40:03,24151.8583984375,232.0169482421875,0.885,-1.25,4.002,-95.0,-9.996049880981445,950.16357421875,10.0603
2024-12-04 17:40:03,24151.8583984375,232.018662109375,0.885,-1.1999999999999957,4.002,-95.0,-9.662253379821777,949.9921875,14.1111
2024-12-04 16:40:03,24148.806640625,231.99768615722658,0.885,-1.25,4.002,-95.0,-9.482041358947754,949.0380249023438,12.8155
2024-12-04 15:40:03,24145.7548828125,231.97153625488284,0.885,-1.1999999999999957,4.002,-95.0,-9.33816909790039,948.6012573242188,11.9176
2024-12-04 14:40:03,24148.806640625,232.00005126953127,0.885,-1.25,4.005,-95.0,-9.326960563659668,948.801513671875,9.736400000000001
2024-12-04 13:40:03,24148.806640625,232.00284912109373,0.885,-1.1999999999999957,4.002,-95.0,-9.344079971313477,948.521728515625,12.1636
2024-12-04 12:40:04,24154.91015625,232.0653680419922,0.885,-1.1999999999999957,4.005,-95.0,-8.9961519241333,948.3733520507812,10.4047
2024-12-04 11:40:04,24154.91015625,232.06951416015627,0.886,-1.1999999999999957,4.005,-95.0,-8.819404602050781,947.958740234375,9.0066
2024-12-04 10:40:04,24154.91015625,232.0678601074219,0.886,-1.1999999999999957,4.002,-95.0,-9.027670860290527,948.1241455078125,13.7216
2024-12-04 09:40:03,24154.91015625,232.0706103515625,0.887,-1.1999999999999957,4.005,-95.0,-9.687114715576172,947.84912109375,12.6597
2024-12-04 08:40:03,24154.91015625,232.0665124511719,0.887,-1.1999999999999957,4.002,-95.0,-10.181899070739746,948.2589111328125,11.8643
2024-12-04 07:40:03,24151.8583984375,232.0387615966797,0.889,-1.1999999999999957,4.002,-95.0,-10.537773132324219,947.9822387695312,12.700700000000001
2024-12-04 06:40:03,24145.7548828125,231.98551513671876,0.889,-1.1999999999999957,4.002,-95.0,-9.602407455444336,947.203369140625,12.8114
2024-12-04 05:40:03,24148.806640625,232.02035461425783,0.888,-1.1999999999999957,4.002,-95.0,-8.510263442993164,946.7711791992188,14.1439
2024-12-04 04:40:03,24148.806640625,232.02330688476565,0.889,-1.25,4.005,-95.0,-8.601967811584473,946.4759521484375,11.6224
2024-12-04 03:40:03,24148.806640625,232.02219665527343,0.889,-1.1999999999999957,4.002,-95.0,-8.784760475158691,946.5869750976562,11.196000000000002
2024-12-04 02:40:03,24154.91015625,232.08166625976563,0.889,-1.25,4.005,-96.0,-8.96816635131836,946.7435302734375,12.352200000000002
2024-12-04 01:40:04,24154.91015625,232.07962829589846,0.89,-1.1999999999999957,4.002,-95.0,-9.410173416137695,946.9473266601562,10.5646
2024-12-04 00:40:04,24161.013671875,232.14144897460938,0.89,-1.1999999999999957,4.002,-95.0,-9.866511344909668,946.8687744140625,8.9246
2024-12-03 23:40:04,24154.91015625,232.08011657714846,0.891,-1.1999999999999957,4.002,-95.0,-10.191884994506836,946.8984985351562,9.088600000000001
2024-12-03 22:40:04,24154.91015625,232.0787548828125,0.891,-1.25,4.002,-95.0,-10.290246963500977,947.03466796875,11.2124
2024-12-03 21:40:04,24161.013671875,232.14144775390625,0.892,-1.1999999999999957,4.005,-95.0,-10.095632553100586,946.868896484375,9.5519
2024-12-03 20:40:04,24167.1171875,232.20537658691404,0.892,-1.1999999999999957,4.005,-95.0,-9.933828353881836,946.5795288085938,11.1386
2024-12-03 19:40:04,24164.0654296875,232.1764471435547,0.892,-1.1999999999999957,4.005,-95.0,-10.1390380859375,946.4207153320312,9.4412
2024-12-03 18:40:04,24164.0654296875,232.17605407714845,0.892,-1.1999999999999957,4.005,-96.0,-10.122123718261719,946.4600219726562,11.2985
2024-12-03 17:40:04,24167.1171875,232.21260253906252,0.892,-1.25,4.002,-95.0,-10.297039031982422,945.85693359375,11.073
2024-12-03 16:40:05,24170.1689453125,232.24196289062502,0.892,-1.1999999999999957,4.002,-95.0,-11.097702980041504,945.97265625,10.507200000000001
2024-12-03 15:40:04,24170.1689453125,232.24425903320312,0.892,-1.1999999999999957,4.005,-95.0,-10.481054306030273,945.7430419921875,11.638800000000002
2024-12-03 14:40:04,24173.220703125,232.28143615722658,0.892,-1.1999999999999957,4.002,-94.0,-9.606618881225586,945.0770874023438,10.1669
2024-12-03 13:40:04,24170.1689453125,232.25747070312502,0.893,-1.25,4.002,-95.0,-7.985724925994873,944.421875,13.270600000000002
2024-12-03 12:40:04,24173.220703125,232.29164855957032,0.893,-1.25,4.002,-95.0,-7.400390625,944.0558471679688,12.557200000000002
2024-12-03 11:40:04,24179.32421875,232.35351623535155,0.893,-1.1999999999999957,4.002,-95.0,-6.167705059051514,943.9725952148438,12.1226
2024-12-03 10:40:04,24176.2724609375,232.33296508789064,0.894,-1.25,4.005,-95.0,-4.405656814575195,942.9759521484375,9.141900000000001
2024-12-03 09:40:04,24182.3759765625,232.39212829589846,0.894,-1.1999999999999957,4.005,-96.0,-4.556523323059082,943.1631469726562,13.451
2024-12-03 08:40:04,24185.427734375,232.41147338867188,0.894,-1.1999999999999957,4.002,-96.0,-4.9712233543396,944.2803955078125,10.0111
2024-12-03 07:40:04,24191.53125,232.46908935546878,0.894,-1.25,4.002,-95.0,-5.368059158325195,944.622314453125,9.6052
2024-12-03 06:40:04,24191.53125,232.47014465332032,0.894,-1.1999999999999957,4.002,-95.0,-4.740134239196777,944.5167846679688,9.174700000000001
2024-12-03 05:40:04,24182.3759765625,232.377333984375,0.895,-1.25,4.002,-95.0,-4.19134521484375,944.642578125,14.127500000000001
2024-12-03 04:40:04,24185.427734375,232.41152099609377,0.896,-1.1999999999999957,4.002,-96.0,-2.912534236907959,944.275634765625,13.729800000000001
2024-12-03 03:40:04,24188.4794921875,232.44096679687502,0.897,-1.1999999999999957,4.002,-95.0,-2.060175895690918,944.3828125,13.832300000000002
2024-12-03 02:40:04,24188.4794921875,232.43776611328127,0.897,-1.1999999999999957,4.002,-95.0,-2.073422908782959,944.702880859375,11.7126
2024-12-03 01:40:04,24191.53125,232.46036743164063,0.898,-1.1999999999999957,4.005,-95.0,-2.656174421310425,945.4945068359375,11.524000000000001
2024-12-03 00:10:05,24194.5830078125,232.4824865722656,0.898,-1.1999999999999957,4.002,-95.0,-3.8909668922424316,946.3343505859375,11.5814
2024-12-02 23:10:05,24200.6865234375,232.54173034667969,0.899,-1.1999999999999957,4.002,-95.0,-3.7248852252960205,946.5134887695312,11.638800000000002
2024-12-02 22:10:05,24194.5830078125,232.46990173339844,0.9,-1.25,4.002,-96.0,-5.402768611907959,947.5928344726562,11.868400000000001
2024-12-02 21:10:05,24194.5830078125,232.4546002197266,0.9,-1.25,4.002,-95.0,-9.081538200378418,949.1229858398438,11.815100000000001
2024-12-02 20:10:05,24194.5830078125,232.4574597167969,0.9,-1.1999999999999957,4.002,-95.0,-8.621257781982422,948.8370361328125,11.671600000000002
2024-12-02 19:10:05,24197.634765625,232.49058532714844,0.901,-1.1999999999999957,4.002,-95.0,-7.908151626586914,948.5762329101562,11.729000000000001
2024-12-02 18:10:05,24200.6865234375,232.52129821777345,0.902,-1.25,4.005,-95.0,-7.915012359619141,948.5567016601562,11.835600000000001
2024-12-02 17:10:05,24200.6865234375,232.52313232421875,0.904,-1.1999999999999957,4.005,-95.0,-8.074506759643555,948.373291015625,11.847900000000001
2024-12-02 16:10:05,24200.6865234375,232.51997314453124,0.905,-1.1999999999999957,4.002,-95.0,-8.198271751403809,948.689208984375,11.3764
2024-12-02 15:10:05,24206.7900390625,232.57930175781252,0.906,-1.1999999999999957,4.005,-95.0,-8.55469036102295,948.85986328125,11.368200000000002
2024-12-02 14:10:05,24206.7900390625,232.574462890625,0.907,-1.1999999999999957,4.005,-95.0,-9.216645240783691,949.34375,11.585500000000001
2024-12-02 13:10:06,24206.7900390625,232.56966979980467,0.907,-1.1999999999999957,4.005,-96.0,-9.805241584777832,949.8230590820312,12.1554
2024-12-02 12:10:06,24212.8935546875,232.62571533203126,0.909,-1.1999999999999957,4.002,-96.0,-10.232575416564941,950.322021484375,11.368200000000002
2024-12-02 11:10:06,24212.8935546875,232.627626953125,0.909,-1.1999999999999957,4.005,-95.0,-10.310895919799805,950.130859375,11.6265
2024-12-02 10:10:06,24222.048828125,232.7157568359375,0.909,-1.1999999999999957,4.002,-95.0,-10.216815948486328,950.47314453125,11.823300000000001
2024-12-02 09:10:05,24212.8935546875,232.61756225585938,0.911,-1.1999999999999957,4.005,-95.0,-10.269392013549805,951.1373291015625,12.1841
2024-12-02 08:10:05,24215.9453125,232.64499389648438,0.911,-1.1999999999999957,4.005,-95.0,-10.393630027770996,951.4459228515625,11.253400000000001
2024-12-02 07:10:05,24215.9453125,232.64079528808594,0.91,-1.1499999999999986,4.002,-95.0,-10.64068603515625,951.8657836914062,11.4502
2024-12-02 06:10:05,24218.9970703125,232.6741278076172,0.912,-1.1499999999999986,4.002,-95.0,-10.769135475158691,951.5842895507812,11.909400000000002
2024-12-02 05:10:05,24218.9970703125,232.6751239013672,0.912,-1.1999999999999957,4.002,-95.0,-10.814309120178223,951.4846801757812,11.782300000000001
2024-12-02 04:10:06,24218.9970703125,232.66710998535157,0.913,-1.1999999999999957,4.005,-96.0,-10.9414701461792,952.2860717773438,12.2169
2024-12-02 03:10:06,24218.9970703125,232.65791748046877,0.913,-1.1999999999999957,4.002,-96.0,-11.130173683166504,953.205322265625,11.9053
2024-12-02 02:10:06,24215.9453125,232.61425720214845,0.914,-1.1999999999999957,4.005,-95.0,-11.403039932250977,954.5195922851562,11.790500000000002
2024-12-02 01:10:06,24222.048828125,232.66849304199218,0.914,-1.1999999999999957,4.002,-96.0,-11.609199523925781,955.1995239257812,12.450600000000001
2024-12-02 00:10:06,24231.2041015625,232.7495751953125,0.914,-1.0999999999999943,4.002,-96.0,-11.626928329467773,956.24658203125,9.802000000000001
2024-12-01 23:10:06,24228.15234375,232.71218017578124,0.916,-1.25,4.002,-96.0,-11.555129051208496,956.934326171875,10.909
2024-12-01 22:10:06,24228.15234375,232.69794006347655,0.917,-1.25,4.005,-95.0,-12.23923110961914,958.3583374023438,12.0898
2024-12-01 21:10:06,24234.255859375,232.75633056640626,0.917,-1.1999999999999957,4.005,-95.0,-11.960796356201172,958.622802734375,11.3846
2024-12-01 20:10:06,24228.15234375,232.69387573242187,0.918,-1.1999999999999957,4.005,-95.0,-11.594391822814941,958.7647705078125,9.4535
2024-12-01 19:10:06,24228.15234375,232.68885375976564,0.919,-1.1499999999999986,4.005,-96.0,-11.834380149841309,959.2669677734375,11.9914
2024-12-01 18:10:06,24234.255859375,232.7378088378906,0.919,-1.1999999999999957,4.002,-96.0,-11.64520263671875,960.4749755859375,12.9221
2024-12-01 17:10:06,24231.2041015625,232.70521728515627,0.919,-1.1999999999999957,4.005,-95.0,-11.396653175354004,960.682373046875,9.064
2024-12-01 16:10:06,24234.255859375,232.72980407714843,0.922,-1.1999999999999957,4.005,-95.0,-11.033239364624023,961.2754516601562,11.3026
2024-12-01 15:10:06,24240.359375,232.78275878906248,0.921,-1.1999999999999957,4.005,-95.0,-10.395058631896973,962.08349609375,9.100900000000001
2024-12-01 14:10:06,24231.2041015625,232.68287780761722,0.922,-1.25,4.005,-96.0,-10.717986106872559,962.9163208007812,11.638800000000002
2024-12-01 13:10:06,24231.2041015625,232.67663940429688,0.922,-1.25,4.005,-95.0,-11.087785720825195,963.5401611328125,9.1911
2024-12-01 12:10:06,24231.2041015625,232.66332458496095,0.923,-1.1999999999999957,4.002,-95.0,-11.186960220336914,964.8716430664062,12.7499
2024-12-01 11:10:06,24234.255859375,232.69476318359378,0.923,-1.1999999999999957,4.002,-95.0,-10.763703346252441,964.779541015625,12.9098
2024-12-01 10:10:07,24231.2041015625,232.66257385253908,0.924,-1.25,4.005,-95.0,-11.036704063415527,964.9467163085938,14.287400000000002
2024-12-01 09:10:07,24234.255859375,232.68470886230472,0.924,-1.1999999999999957,4.002,-95.0,-10.296154975891113,965.7849731445312,11.962700000000002
2024-12-01 08:10:07,24243.4111328125,232.77218566894533,0.926,-1.1999999999999957,4.005,-96.0,-10.16553020477295,966.1925659179688,12.159500000000001
2024-12-01 07:10:07,24237.3076171875,232.70493225097655,0.926,-1.1999999999999957,4.005,-95.0,-10.386906623840332,966.8143920898438,9.9824
2024-12-01 06:10:07,24243.4111328125,232.76089355468753,0.926,-1.1999999999999957,4.002,-95.0,-10.349682807922363,967.32177734375,14.127500000000001
2024-12-01 05:10:07,24237.3076171875,232.69467163085938,0.927,-1.25,4.005,-95.0,-10.752494812011719,967.8404541015625,10.5974
2024-12-01 04:10:06,24243.4111328125,232.74609741210938,0.928,-1.1999999999999957,4.005,-96.0,-11.847829818725586,968.8013916015625,11.995500000000002
2024-12-01 03:10:06,24243.4111328125,232.72464233398438,0.927,-1.1999999999999957,4.005,-95.0,-13.388092994689941,970.9468994140625,12.450600000000001
2024-12-01 02:10:06,24246.462890625,232.74812744140627,0.929,-1.25,4.002,-95.0,-13.97030258178711,971.650146484375,13.241900000000001
2024-12-01 01:10:06,24249.5146484375,232.77244201660156,0.929,-1.1999999999999957,4.005,-95.0,-14.393085479736328,972.2704467773438,12.0037
2024-12-01 00:10:07,24249.5146484375,232.7656903076172,0.93,-1.25,4.005,-92.0,-14.851057052612305,972.9456176757812,14.168500000000002
2024-11-30 23:10:07,24255.6181640625,232.82474243164063,0.93,-1.1499999999999986,4.002,-95.0,-14.993976593017578,973.1439208984375,11.9053
2024-11-30 22:10:07,24249.5146484375,232.7692791748047,0.93,-1.1999999999999957,4.005,-95.0,-14.369379997253418,972.5867309570312,12.708900000000002
2024-11-30 21:10:07,24252.56640625,232.79053100585938,0.931,-1.1999999999999957,4.005,-96.0,-14.293845176696777,973.5133056640625,9.4945
2024-11-30 20:10:07,24252.56640625,232.7909149169922,0.931,-1.1999999999999957,4.002,-95.0,-13.806870460510254,973.4749145507812,9.843
2024-11-30 19:10:07,24252.56640625,232.79553527832033,0.932,-1.1999999999999957,4.002,-95.0,-13.419477462768555,973.0128784179688,14.0578
2024-11-30 18:10:08,24252.56640625,232.7972821044922,0.933,-1.1999999999999957,4.002,-95.0,-13.4515380859375,972.8381958007812,13.455100000000002
2024-11-30 17:10:07,24258.669921875,232.86290771484374,0.933,-1.1999999999999957,4.005,-95.0,-12.770834922790527,972.379150390625,10.950000000000001
2024-11-30 16:10:07,24255.6181640625,232.83138488769532,0.934,-1.1999999999999957,4.005,-95.0,-12.231284141540527,972.4796752929688,13.2255
2024-11-30 15:10:07,24258.669921875,232.86369079589844,0.935,-1.1999999999999957,4.005,-95.0,-11.872148513793945,972.3008422851562,9.166500000000001
2024-11-30 14:10:07,24261.7216796875,232.90001892089845,0.935,-1.1999999999999957,4.005,-95.0,-10.4103422164917,971.7197875976562,9.4166
2024-11-30 13:10:07,24267.8251953125,232.96226196289064,0.935,-1.1999999999999957,4.005,-95.0,-10.0530424118042,971.5989990234375,11.5609
2024-11-30 12:10:07,24270.876953125,232.99718383789065,0.937,-1.1999999999999957,4.005,-95.0,-9.955430030822754,971.1585693359375,9.8184
2024-11-30 11:10:07,24264.7734375,232.93240783691405,0.937,-1.1999999999999957,4.005,-96.0,-9.449501991271973,971.5326538085938,9.2977
2024-11-30 10:10:07,24264.7734375,232.93235107421876,0.937,-1.25,4.005,-96.0,-9.186147689819336,971.538330078125,12.918000000000001
2024-11-30 09:10:08,24261.7216796875,232.90434020996094,0.938,-1.25,4.005,-95.0,-8.34268569946289,971.2876586914062,11.3518
2024-11-30 08:10:08,24264.7734375,232.93473022460938,0.939,-1.1999999999999957,4.005,-95.0,-8.179523468017578,971.3004150390625,12.311200000000001
2024-11-30 07:10:08,24264.7734375,232.93570373535158,0.939,-1.1999999999999957,4.002,-96.0,-7.958962440490723,971.2030639648438,14.234100000000002
2024-11-30 06:10:08,24258.669921875,232.87287719726564,0.939,-1.1999999999999957,4.005,-96.0,-7.816176891326904,971.3822021484375,13.0738
2024-11-30 05:10:08,24255.6181640625,232.8430322265625,0.941,-1.25,4.005,-95.0,-7.832072734832764,971.31494140625,13.098400000000002
2024-11-30 04:10:08,24252.56640625,232.81195007324217,0.942,-1.25,4.002,-95.0,-7.916574478149414,971.3713989257812,9.121400000000001
2024-11-30 03:10:08,24261.7216796875,232.9017236328125,0.942,-1.25,4.002,-96.0,-8.113090515136719,971.54931640625,13.988100000000001
2024-11-30 02:10:08,24258.669921875,232.86465087890628,0.942,-1.25,4.005,-95.0,-8.697880744934082,972.204833984375,13.848700000000001
2024-11-30 01:10:08,24258.669921875,232.85677368164062,0.943,-1.1999999999999957,4.005,-96.0,-9.95862102508545,972.9925537109375,13.861
2024-11-30 00:10:08,24258.669921875,232.85032836914064,0.943,-1.1999999999999957,4.005,-96.0,-11.287426948547363,973.6370849609375,9.1706
2024-11-29 23:10:07,24255.6181640625,232.81793090820312,0.943,-1.1999999999999957,4.002,-92.0,-11.908422470092773,973.8250732421875,11.8069
2024-11-29 22:10:08,24261.7216796875,232.87558959960938,0.945,-1.25,4.005,-95.0,-12.038910865783691,974.1627197265625,11.7536
2024-11-29 21:10:08,24264.7734375,232.91124450683594,0.945,-1.1999999999999957,4.005,-95.0,-10.943168640136719,973.6489868164062,12.2743
2024-11-29 20:10:08,24264.7734375,232.91405395507812,0.945,-1.1999999999999957,4.002,-95.0,-10.562908172607422,973.3680419921875,12.303
2024-11-29 19:10:08,24264.7734375,232.9125494384766,0.946,-1.1499999999999986,4.005,-96.0,-10.672815322875977,973.5184936523438,11.999600000000001
2024-11-29 18:10:08,24264.7734375,232.91154907226564,0.946,-1.1999999999999957,4.005,-95.0,-11.107961654663086,973.6185302734375,12.0775
2024-11-29 17:10:08,24261.7216796875,232.88505981445311,0.946,-1.1999999999999957,4.002,-96.0,-9.859990119934082,973.2156982421875,11.8274
2024-11-29 16:10:08,24261.7216796875,232.8885308837891,0.947,-1.1999999999999957,4.005,-95.0,-9.378586769104004,972.8685913085938,11.8602
2024-11-29 15:10:08,24258.669921875,232.86207824707031,0.948,-1.1999999999999957,4.005,-96.0,-8.261513710021973,972.4620971679688,12.2087
2024-11-29 14:10:08,24258.669921875,232.85886535644534,0.949,-1.1999999999999957,4.005,-96.0,-8.235971450805664,972.7833862304688,11.3231
2024-11-29 13:10:09,24258.669921875,232.85175537109376,0.949,-1.1999999999999957,4.002,-95.0,-9.040373802185059,973.494384765625,12.052900000000001
2024-11-29 12:10:09,24252.56640625,232.7936444091797,0.95,-1.1999999999999957,4.005,-95.0,-8.342754364013672,973.2019653320312,11.597800000000001
2024-11-29 11:10:09,24252.56640625,232.7949078369141,0.95,-1.1999999999999957,4.005,-96.0,-7.807959079742432,973.0756225585938,11.7331
2024-11-29 10:10:09,24261.7216796875,232.8841094970703,0.95,-1.1999999999999957,4.002,-95.0,-8.130073547363281,973.3107299804688,11.9258
2024-11-29 09:10:09,24252.56640625,232.77990539550783,0.951,-1.1999999999999957,4.005,-95.0,-9.954751014709473,974.5758666992188,11.630600000000001
2024-11-29 08:10:09,24255.6181640625,232.80089904785157,0.951,-1.1999999999999957,4.005,-95.0,-11.169299125671387,975.5282592773438,12.007800000000001
2024-11-29 07:10:09,24252.56640625,232.76576660156252,0.952,-1.1999999999999957,4.005,-96.0,-11.682563781738281,975.98974609375,11.8192
2024-11-29 06:10:08,24255.6181640625,232.80301513671876,0.952,-1.1999999999999957,4.005,-95.0,-10.471205711364746,975.316650390625,12.040600000000001
2024-11-29 05:10:08,24261.7216796875,232.86673583984373,0.952,-1.1999999999999957,4.005,-96.0,-9.902240753173828,975.048095703125,11.647
2024-11-29 04:10:08,24261.7216796875,232.86425903320315,0.953,-1.1999999999999957,4.005,-95.0,-10.176125526428223,975.2957763671875,11.663400000000001
2024-11-29 03:10:09,24258.669921875,232.83440185546877,0.952,-1.1999999999999957,4.005,-96.0,-9.671491622924805,975.229736328125,11.9709
2024-11-29 02:10:09,24255.6181640625,232.80187561035154,0.953,-1.1999999999999957,4.005,-96.0,-9.76224136352539,975.4306030273438,12.2825
2024-11-29 01:10:09,24258.669921875,232.82440612792968,0.954,-1.1999999999999957,4.005,-95.0,-10.494028091430664,976.2293090820312,12.098
2024-11-29 00:10:09,24261.7216796875,232.8511669921875,0.954,-1.1999999999999957,4.002,-96.0,-10.866137504577637,976.60498046875,11.4174
2024-11-28 23:10:09,24264.7734375,232.87829223632812,0.954,-1.1499999999999986,4.002,-96.0,-11.210463523864746,976.9442138671875,11.114
2024-11-28 22:10:09,24261.7216796875,232.84732849121096,0.954,-1.1999999999999957,4.005,-95.0,-11.058576583862305,976.9888305664062,9.305900000000001
2024-11-28 21:10:09,24261.7216796875,232.8512481689453,0.954,-1.1999999999999957,4.002,-96.0,-11.142197608947754,976.5968627929688,10.7901
2024-11-28 20:10:09,24264.7734375,232.88477966308594,0.955,-1.1999999999999957,4.005,-95.0,-11.169096946716309,976.2954711914062,11.483
2024-11-28 19:10:09,24261.7216796875,232.8533270263672,0.955,-1.1999999999999957,4.005,-95.0,-11.348154067993164,976.3889770507812,9.1501
2024-11-28 18:10:10,24270.876953125,232.9488049316406,0.955,-1.1999999999999957,4.005,-96.0,-11.076645851135254,975.9964599609375,14.082400000000002
2024-11-28 17:10:10,24270.876953125,232.95322631835938,0.957,-1.25,4.002,-95.0,-10.966604232788086,975.5543212890625,14.2423
2024-11-28 16:10:10,24273.9287109375,232.98192199707032,0.956,-1.1999999999999957,4.005,-96.0,-11.207544326782227,975.7365112304688,9.834800000000001
2024-11-28 14:10:09,24261.7216796875,232.85698852539065,0.957,-1.25,4.005,-96.0,-11.556488990783691,976.0228271484375,9.4945
2024-11-28 13:10:09,24270.876953125,232.9456884765625,0.958,-1.1999999999999957,4.005,-96.0,-11.521777153015137,976.30810546875,14.307900000000002
2024-11-28 12:10:09,24267.8251953125,232.91754150390628,0.959,-1.1999999999999957,4.002,-96.0,-12.163830757141113,976.071044921875,11.101700000000001
2024-11-28 11:10:09,24264.7734375,232.89075073242188,0.959,-1.1999999999999957,4.005,-95.0,-11.756535530090332,975.6983642578125,14.0045
2024-11-28 10:10:09,24261.7216796875,232.86640441894534,0.959,-1.25,4.005,-96.0,-11.333549499511719,975.0812377929688,14.1972
2024-11-28 09:10:10,24267.8251953125,232.93222595214843,0.959,-1.1999999999999957,4.008,-95.0,-11.27465534210205,974.6026000976562,9.4084
2024-11-28 08:10:10,24264.7734375,232.9034204101563,0.959,-1.1999999999999957,4.005,-96.0,-11.687385559082031,974.431396484375,11.0525
2024-11-28 07:10:10,24264.7734375,232.9012322998047,0.96,-1.1999999999999957,4.005,-95.0,-12.891814231872559,974.6502075195312,11.9299
2024-11-28 06:10:10,24264.7734375,232.9006536865234,0.96,-1.1999999999999957,4.005,-96.0,-13.799668312072754,974.7080688476562,14.0578
2024-11-28 05:10:10,24270.876953125,232.96884704589843,0.961,-1.1999999999999957,4.005,-96.0,-13.891779899597168,973.9922485351562,12.278400000000001
2024-11-28 04:10:10,24261.7216796875,232.87825256347656,0.961,-1.25,4.005,-95.0,-14.245752334594727,973.8964233398438,9.5355
2024-11-28 03:10:10,24270.876953125,232.9734680175781,0.962,-1.1999999999999957,4.005,-95.0,-14.077153205871582,973.5301513671875,9.146
2024-11-28 02:10:10,24264.7734375,232.91356262207032,0.962,-1.25,4.005,-95.0,-14.455852508544922,973.4171752929688,11.5732
2024-11-28 01:10:10,24267.8251953125,232.9415222167969,0.963,-1.1999999999999957,4.005,-96.0,-15.061293601989746,973.6729736328125,9.953700000000001
2024-11-28 00:10:10,24267.8251953125,232.94420654296874,0.964,-1.25,4.002,-96.0,-15.32763957977295,973.404541015625,13.7995
2024-11-27 23:10:10,24267.8251953125,232.94583068847658,0.964,-1.1999999999999957,4.002,-96.0,-15.052803039550781,973.2421264648438,12.0447
2024-11-27 22:10:10,24270.876953125,232.98043212890627,0.965,-1.25,4.005,-93.0,-15.149055480957031,972.833740234375,9.3551
2024-11-27 21:10:10,24273.9287109375,233.00960571289065,0.964,-1.1999999999999957,4.005,-93.0,-15.0479097366333,972.9681396484375,10.646600000000001
2024-11-27 20:10:10,24273.9287109375,233.01423217773436,0.966,-1.1999999999999957,4.005,-96.0,-14.794812202453613,972.5054931640625,12.8032
2024-11-27 19:10:11,24280.0322265625,233.0777459716797,0.966,-1.1999999999999957,4.002,-96.0,-14.192902565002441,972.2576293945312,13.1353
2024-11-27 18:10:11,24280.0322265625,233.07981811523436,0.967,-1.1999999999999957,4.005,-95.0,-13.42171859741211,972.0504150390625,12.007800000000001
2024-11-27 17:10:10,24286.1357421875,233.14642333984378,0.968,-1.25,4.005,-96.0,-11.719989776611328,971.493408203125,13.7544
2024-11-27 16:10:10,24292.2392578125,233.21020324707033,0.969,-1.1999999999999957,4.005,-95.0,-10.54504108428955,971.2189331054688,13.1804
2024-11-27 15:10:10,24286.1357421875,233.1422106933594,0.97,-1.1999999999999957,4.005,-96.0,-10.779326438903809,971.9146728515625,13.746200000000002
2024-11-27 14:10:10,24280.0322265625,233.0700604248047,0.971,-1.1999999999999957,4.005,-96.0,-11.612529754638672,973.0261840820312,11.163200000000002
2024-11-27 13:10:10,24280.0322265625,233.06062866210937,0.971,-1.1999999999999957,4.005,-95.0,-12.233320236206055,973.9693603515625,10.388300000000001
2024-11-27 12:10:10,24283.083984375,233.0799627685547,0.973,-1.1999999999999957,4.005,-96.0,-12.11254596710205,975.0877075195312,9.2485
2024-11-27 11:10:11,24283.083984375,233.07639404296876,0.974,-1.1999999999999957,4.002,-96.0,-12.152214050292969,975.444580078125,9.879900000000001
2024-11-27 10:10:11,24280.0322265625,233.03919860839844,0.974,-1.1999999999999957,4.005,-96.0,-12.689252853393555,976.1123657226562,13.369000000000002
2024-11-27 09:10:11,24276.98046875,233.01328674316406,0.976,-1.25,4.005,-95.0,-12.440637588500977,975.6517944335938,9.2567
2024-11-27 08:10:11,24280.0322265625,233.03528625488283,0.977,-1.25,4.005,-96.0,-13.147697448730469,976.5036010742188,13.5822
2024-11-27 07:10:11,24280.0322265625,233.03494018554687,0.977,-1.1999999999999957,4.005,-96.0,-12.997304916381836,976.5382080078125,12.2169
2024-11-27 06:10:11,24280.0322265625,233.03905212402344,0.978,-1.1999999999999957,4.002,-96.0,-12.938684463500977,976.1270141601562,13.815900000000001
2024-11-27 05:10:11,24273.9287109375,232.97346984863282,0.98,-1.25,4.005,-95.0,-14.394514083862305,976.5817260742188,11.282100000000002
2024-11-27 04:10:11,24280.0322265625,233.04031616210938,0.981,-1.25,4.005,-96.0,-13.63705062866211,976.0006103515625,9.6052
2024-11-27 03:10:11,24280.0322265625,233.04215515136718,0.982,-1.1999999999999957,4.005,-96.0,-12.983447074890137,975.8167114257812,14.258700000000001
2024-11-27 02:10:11,24280.0322265625,233.04843139648438,0.983,-1.1999999999999957,4.005,-95.0,-12.765603065490723,975.1890869140625,14.0906
2024-11-27 01:10:11,24286.1357421875,233.11725646972658,0.983,-1.1499999999999986,4.005,-95.0,-11.397944450378418,974.4100952148438,14.1316
2024-11-27 00:10:11,24273.9287109375,233.00378784179688,0.985,-1.1999999999999957,4.005,-96.0,-10.33779525756836,973.5499267578125,11.7126
2024-11-26 23:10:11,24267.8251953125,232.95096496582033,0.985,-1.1999999999999957,4.005,-96.0,-9.198781967163086,972.7286987304688,13.455100000000002
2024-11-26 22:10:11,24267.8251953125,232.95759582519534,0.986,-1.1999999999999957,4.002,-93.0,-9.290619850158691,972.0656127929688,9.318200000000001
2024-11-26 21:10:11,24264.7734375,232.92824035644531,0.987,-1.1999999999999957,4.005,-96.0,-10.242694854736328,971.9494018554688,11.790500000000002
2024-11-26 20:10:11,24264.7734375,232.92849060058592,0.987,-1.25,4.005,-92.0,-11.537467956542969,971.9243774414062,11.7741
2024-11-26 18:40:11,24267.8251953125,232.98607482910157,0.989,-1.25,4.005,-96.0,-7.930771350860596,969.2177124023438,12.1636
2024-11-26 17:40:12,24267.8251953125,232.99874877929688,0.99,-1.1999999999999957,4.002,-95.0,-7.089758396148682,967.9503173828125,11.975000000000001
2024-11-26 16:40:12,24270.876953125,233.03992797851564,0.991,-1.1999999999999957,4.005,-96.0,-6.446547985076904,966.8841552734375,11.9914
2024-11-26 15:40:12,24270.876953125,233.04732421875002,0.991,-1.25,4.005,-96.0,-6.392885684967041,966.14453125,12.1677
2024-11-26 14:40:12,24270.876953125,233.05399353027343,0.993,-1.1499999999999986,4.005,-96.0,-6.420056343078613,965.4776000976562,12.1021
2024-11-26 13:40:12,24261.7216796875,232.9747918701172,0.994,-1.25,4.002,-96.0,-6.097399711608887,964.2424926757812,12.2087
2024-11-26 12:40:12,24270.876953125,233.0726788330078,0.995,-1.1999999999999957,4.005,-96.0,-5.715644359588623,963.6090698242188,12.2169
2024-11-26 11:40:12,24270.876953125,233.0832598876953,0.995,-1.1999999999999957,4.005,-96.0,-5.484418869018555,962.5509643554688,11.7659
2024-11-26 10:40:12,24261.7216796875,233.00156982421873,0.996,-1.1999999999999957,4.005,-96.0,-5.132280349731445,961.564697265625,12.028300000000002
2024-11-26 09:40:12,24258.669921875,232.98049987792967,0.998,-1.25,4.005,-96.0,-4.773215293884277,960.6199340820312,11.835600000000001
2024-11-26 08:40:12,24261.7216796875,233.01687255859375,0.999,-1.1999999999999957,4.005,-96.0,-4.391257286071777,960.034423828125,12.257900000000001
2024-11-26 07:40:12,24261.7216796875,233.03216369628905,1.0,-1.25,4.005,-96.0,-4.0048828125,958.5053100585938,12.0693
2024-11-26 06:40:12,24267.8251953125,233.1002880859375,1.001,-1.25,4.005,-96.0,-3.4825170040130615,957.79638671875,11.9258
2024-11-26 05:40:12,24261.7216796875,233.04772521972654,1.003,-1.1999999999999957,4.005,-96.0,-2.7088866233825684,956.9491577148438,12.1021
2024-11-26 04:40:12,24267.8251953125,233.1187420654297,1.004,-1.1999999999999957,4.002,-96.0,-1.6833813190460205,955.9509887695312,12.2087
2024-11-26 03:40:12,24267.8251953125,233.1216534423828,1.005,-1.1999999999999957,4.005,-96.0,-1.047849178314209,955.6598510742188,11.966800000000001
2024-11-26 02:40:12,24267.8251953125,233.1224951171875,1.006,-1.1999999999999957,4.005,-96.0,-0.9644995331764221,955.57568359375,12.114400000000002
2024-11-26 01:40:13,24267.8251953125,233.11917236328125,1.009,-1.25,4.005,-96.0,-1.164343237876892,955.907958984375,12.0652
2024-11-26 00:40:13,24273.9287109375,233.18136108398437,1.009,-1.1999999999999957,4.005,-96.0,-1.3889819383621216,955.7926025390625,11.909400000000002
2024-11-25 23:40:13,24261.7216796875,233.05578491210937,1.012,-1.1999999999999957,4.005,-96.0,-2.1590795516967773,956.1431884765625,12.0447
2024-11-25 22:40:13,24261.7216796875,233.05550415039065,1.013,-1.1999999999999957,4.005,-96.0,-2.4423389434814453,956.1712646484375,12.1636
2024-11-25 21:40:13,24267.8251953125,233.11593383789062,1.015,-1.1999999999999957,4.005,-96.0,-2.381882429122925,956.2318115234375,12.0119
2024-11-25 20:40:13,24267.8251953125,233.118037109375,1.017,-1.1999999999999957,4.005,-96.0,-1.7897558212280273,956.021484375,14.0906
2024-11-25 19:40:13,24273.9287109375,233.179384765625,1.019,-1.1999999999999957,4.005,-96.0,-1.2769677639007568,955.990234375,14.902400000000002
2024-11-25 18:40:12,24273.9287109375,233.18230895996095,1.024,-1.25,4.005,-96.0,-0.7069189548492432,955.6978149414062,12.0037
2024-11-25 17:40:13,24270.876953125,233.16026794433594,1.024,-1.1999999999999957,4.005,-96.0,1.5598340034484863,954.8501586914062,12.516200000000001
2024-11-25 16:40:13,24276.98046875,233.22708129882812,1.024,-1.1999999999999957,4.005,-96.0,2.4121923446655273,954.2723388671875,14.5416
2024-11-25 15:40:13,24280.0322265625,233.2552850341797,1.024,-1.1999999999999957,4.005,-96.0,2.4832446575164795,954.5037231445312,14.451400000000001
2024-11-25 14:40:13,24280.0322265625,233.24932067871094,1.025,-1.1999999999999957,4.005,-96.0,2.3488831520080566,955.1001586914062,14.1193
2024-11-25 13:40:13,24283.083984375,233.27513061523436,1.026,-1.25,4.005,-96.0,2.196453809738159,955.5709228515625,10.429300000000001
2024-11-25 12:40:13,24295.291015625,233.39657409667967,1.025,-1.1999999999999957,4.005,-96.0,2.5681543350219727,955.6336059570312,9.4002
2024-11-25 11:40:13,24289.1875,233.33982971191406,1.026,-1.1999999999999957,4.005,-96.0,2.7458531856536865,955.2045288085938,14.603100000000001
2024-11-25 10:40:13,24283.083984375,233.2792321777344,1.026,-1.1999999999999957,4.005,-96.0,2.744155168533325,955.1607666015625,9.7979
2024-11-25 09:40:13,24283.083984375,233.2757196044922,1.027,-1.1999999999999957,4.005,-96.0,2.460148811340332,955.5120239257812,12.4219
2024-11-25 08:40:13,24292.2392578125,233.36041748046875,1.027,-1.1499999999999986,4.005,-96.0,1.8299145698547363,956.197509765625,12.417800000000002
2024-11-25 07:40:13,24292.2392578125,233.35346740722656,1.028,-1.1999999999999957,4.005,-96.0,2.0196373462677,956.8925170898438,10.9008
2024-11-25 06:40:13,24292.2392578125,233.34992065429688,1.028,-1.1999999999999957,4.005,-96.0,2.7306385040283203,957.2471923828125,11.237
2024-11-25 05:40:13,24292.2392578125,233.355400390625,1.028,-1.1999999999999957,4.005,-96.0,2.577868700027466,956.69921875,13.205
2024-11-25 04:40:13,24292.2392578125,233.35619750976562,1.028,-1.1999999999999957,4.005,-96.0,2.327690362930298,956.6195068359375,10.622
2024-11-25 03:40:13,24298.3427734375,233.41344665527345,1.028,-1.1999999999999957,4.005,-96.0,2.2841479778289795,956.9981079101562,13.3239
2024-11-25 02:40:13,24286.1357421875,233.283466796875,1.028,-1.25,4.005,-96.0,2.3088746070861816,957.7890625,10.105400000000001
2024-11-25 01:40:13,24289.1875,233.31433410644533,1.028,-1.1999999999999957,4.005,-96.0,2.4386839866638184,957.7540893554688,14.5949
2024-11-25 00:40:13,24283.083984375,233.25437133789063,1.029,-1.1999999999999957,4.005,-96.0,2.4303295612335205,957.6468505859375,11.8602
2024-11-24 23:40:13,24289.1875,233.31244873046876,1.028,-1.25,4.005,-96.0,2.1620824337005615,957.942626953125,14.1644
2024-11-24 22:40:13,24292.2392578125,233.33309753417967,1.029,-1.1999999999999957,4.005,-96.0,1.697659969329834,958.9295043945312,10.257100000000001
2024-11-24 21:40:13,24298.3427734375,233.38797485351563,1.029,-1.1999999999999957,4.005,-96.0,1.7330492734909058,959.5452880859375,10.441600000000001
2024-11-24 20:40:13,24295.291015625,233.34890991210938,1.029,-1.1999999999999957,4.002,-96.0,0.9217199683189392,960.4000244140625,14.107000000000001
2024-11-24 19:40:13,24295.291015625,233.34339477539064,1.03,-1.1499999999999986,4.005,-96.0,0.741778552532196,960.9515380859375,11.552700000000002
2024-11-24 18:40:13,24295.291015625,233.34093505859374,1.029,-1.25,4.005,-96.0,1.035703182220459,961.197509765625,11.9053
2024-11-24 17:40:14,24295.291015625,233.34109619140628,1.03,-1.25,4.005,-96.0,0.789599597454071,961.181396484375,11.5486
2024-11-24 16:40:14,24295.291015625,233.34015563964843,1.031,-1.25,4.005,-96.0,0.9392455816268921,961.2754516601562,9.761000000000001
2024-11-24 15:40:14,24295.291015625,233.33892395019532,1.03,-1.1999999999999957,4.005,-96.0,0.7446313500404358,961.3986206054688,11.392800000000001
2024-11-24 14:40:14,24295.291015625,233.3350085449219,1.031,-1.1999999999999957,4.005,-96.0,0.20494507253170013,961.7901611328125,14.3038
2024-11-24 13:40:14,24298.3427734375,233.36316650390626,1.031,-1.1999999999999957,4.005,-96.0,-0.27027833461761475,962.026123046875,9.478100000000001
2024-11-24 12:40:14,24307.498046875,233.44817626953127,1.031,-1.1999999999999957,4.005,-96.0,-0.8302075266838074,962.680419921875,14.5867
2024-11-24 11:40:14,24301.39453125,233.38240600585937,1.031,-1.1999999999999957,4.005,-96.0,-1.3582104444503784,963.1539306640625,12.7827
2024-11-24 10:40:14,24301.39453125,233.37685729980467,1.031,-1.1999999999999957,4.005,-96.0,-1.6939769983291626,963.7088012695312,12.2087
2024-11-24 09:40:14,24301.39453125,233.3748083496094,1.03,-1.1999999999999957,4.002,-96.0,-2.0501904487609863,963.9136962890625,14.599
2024-11-24 08:40:14,24313.6015625,233.4939501953125,1.03,-1.1999999999999957,4.005,-97.0,-2.4089183807373047,964.20654296875,14.1316
2024-11-24 07:40:14,24310.5498046875,233.46024597167968,1.03,-1.1999999999999957,4.005,-96.0,-2.805617570877075,964.5252075195312,11.966800000000001
2024-11-24 06:40:14,24313.6015625,233.4885485839844,1.03,-1.1499999999999986,4.005,-96.0,-3.604856014251709,964.7467041015625,13.856900000000001
2024-11-24 05:40:14,24307.498046875,233.42539306640623,1.029,-1.1999999999999957,4.008,-96.0,-4.131159782409668,964.958740234375,9.474
2024-11-24 04:40:14,24316.6533203125,233.51290344238282,1.028,-1.1999999999999957,4.005,-96.0,-5.003354549407959,965.3629760742188,13.389500000000002
2024-11-24 03:40:14,24310.5498046875,233.4471533203125,1.027,-1.1999999999999957,4.005,-96.0,-6.076884746551514,965.83447265625,11.228800000000001
2024-11-24 02:40:14,24313.6015625,233.47697021484376,1.027,-1.1999999999999957,4.005,-96.0,-6.704946517944336,965.904541015625,10.9418
2024-11-24 01:40:14,24310.5498046875,233.445009765625,1.026,-1.1999999999999957,4.008,-96.0,-7.084865570068359,966.048828125,11.7208
2024-11-24 00:40:14,24316.6533203125,233.50365661621095,1.025,-1.1999999999999957,4.005,-96.0,-6.900170803070068,966.2876586914062,11.3846
2024-11-23 23:40:15,24316.6533203125,233.50128784179688,1.026,-1.1999999999999957,4.005,-97.0,-7.358005523681641,966.5245361328125,9.5519
2024-11-23 22:40:15,24313.6015625,233.47401306152346,1.024,-1.1999999999999957,4.005,-96.0,-6.584509372711182,966.2002563476562,14.775300000000001
2024-11-23 21:40:15,24319.705078125,233.52792236328125,1.024,-1.1999999999999957,4.005,-96.0,-7.436325550079346,966.912841796875,9.4002
2024-11-23 20:40:15,24319.705078125,233.52578063964845,1.024,-1.1999999999999957,4.005,-96.0,-7.315617561340332,967.1270141601562,9.736400000000001
2024-11-23 19:40:15,24322.7568359375,233.5560107421875,1.024,-1.1999999999999957,4.005,-97.0,-7.091660022735596,967.15576171875,12.2948
2024-11-23 18:40:15,24328.8603515625,233.61746032714845,1.024,-1.1999999999999957,4.005,-96.0,-6.500414848327637,967.1143188476562,9.748700000000001
2024-11-23 17:40:15,24328.8603515625,233.6190155029297,1.024,-1.1999999999999957,4.005,-93.0,-6.109287261962891,966.9588012695312,9.6995
2024-11-23 16:40:14,24322.7568359375,233.55984252929687,1.024,-1.1999999999999957,4.005,-96.0,-5.230978965759277,966.7725830078125,12.9344
2024-11-23 15:40:14,24325.80859375,233.5894122314453,1.024,-1.25,4.005,-96.0,-5.403515815734863,966.8673706054688,12.733500000000001
2024-11-23 14:40:14,24331.912109375,233.64433532714844,1.024,-1.25,4.008,-96.0,-6.88638162612915,967.4785766601562,13.0205
2024-11-23 13:40:14,24341.0673828125,233.73038818359376,1.024,-1.1999999999999957,4.005,-96.0,-7.374172210693359,968.028564453125,12.171800000000001
2024-11-23 12:40:14,24334.9638671875,233.66482299804687,1.024,-1.25,4.002,-96.0,-7.4355788230896,968.4815673828125,11.9832
2024-11-23 11:40:15,24341.0673828125,233.72622863769533,1.024,-1.1999999999999957,4.005,-96.0,-7.830849647521973,968.4445190429688,12.139000000000001
2024-11-23 10:40:15,24344.119140625,233.75109741210937,1.024,-1.1999999999999957,4.008,-96.0,-8.336572647094727,969.0093994140625,12.311200000000001
2024-11-23 09:40:15,24350.22265625,233.81402893066408,1.024,-1.1999999999999957,4.005,-97.0,-7.9450364112854,968.8197631835938,12.0447
2024-11-23 08:40:15,24347.1708984375,233.77900268554686,1.024,-1.1999999999999957,4.005,-96.0,-8.888147354125977,969.2706298828125,12.430100000000001
2024-11-23 07:40:15,24350.22265625,233.81268737792968,1.024,-1.1999999999999957,4.005,-97.0,-8.071381568908691,968.9539184570312,12.257900000000001
2024-11-23 06:40:15,24353.2744140625,233.83919982910157,1.024,-1.1999999999999957,4.005,-96.0,-7.978796482086182,969.3544311523438,12.257900000000001
2024-11-23 05:40:15,24347.1708984375,233.7770135498047,1.024,-1.25,4.005,-96.0,-8.096244812011719,969.4695434570312,12.3276
2024-11-23 04:40:15,24344.119140625,233.74861572265627,1.024,-1.1999999999999957,4.005,-96.0,-7.704504489898682,969.257568359375,11.9832
2024-11-23 03:40:15,24350.22265625,233.8067810058594,1.024,-1.1999999999999957,4.005,-96.0,-7.52789306640625,969.5445556640625,12.1964
2024-11-23 02:40:15,24350.22265625,233.79967529296877,1.024,-1.1999999999999957,4.005,-96.0,-7.70022439956665,970.255126953125,11.9135
2024-11-23 01:40:15,24350.22265625,233.79543884277342,1.024,-1.1999999999999957,4.005,-97.0,-7.756332874298096,970.6787719726562,12.245600000000001
2024-11-23 00:40:15,24350.22265625,233.79180908203125,1.02,-1.1999999999999957,4.005,-97.0,-7.877788066864014,971.041748046875,12.3809
2024-11-22 23:40:16,24344.119140625,233.72625732421878,1.02,-1.25,4.005,-96.0,-7.883154392242432,971.493408203125,12.286600000000002
2024-11-22 22:40:16,24350.22265625,233.78263305664063,1.019,-1.1999999999999957,4.005,-96.0,-8.249829292297363,971.9593505859375,12.4342
2024-11-22 21:40:16,24350.22265625,233.77474914550783,1.024,-1.1999999999999957,4.005,-97.0,-8.844673156738281,972.7477416992188,12.3686
2024-11-22 20:40:16,24356.326171875,233.83143737792972,1.024,-1.1999999999999957,4.005,-97.0,-8.15106201171875,973.1824340820312,12.438300000000002
2024-11-22 19:40:16,24356.326171875,233.8325567626953,1.021,-1.1999999999999957,4.005,-96.0,-7.940893650054932,973.0704956054688,12.356300000000001
2024-11-22 18:40:16,24359.3779296875,233.86025329589845,1.021,-1.25,4.005,-97.0,-8.12817096710205,973.3526000976562,11.6757
2024-11-22 17:40:16,24368.533203125,233.94934997558593,1.019,-1.1999999999999957,4.005,-96.0,-7.638139724731445,973.5982055664062,12.159500000000001
2024-11-22 16:40:16,24371.5849609375,233.98157165527346,1.018,-1.1999999999999957,4.005,-96.0,-6.794406890869141,973.4277954101562,11.9463
2024-11-22 15:40:15,24374.63671875,234.00772583007813,1.018,-1.1999999999999957,4.008,-97.0,-6.855202674865723,973.8641357421875,13.8528
2024-11-22 14:40:15,24374.63671875,233.99822998046875,1.018,-1.1999999999999957,4.005,-97.0,-7.477761268615723,974.813720703125,10.462100000000001
2024-11-22 13:40:15,24377.6884765625,234.02043762207032,1.018,-1.1999999999999957,4.005,-97.0,-8.021454811096191,975.6447143554688,12.852400000000001
2024-11-22 12:40:16,24380.740234375,234.04184143066405,1.017,-1.25,4.005,-97.0,-8.24310302734375,976.5560913085938,10.568700000000002
2024-11-22 11:40:16,24377.6884765625,234.0100115966797,1.017,-1.1999999999999957,4.005,-96.0,-8.3236665725708,976.6873168945312,12.1021
2024-11-22 10:40:16,24380.740234375,234.03431396484376,1.017,-1.1999999999999957,4.005,-97.0,-8.212536811828613,977.308837890625,10.773700000000002
2024-11-22 09:40:16,24374.63671875,233.97040710449218,1.017,-1.1999999999999957,4.005,-96.0,-8.004948616027832,977.5960083007812,9.5191
2024-11-22 08:40:16,24374.63671875,233.9644842529297,1.017,-1.1999999999999957,4.005,-97.0,-7.963649749755859,978.1882934570312,14.681000000000001
2024-11-22 07:40:16,24377.6884765625,233.99421447753906,1.018,-1.25,4.005,-93.0,-7.722302436828613,978.2670288085938,13.131200000000002
2024-11-22 06:40:16,24377.6884765625,233.9943426513672,1.019,-1.1999999999999957,4.008,-97.0,-7.484961032867432,978.2542114257812,14.635900000000001
2024-11-22 05:40:16,24377.6884765625,233.99346191406252,1.019,-1.1999999999999957,4.005,-96.0,-7.184245586395264,978.34228515625,11.995500000000002
2024-11-22 04:40:16,24371.5849609375,233.92883422851565,1.024,-1.1999999999999957,4.005,-97.0,-6.741559982299805,978.7015380859375,13.8815
2024-11-22 03:40:16,24383.7919921875,234.04893188476564,1.024,-1.1999999999999957,4.005,-97.0,-5.414182186126709,978.8988037109375,9.5601
2024-11-22 02:40:16,24383.7919921875,234.05093994140626,1.024,-1.1999999999999957,4.005,-97.0,-5.3224778175354,978.697998046875,13.1681
2024-11-22 01:40:16,24380.740234375,234.01412170410157,1.024,-1.25,4.005,-97.0,-4.621938705444336,979.3280639648438,13.1927
2024-11-22 00:40:16,24380.740234375,234.01363586425782,1.024,-1.1999999999999957,4.005,-97.0,-4.507616996765137,979.3766479492188,13.8077
2024-11-21 23:40:17,24395.9990234375,234.16516235351563,1.024,-1.1999999999999957,4.005,-96.0,-4.116894721984863,979.4827880859375,14.275100000000002
2024-11-21 22:40:17,24402.1025390625,234.22635498046876,1.025,-1.1999999999999957,4.008,-97.0,-4.386162281036377,979.467041015625,11.1919
2024-11-21 21:40:17,24399.05078125,234.1991442871094,1.026,-1.25,4.005,-97.0,-3.506291389465332,979.1363525390625,14.537500000000001
2024-11-21 20:40:17,24389.8955078125,234.10622314453124,1.026,-1.25,4.005,-97.0,-3.4181225299835205,979.273193359375,10.117700000000001
2024-11-21 19:40:17,24389.8955078125,234.10776184082033,1.028,-1.1999999999999957,4.005,-97.0,-3.0835766792297363,979.1193237304688,14.7384
2024-11-21 18:40:17,24380.740234375,234.02033142089846,1.029,-1.1999999999999957,4.005,-97.0,-2.6861987113952637,978.7070922851562,14.615400000000001
2024-11-21 17:40:17,24383.7919921875,234.04911865234374,1.03,-1.1999999999999957,4.005,-97.0,-2.6584179401397705,978.880126953125,14.0004
2024-11-21 16:40:17,24383.7919921875,234.04620056152342,1.03,-1.1999999999999957,4.005,-96.0,-2.8237524032592773,979.1719360351562,13.594500000000002
2024-11-21 15:40:17,24383.7919921875,234.04566528320314,1.031,-1.1999999999999957,4.008,-92.0,-3.513425350189209,979.2254638671875,9.8594
2024-11-21 14:40:17,24383.7919921875,234.0458721923828,1.029,-1.1999999999999957,4.005,-98.0,-4.277951717376709,979.2047729492188,13.0287
2024-11-21 13:40:17,24380.740234375,234.0145703125,1.031,-1.25,4.005,-97.0,-4.550344467163086,979.283203125,10.0808
2024-11-21 12:40:17,24383.7919921875,234.04157775878906,1.031,-1.1999999999999957,4.005,-97.0,-4.700192928314209,979.6342163085938,14.053700000000001
2024-11-21 11:40:17,24383.7919921875,234.04694396972658,1.031,-1.25,4.005,-96.0,-3.8415160179138184,979.0975952148438,12.799100000000001
2024-11-21 10:40:17,24389.8955078125,234.10895751953126,1.033,-1.1999999999999957,4.008,-97.0,-2.605092763900757,978.999755859375,14.254600000000002
2024-11-21 09:40:17,24386.84375,234.07784851074217,1.032,-1.1999999999999957,4.005,-97.0,-2.293644905090332,979.0588989257812,10.4129
2024-11-21 08:40:17,24389.8955078125,234.1110876464844,1.032,-1.25,4.005,-97.0,-1.8419921398162842,978.7867431640625,14.529300000000001
2024-11-21 07:40:17,24389.8955078125,234.10670898437502,1.033,-1.1999999999999957,4.005,-97.0,-1.8474267721176147,979.224609375,13.1927
2024-11-21 06:40:17,24392.947265625,234.13507202148438,1.034,-1.1999999999999957,4.005,-97.0,-2.009706974029541,979.4400634765625,9.437100000000001
2024-11-21 05:40:17,24389.8955078125,234.10521057128906,1.034,-1.25,4.005,-97.0,-2.084155321121216,979.3744506835938,12.0447
2024-11-21 04:40:18,24380.740234375,234.00934204101563,1.034,-1.1999999999999957,4.005,-97.0,-2.078788995742798,979.8060302734375,12.7048
2024-11-21 03:40:18,24386.84375,234.06427368164063,1.034,-1.1999999999999957,4.005,-97.0,-2.02471923828125,980.4163818359375,12.708900000000002
2024-11-21 02:40:18,24389.8955078125,234.08886474609375,1.035,-1.1499999999999986,4.005,-97.0,-1.8669214248657227,981.009033203125,14.180800000000001
2024-11-21 01:40:18,24386.84375,234.04909240722657,1.035,-1.25,4.005,-98.0,-1.9963232278823853,981.9345092773438,11.6224
2024-11-21 00:40:18,24389.8955078125,234.0698785400391,1.036,-1.1999999999999957,4.005,-97.0,-2.1007983684539795,982.9076538085938,14.7466
2024-11-20 23:40:18,24386.84375,234.0381286621094,1.035,-1.25,4.005,-97.0,-2.213625431060791,983.0308837890625,13.036900000000001
2024-11-20 22:40:18,24383.7919921875,234.0054138183594,1.036,-1.1999999999999957,4.005,-98.0,-2.4798340797424316,983.2506103515625,9.9906
2024-11-20 21:40:18,24383.7919921875,233.99710266113283,1.036,-1.1999999999999957,4.005,-97.0,-3.139211416244507,984.0817260742188,14.795800000000002
2024-11-20 20:40:18,24383.7919921875,233.99506469726563,1.035,-1.25,4.005,-98.0,-3.198986768722534,984.2855224609375,13.1148
2024-11-20 19:40:18,24377.6884765625,233.93176208496095,1.035,-1.1999999999999957,4.008,-98.0,-2.892631769180298,984.5122680664062,10.548200000000001
2024-11-20 18:40:18,24377.6884765625,233.93802307128908,1.034,-1.1999999999999957,4.005,-96.0,-2.7907397747039795,983.8861694335938,14.7056
2024-11-20 17:40:18,24380.740234375,233.95958435058594,1.035,-1.1999999999999957,4.008,-97.0,-3.566408634185791,984.7817993164062,11.856100000000001
2024-11-20 16:40:18,24371.5849609375,233.8610284423828,1.034,-1.1999999999999957,4.005,-98.0,-4.403823375701904,985.4821166992188,10.4785
2024-11-20 15:40:18,24368.533203125,233.8306872558594,1.033,-1.1999999999999957,4.005,-97.0,-4.758066177368164,985.4644775390625,11.9914
2024-11-20 14:40:18,24368.533203125,233.82657653808593,1.031,-1.1999999999999957,4.005,-92.0,-5.227582931518555,985.8755493164062,12.323500000000001
2024-11-20 13:10:18,24368.533203125,233.81330627441406,1.032,-1.1999999999999957,4.005,-97.0,-5.583593845367432,987.2025756835938,12.118500000000001
2024-11-20 12:10:18,24368.533203125,233.80744873046876,1.032,-1.1999999999999957,4.005,-96.0,-6.271430492401123,987.788330078125,12.1431
2024-11-20 11:10:18,24362.4296875,233.74593688964842,1.033,-1.1999999999999957,4.005,-98.0,-6.47976541519165,987.8359985351562,12.052900000000001
2024-11-20 10:10:19,24365.4814453125,233.7708447265625,1.034,-1.1999999999999957,4.005,-96.0,-6.898676872253418,988.39697265625,12.180000000000001
2024-11-20 09:10:18,24371.5849609375,233.82702758789063,1.035,-1.1999999999999957,4.005,-97.0,-6.932775974273682,988.8822021484375,12.052900000000001
2024-11-20 08:10:18,24368.533203125,233.7959649658203,1.037,-1.1999999999999957,4.005,-98.0,-7.213386058807373,988.9367065429688,12.2497
2024-11-20 07:10:18,24362.4296875,233.73312805175783,1.039,-1.1999999999999957,4.008,-96.0,-7.163593769073486,989.1168823242188,12.331700000000001
2024-11-20 06:10:18,24359.3779296875,233.7014129638672,1.04,-1.1999999999999957,4.005,-96.0,-6.624926567077637,989.2366333007812,12.1554
2024-11-20 05:10:18,24368.533203125,233.79460693359377,1.042,-1.1999999999999957,4.005,-96.0,-6.718735218048096,989.072509765625,11.9381
2024-11-20 04:10:18,24365.4814453125,233.76322998046876,1.044,-1.1999999999999957,4.005,-98.0,-6.596396446228027,989.158447265625,12.344000000000001
2024-11-20 03:10:18,24362.4296875,233.73570068359373,1.046,-1.1999999999999957,4.005,-96.0,-6.881491661071777,988.859619140625,12.1964
2024-11-20 02:10:18,24365.4814453125,233.76484985351564,1.049,-1.1999999999999957,4.008,-96.0,-6.859211444854736,988.9964599609375,12.2169
2024-11-20 01:10:18,24362.4296875,233.7283984375,1.051,-1.1999999999999957,4.005,-97.0,-7.190900802612305,989.58984375,11.7987
2024-11-20 00:10:18,24350.22265625,233.60640380859377,1.051,-1.1999999999999957,4.005,-98.0,-7.566203594207764,989.582275390625,12.3686
2024-11-19 23:10:18,24359.3779296875,233.69951599121094,1.053,-1.1999999999999957,4.005,-96.0,-7.4692702293396,989.4263305664062,12.303
2024-11-19 22:10:19,24353.2744140625,233.63711914062497,1.056,-1.1999999999999957,4.005,-98.0,-7.406980037689209,989.5625,12.4793
2024-11-19 21:10:19,24350.22265625,233.6068609619141,1.058,-1.25,4.005,-97.0,-7.301149845123291,989.5365600585938,12.5777
2024-11-19 20:10:19,24356.326171875,233.6737854003906,1.06,-1.1999999999999957,4.005,-96.0,-6.260290622711182,988.9476318359375,12.020100000000001
2024-11-19 19:10:19,24353.2744140625,233.64887756347656,1.061,-1.1999999999999957,4.005,-98.0,-5.484350681304932,988.3866577148438,12.344000000000001
2024-11-19 18:10:19,24365.4814453125,233.77390502929688,1.063,-1.1999999999999957,4.005,-96.0,-5.037861347198486,988.0909423828125,12.4793
2024-11-19 17:10:19,24362.4296875,233.7545593261719,1.065,-1.25,4.008,-98.0,-3.637258291244507,986.9737548828125,12.7294
2024-11-19 16:10:19,24365.4814453125,233.7849853515625,1.066,-1.25,4.008,-96.0,-3.298703670501709,986.98291015625,13.032800000000002
2024-11-19 15:10:19,24362.4296875,233.75588928222658,1.068,-1.1999999999999957,4.008,-97.0,-3.6177611351013184,986.8407592773438,13.2255
2024-11-19 14:10:19,24365.4814453125,233.78400756835936,1.07,-1.1499999999999986,4.008,-96.0,-4.529353141784668,987.0806884765625,13.069700000000001
2024-11-19 13:10:19,24368.533203125,233.8144024658203,1.071,-1.25,4.005,-97.0,-5.615654468536377,987.0929565429688,13.705200000000001
2024-11-19 12:10:19,24380.740234375,233.93848449707033,1.074,-1.1999999999999957,4.005,-96.0,-5.672646522521973,986.8917846679688,12.2743
2024-11-19 11:10:19,24371.5849609375,233.84393310546875,1.076,-1.1999999999999957,4.005,-96.0,-6.303085803985596,987.191650390625,14.570300000000001
2024-11-19 10:10:19,24377.6884765625,233.90608337402344,1.077,-1.25,4.005,-96.0,-6.088637828826904,987.0801391601562,12.827800000000002
2024-11-19 09:10:19,24377.6884765625,233.91229553222658,1.079,-1.1999999999999957,4.008,-96.0,-5.941164493560791,986.4589233398438,11.6265
2024-11-19 08:10:20,24368.533203125,233.8231384277344,1.079,-1.1999999999999957,4.005,-98.0,-6.558630466461182,986.2193603515625,11.220600000000001
2024-11-19 07:10:20,24359.3779296875,233.73387329101564,1.08,-1.1999999999999957,4.005,-98.0,-6.840395450592041,985.9906005859375,9.4863
2024-11-19 06:10:20,24368.533203125,233.83008544921876,1.081,-1.1999999999999957,4.005,-96.0,-6.247927188873291,985.524658203125,12.442400000000001
2024-11-19 05:10:20,24368.533203125,233.8369903564453,1.082,-1.1999999999999957,4.008,-96.0,-6.1020188331604,984.8341674804688,11.3231
2024-11-19 04:10:20,24371.5849609375,233.8715704345703,1.083,-1.1999999999999957,4.008,-98.0,-5.600710391998291,984.4279174804688,14.8368
2024-11-19 03:10:20,24371.5849609375,233.87920410156252,1.084,-1.1999999999999957,4.005,-98.0,-5.170864105224609,983.66455078125,10.089
2024-11-19 02:10:20,24374.63671875,233.90895324707031,1.084,-1.1999999999999957,4.005,-98.0,-5.639362812042236,983.7413940429688,14.869600000000002
2024-11-19 01:10:19,24377.6884765625,233.9402917480469,1.086,-1.1999999999999957,4.005,-96.0,-5.995439529418945,983.6593017578125,9.597000000000001
2024-11-19 00:10:19,24377.6884765625,233.9415948486328,1.089,-1.1999999999999957,4.008,-96.0,-6.005900859832764,983.5289916992188,9.5929
2024-11-18 23:10:19,24386.84375,234.03709167480469,1.093,-1.1999999999999957,4.008,-96.0,-5.4469895362854,983.1345825195312,10.9131
2024-11-18 22:10:19,24377.6884765625,233.95301452636718,1.096,-1.1999999999999957,4.005,-96.0,-5.23166036605835,982.3870239257812,12.1308
2024-11-18 21:10:19,24380.740234375,233.98315551757815,1.1,-1.1999999999999957,4.008,-96.0,-5.4794602394104,982.4246826171875,13.307500000000001
2024-11-18 20:10:19,24371.5849609375,233.89653564453127,1.105,-1.1999999999999957,4.005,-98.0,-5.434423923492432,981.931396484375,13.660100000000002
2024-11-18 19:10:19,24371.5849609375,233.90223266601564,1.108,-1.1999999999999957,4.005,-98.0,-4.820151329040527,981.3616943359375,14.0004
2024-11-18 18:10:20,24365.4814453125,233.8434307861328,1.114,-1.25,4.005,-96.0,-4.712690353393555,981.1383666992188,11.5281
2024-11-18 17:10:20,24368.533203125,233.87932373046877,1.118,-1.1999999999999957,4.008,-98.0,-3.820866584777832,980.600830078125,13.6765
2024-11-18 16:10:20,24371.5849609375,233.9081872558594,1.121,-1.1999999999999957,4.008,-96.0,-4.087482929229736,980.7662353515625,11.683900000000001
2024-11-18 15:10:20,24377.6884765625,233.96863708496096,1.125,-1.1999999999999957,4.005,-96.0,-4.372575759887695,980.8247680664062,14.492400000000002
2024-11-18 14:10:20,24377.6884765625,233.9676190185547,1.13,-1.1999999999999957,4.008,-92.0,-4.9152512550354,980.9265747070312,15.250900000000001
2024-11-18 13:10:20,24383.7919921875,234.02554321289062,1.134,-1.1999999999999957,4.008,-97.0,-6.250373363494873,981.2376708984375,10.449800000000002
2024-11-18 12:10:20,24380.740234375,233.99319580078125,1.138,-1.1999999999999957,4.005,-98.0,-6.327470779418945,981.420654296875,9.478100000000001
2024-11-18 11:10:20,24380.740234375,233.99892761230467,1.142,-1.25,4.008,-98.0,-6.176127910614014,980.8474731445312,11.319
2024-11-18 10:10:20,24377.6884765625,233.96432067871092,1.147,-1.25,4.008,-98.0,-6.4232497215271,981.2564086914062,14.066
2024-11-18 09:10:20,24377.6884765625,233.96432678222655,1.152,-1.25,4.005,-96.0,-6.92849588394165,981.2557983398438,11.155000000000001
2024-11-18 08:10:20,24374.63671875,233.9285565185547,1.157,-1.25,4.005,-96.0,-7.256113052368164,981.7810668945312,9.4699
2024-11-18 07:10:20,24362.4296875,233.8086492919922,1.162,-1.1999999999999957,4.005,-96.0,-7.473278999328613,981.5647583007812,14.435
2024-11-18 06:10:20,24350.22265625,233.68105407714842,1.168,-1.25,4.008,-96.0,-7.954953670501709,982.1172485351562,9.4617
2024-11-18 05:10:20,24350.22265625,233.68690490722656,1.173,-1.25,4.008,-96.0,-8.59109878540039,981.5321655273438,11.2575
2024-11-18 04:10:21,24356.326171875,233.74401245117187,1.179,-1.1999999999999957,4.008,-97.0,-9.318944931030273,981.9249267578125,9.4822
2024-11-18 03:10:21,24356.326171875,233.72731262207031,1.184,-1.1999999999999957,4.008,-98.0,-11.598806381225586,983.5949096679688,14.172600000000001
2024-11-18 02:10:21,24359.3779296875,233.74127197265625,1.189,-1.1999999999999957,4.005,-98.0,-13.928051948547363,985.250732421875,13.8815
2024-11-18 01:10:21,24353.2744140625,233.6732263183594,1.195,-1.25,4.005,-97.0,-14.560800552368164,985.9517822265625,13.865100000000002
2024-11-18 00:10:21,24359.3779296875,233.7407165527344,1.201,-1.1999999999999957,4.008,-97.0,-13.863317489624023,985.3062744140625,12.212800000000001
2024-11-17 23:10:20,24359.3779296875,233.73202453613283,1.205,-1.1499999999999986,4.008,-97.0,-15.24007797241211,986.1754760742188,12.2743
2024-11-17 22:10:20,24359.3779296875,233.7205743408203,1.211,-1.1999999999999957,4.005,-98.0,-15.7150297164917,987.3204956054688,13.8528
2024-11-17 21:10:21,24362.4296875,233.74705017089843,1.216,-1.1499999999999986,4.008,-97.0,-15.883288383483887,987.7246704101562,13.479700000000001
2024-11-17 20:10:21,24356.326171875,233.69197021484376,1.223,-1.1999999999999957,4.008,-97.0,-15.187841415405273,987.129150390625,13.032800000000002
2024-11-17 19:10:21,24359.3779296875,233.71805419921878,1.224,-1.1999999999999957,4.005,-98.0,-15.5345458984375,987.572509765625,12.0447
2024-11-17 18:10:21,24359.3779296875,233.72157287597656,1.223,-1.1499999999999986,4.008,-98.0,-15.079362869262695,987.2206420898438,14.599
2024-11-17 17:10:21,24356.326171875,233.70248046875003,1.222,-1.1999999999999957,4.008,-97.0,-13.101371765136719,986.078125,14.0332
2024-11-17 16:10:21,24362.4296875,233.76900878906253,1.221,-1.1999999999999957,4.005,-98.0,-12.552446365356445,985.52880859375,10.4703
2024-11-17 15:10:21,24359.3779296875,233.730810546875,1.221,-1.1999999999999957,4.008,-98.0,-12.826874732971191,986.296875,12.385000000000002
2024-11-17 14:10:22,24359.3779296875,233.72557006835936,1.222,-1.1999999999999957,4.008,-97.0,-14.370534896850586,986.8209228515625,9.576500000000001
2024-11-17 13:10:20,24362.4296875,233.75896301269532,1.223,-1.1999999999999957,4.008,-92.0,-13.800212860107422,986.5333862304688,12.3481
2024-11-17 12:10:21,24362.4296875,233.75812805175784,1.223,-1.1999999999999957,4.005,-98.0,-13.609606742858887,986.6168823242188,11.7208
2024-11-17 11:10:21,24359.3779296875,233.7313708496094,1.224,-1.1999999999999957,4.008,-97.0,-13.470422744750977,986.2408447265625,12.4998
2024-11-17 10:10:21,24359.3779296875,233.7390661621094,1.228,-1.1999999999999957,4.008,-98.0,-12.536823272705078,985.4713134765625,12.1431
2024-11-17 09:10:21,24362.4296875,233.77637084960938,1.229,-1.1999999999999957,4.008,-98.0,-11.337421417236328,984.7926025390625,12.1636
2024-11-17 08:10:21,24362.4296875,233.7779705810547,1.23,-1.1999999999999957,4.008,-97.0,-11.746211051940918,984.6326293945312,12.581800000000001
2024-11-17 07:10:21,24359.3779296875,233.75152221679687,1.232,-1.1999999999999957,4.008,-96.0,-11.61178207397461,984.2257080078125,11.921700000000001
2024-11-17 06:10:22,24362.4296875,233.7885760498047,1.232,-1.1999999999999957,4.005,-98.0,-11.461999893188477,983.5720825195312,12.1882
2024-11-17 05:10:22,24353.2744140625,233.7035858154297,1.232,-1.1999999999999957,4.005,-97.0,-10.47765827178955,982.9158325195312,12.139000000000001
2024-11-17 04:10:22,24359.3779296875,233.76784362792966,1.232,-1.1999999999999957,4.005,-98.0,-10.90750503540039,982.5935668945312,12.3153
2024-11-17 03:10:22,24365.4814453125,233.8266668701172,1.23,-1.1999999999999957,4.008,-97.0,-10.79107666015625,982.8147583007812,12.093900000000001
2024-11-17 02:10:22,24368.533203125,233.86479736328127,1.23,-1.1999999999999957,4.008,-97.0,-10.614736557006836,982.053466796875,12.352200000000002
2024-11-17 01:10:22,24362.4296875,233.80514709472658,1.229,-1.1999999999999957,4.005,-97.0,-10.384868621826172,981.9149780273438,12.0365
2024-11-17 00:10:22,24362.4296875,233.81293579101563,1.225,-1.1999999999999957,4.005,-98.0,-9.894023895263672,981.1361083984375,12.1841
2024-11-16 23:10:21,24359.3779296875,233.78789672851565,1.227,-1.1999999999999957,4.008,-98.0,-8.90655517578125,980.5882568359375,12.221
2024-11-16 22:10:21,24359.3779296875,233.79884704589844,1.227,-1.25,4.008,-98.0,-7.943679332733154,979.4932250976562,12.4588
2024-11-16 21:10:21,24365.4814453125,233.86515747070314,1.227,-1.1999999999999957,4.005,-97.0,-7.195112228393555,978.9656982421875,12.5777
2024-11-16 20:10:22,24368.533203125,233.90147216796876,1.226,-1.1999999999999957,4.008,-97.0,-6.920617580413818,978.385986328125,12.2538
2024-11-16 19:10:22,24368.533203125,233.90772521972656,1.228,-1.1999999999999957,4.008,-97.0,-6.9074387550354,977.7606811523438,12.524400000000002
2024-11-16 18:10:22,24362.4296875,233.84833740234376,1.227,-1.1999999999999957,4.008,-97.0,-7.297480583190918,977.595947265625,12.3399
2024-11-16 17:10:22,24362.4296875,233.85766174316404,1.227,-1.1999999999999957,4.008,-97.0,-5.9606614112854,976.6635131835938,12.2538
2024-11-16 16:10:22,24362.4296875,233.86434692382812,1.229,-1.1999999999999957,4.008,-98.0,-5.294084548950195,975.9949951171875,12.4465
2024-11-16 15:10:22,24365.4814453125,233.89993774414063,1.229,-1.25,4.008,-97.0,-4.935019493103027,975.4876708984375,12.221
2024-11-16 14:10:22,24359.3779296875,233.84352722167966,1.23,-1.1999999999999957,4.008,-97.0,-5.050700664520264,975.0252075195312,12.405500000000002
2024-11-16 13:10:22,24356.326171875,233.82274841308595,1.232,-1.1999999999999957,4.005,-97.0,-4.162951469421387,974.0513305664062,12.3686
2024-11-16 12:10:22,24353.2744140625,233.79928894042968,1.236,-1.25,4.008,-97.0,-2.9903125762939453,973.3455200195312,12.298900000000001
2024-11-16 11:10:22,24356.326171875,233.83731872558596,1.237,-1.25,4.008,-97.0,-2.7306249141693115,972.5942993164062,10.0439
2024-11-16 10:10:22,24350.22265625,233.78040649414064,1.241,-1.1999999999999957,4.008,-97.0,-3.004101514816284,972.1820068359375,13.8405
2024-11-16 09:10:22,24347.1708984375,233.75563476562502,1.242,-1.25,4.005,-97.0,-3.437819719314575,971.607421875,9.6011
2024-11-16 08:10:22,24347.1708984375,233.7627911376953,1.246,-1.25,4.005,-97.0,-3.501538038253784,970.8917846679688,14.463700000000001
2024-11-16 07:10:22,24347.1708984375,233.76922302246095,1.25,-1.1999999999999957,4.008,-97.0,-3.7987890243530273,970.2485961914062,12.0652
2024-11-16 06:10:22,24341.0673828125,233.71569519042967,1.252,-1.25,4.008,-97.0,-3.4284472465515137,969.4978637695312,13.0164
2024-11-16 05:10:22,24341.0673828125,233.71962768554687,1.255,-1.1999999999999957,4.008,-97.0,-2.993708610534668,969.1046142578125,11.856100000000001
2024-11-16 04:10:23,24341.0673828125,233.72350219726565,1.256,-1.1999999999999957,4.005,-97.0,-3.405690908432007,968.7171630859375,11.4502
2024-11-16 03:10:23,24341.0673828125,233.72745483398438,1.257,-1.1999999999999957,4.008,-97.0,-3.4775586128234863,968.3218994140625,11.0279
2024-11-16 02:10:23,24344.119140625,233.75789062500002,1.257,-1.1999999999999957,4.008,-97.0,-3.3946874141693115,968.330078125,9.9414
2024-11-16 01:10:23,24347.1708984375,233.78705505371096,1.258,-1.1999999999999957,4.005,-97.0,-3.571911573410034,968.4653930664062,12.052900000000001
2024-11-16 00:10:23,24341.0673828125,233.72386474609374,1.257,-1.1999999999999957,4.008,-97.0,-4.537912368774414,968.680908203125,9.6052
2024-11-15 23:10:23,24341.0673828125,233.7221893310547,1.26,-1.25,4.005,-97.0,-4.3116455078125,968.8484497070312,14.631800000000002
2024-11-15 22:10:23,24341.0673828125,233.7199658203125,1.262,-1.1999999999999957,4.008,-97.0,-4.896503925323486,969.07080078125,10.7368
2024-11-15 21:10:23,24344.119140625,233.74389465332033,1.265,-1.1999999999999957,4.005,-97.0,-5.431843280792236,969.7296752929688,14.5744
2024-11-15 20:10:23,24338.015625,233.67817810058594,1.269,-1.1999999999999957,4.008,-97.0,-5.446310997009277,970.1978149414062,9.6134
2024-11-15 19:10:23,24338.015625,233.67798583984376,1.271,-1.1999999999999957,4.008,-97.0,-5.527417182922363,970.217041015625,13.065600000000002
2024-11-15 18:10:23,24338.015625,233.67251098632812,1.274,-1.1999999999999957,4.008,-97.0,-6.141689300537109,970.7645263671875,14.730200000000002
2024-11-15 17:10:23,24334.9638671875,233.64237304687498,1.28,-1.1999999999999957,4.005,-98.0,-5.713947772979736,970.7265625,14.9762
2024-11-15 16:10:23,24341.0673828125,233.70325256347655,1.29,-1.1999999999999957,4.008,-98.0,-4.976181507110596,970.7421264648438,10.7409
2024-11-15 15:10:23,24341.0673828125,233.7043817138672,1.297,-1.25,4.008,-97.0,-3.880847215652466,970.6292114257812,12.8483
2024-11-15 14:10:23,24347.1708984375,233.75740295410156,1.307,-1.1999999999999957,4.008,-97.0,-5.0704665184021,971.4306030273438,14.656400000000001
2024-11-15 13:10:23,24344.119140625,233.72437255859376,1.3,-1.1999999999999957,4.005,-97.0,-6.013645172119141,971.681884765625,12.3358
2024-11-15 12:10:24,24341.0673828125,233.68716735839843,1.293,-1.1999999999999957,4.008,-96.0,-5.833703517913818,972.3506469726562,14.8245
2024-11-15 11:10:23,24344.119140625,233.72304504394532,1.291,-1.25,4.008,-97.0,-4.691701889038086,971.8146362304688,10.3391
2024-11-15 10:10:23,24341.0673828125,233.69696899414063,1.291,-1.1999999999999957,4.008,-92.0,-4.649245738983154,971.3704833984375,12.831900000000001
2024-11-15 09:10:24,24344.119140625,233.72020629882812,1.29,-1.1999999999999957,4.008,-97.0,-5.072299957275391,972.0985107421875,13.487900000000002
2024-11-15 08:10:24,24347.1708984375,233.73112548828124,1.291,-1.1999999999999957,4.008,-97.0,-4.706779956817627,974.058349609375,13.541200000000002
2024-11-15 07:10:24,24350.22265625,233.74995544433597,1.287,-1.1999999999999957,4.008,-96.0,-4.817775726318359,975.2271118164062,12.745800000000001
2024-11-15 06:10:24,24350.22265625,233.74618286132812,1.286,-1.1999999999999957,4.005,-96.0,-4.443220138549805,975.6043701171875,10.257100000000001
2024-11-15 05:10:24,24356.326171875,233.80215209960937,1.289,-1.1999999999999957,4.008,-97.0,-5.036298751831055,976.1109619140625,11.9053
2024-11-15 04:10:24,24350.22265625,233.7423718261719,1.297,-1.1999999999999957,4.008,-97.0,-5.47585916519165,975.9854736328125,11.696200000000001
2024-11-15 03:10:24,24359.3779296875,233.83272827148437,1.297,-1.1999999999999957,4.005,-97.0,-5.318403244018555,976.1051025390625,12.364500000000001
2024-11-15 02:10:24,24359.3779296875,233.831826171875,1.3,-1.25,4.008,-98.0,-4.443017482757568,976.1953125,10.2284
2024-11-15 01:10:23,24359.3779296875,233.83397521972657,1.291,-1.1999999999999957,4.008,-97.0,-2.903501033782959,975.9804077148438,11.888900000000001
2024-11-15 00:10:24,24356.326171875,233.8021765136719,1.289,-1.1999999999999957,4.008,-97.0,-2.450556755065918,976.1085205078125,14.418600000000001
2024-11-14 23:10:23,24353.2744140625,233.77554809570313,1.29,-1.1999999999999957,4.005,-98.0,-2.3834447860717773,975.7196044921875,14.886000000000001
2024-11-14 22:10:23,24356.326171875,233.80948181152345,1.29,-1.1999999999999957,4.008,-97.0,-2.219128370285034,975.3779907226562,14.775300000000001
2024-11-14 21:10:24,24356.326171875,233.81414978027345,1.29,-1.1999999999999957,4.008,-97.0,-2.1585352420806885,974.9111938476562,13.877400000000002
2024-11-14 20:10:24,24356.326171875,233.82114501953126,1.291,-1.1999999999999957,4.008,-97.0,-2.179934024810791,974.211669921875,12.245600000000001
2024-11-14 19:10:24,24350.22265625,233.76457641601561,1.288,-1.1999999999999957,4.008,-97.0,-2.1977295875549316,973.7650146484375,13.651900000000001
2024-11-14 18:10:24,24347.1708984375,233.74104492187502,1.285,-1.25,4.005,-97.0,-2.277272939682007,973.06640625,14.373500000000002
2024-11-14 17:10:24,24344.119140625,233.71772094726563,1.284,-1.25,4.008,-97.0,-2.3240087032318115,972.3470458984375,13.975800000000001
2024-11-14 16:10:24,24341.0673828125,233.69218261718748,1.282,-1.1999999999999957,4.008,-97.0,-2.347036123275757,971.84912109375,14.972100000000001
2024-11-14 15:10:24,24334.9638671875,233.640361328125,1.283,-1.25,4.005,-98.0,-2.9344067573547363,970.927734375,12.6187
2024-11-14 14:10:24,24334.9638671875,233.64324035644532,1.293,-1.1999999999999957,4.008,-97.0,-3.8049707412719727,970.6398315429688,12.9303
2024-11-14 13:10:24,24328.8603515625,233.5877685546875,1.29,-1.1999999999999957,4.008,-97.0,-4.151674747467041,970.08349609375,14.869600000000002
2024-11-14 12:10:24,24338.015625,233.68561157226563,1.291,-1.1999999999999957,4.005,-97.0,-4.13027811050415,969.4544677734375,11.4543
2024-11-14 11:10:24,24331.912109375,233.63175048828126,1.289,-1.1999999999999957,4.005,-97.0,-4.123757362365723,968.737060546875,11.1263
2024-11-14 10:10:24,24328.8603515625,233.6070458984375,1.292,-1.1999999999999957,4.005,-93.0,-4.148481369018555,968.15576171875,11.446100000000001
2024-11-14 09:10:24,24328.8603515625,233.61064575195314,1.292,-1.1999999999999957,4.008,-97.0,-4.364084243774414,967.7957763671875,10.663
2024-11-14 07:40:24,24322.7568359375,233.55449279785154,1.293,-1.1999999999999957,4.008,-97.0,-4.716901779174805,967.3075561523438,12.569500000000001
2024-11-14 06:40:24,24319.705078125,233.5286541748047,1.292,-1.25,4.005,-97.0,-5.534616470336914,966.8396606445312,12.4014
2024-11-14 05:40:24,24319.705078125,233.5360723876953,1.293,-1.1999999999999957,4.008,-97.0,-5.037656307220459,966.0978393554688,12.1964
2024-11-14 04:40:24,24316.6533203125,233.5127081298828,1.291,-1.1999999999999957,4.008,-96.0,-4.997988224029541,965.3825073242188,12.389100000000001
2024-11-14 03:40:24,24310.5498046875,233.45957397460938,1.293,-1.1999999999999957,4.008,-97.0,-5.179150581359863,964.5924072265625,12.528500000000001
2024-11-14 02:40:25,24313.6015625,233.49787475585939,1.294,-1.1999999999999957,4.008,-97.0,-4.752631664276123,963.8140869140625,12.5859
2024-11-14 01:40:25,24310.5498046875,233.47330505371093,1.297,-1.1999999999999957,4.008,-97.0,-4.688439846038818,963.2192993164062,12.602300000000001
2024-11-14 00:40:25,24310.5498046875,233.47660888671874,1.296,-1.1999999999999957,4.008,-97.0,-5.024887561798096,962.888916015625,12.6064
2024-11-13 23:40:25,24301.39453125,233.39109313964843,1.297,-1.25,4.008,-97.0,-5.359975814819336,962.2852172851562,12.2825
2024-11-13 22:40:25,24307.498046875,233.46067016601563,1.297,-1.1999999999999957,4.008,-97.0,-4.293237209320068,961.4310302734375,12.5326
2024-11-13 21:40:25,24307.498046875,233.47406494140625,1.299,-1.25,4.008,-97.0,-2.795835018157959,960.091552734375,12.405500000000002
2024-11-13 20:40:25,24307.498046875,233.4825994873047,1.302,-1.1999999999999957,4.008,-97.0,-2.706103563308716,959.2380981445312,12.590000000000002
2024-11-13 19:40:25,24310.5498046875,233.52225402832033,1.303,-1.1999999999999957,4.008,-98.0,-2.559445858001709,958.3244018554688,12.5326
2024-11-13 18:40:25,24307.498046875,233.50030029296875,1.306,-1.1999999999999957,4.008,-97.0,-2.31646728515625,957.468017578125,12.417800000000002
2024-11-13 17:40:25,24307.498046875,233.52330566406252,1.309,-1.1999999999999957,4.005,-97.0,-1.8288134336471558,955.16748046875,12.4014
2024-11-13 16:40:25,24298.3427734375,233.4564044189453,1.311,-1.1999999999999957,4.008,-97.0,-1.0384057760238647,952.7023315429688,12.524400000000002
2024-11-13 15:40:25,24301.39453125,233.5066455078125,1.309,-1.1999999999999957,4.008,-98.0,0.14292724430561066,950.72998046875,12.467
2024-11-13 14:40:25,24301.39453125,233.53127502441407,1.309,-1.25,4.008,-97.0,1.0219128131866455,948.2670288085938,12.4342
2024-11-13 13:40:25,24304.4462890625,233.5875347900391,1.307,-1.25,4.008,-97.0,1.267879605293274,945.6928100585938,12.376800000000001
2024-11-13 12:40:25,24313.6015625,233.67959838867188,1.309,-1.1499999999999986,4.008,-97.0,1.4030566215515137,945.6417236328125,12.405500000000002
2024-11-13 11:40:25,24304.4462890625,233.58561462402346,1.312,-1.1999999999999957,4.005,-97.0,1.4582812786102295,945.8848266601562,12.442400000000001
2024-11-13 10:40:25,24310.5498046875,233.63586364746095,1.315,-1.1999999999999957,4.008,-96.0,0.7318615913391113,946.9634399414062,12.438300000000002
2024-11-13 09:40:25,24307.498046875,233.58753356933593,1.318,-1.1999999999999957,4.008,-97.0,0.8201000690460205,948.7446899414062,12.409600000000001
2024-11-13 08:40:25,24313.6015625,233.63622314453124,1.318,-1.25,4.008,-98.0,1.174139380455017,949.979248046875,12.3932
2024-11-13 07:40:25,24313.6015625,233.62219055175783,1.317,-1.1999999999999957,4.008,-97.0,0.8076684474945068,951.3825073242188,14.9229
2024-11-13 06:40:25,24322.7568359375,233.69843078613283,1.314,-1.1999999999999957,4.008,-98.0,0.8033215403556824,952.9137573242188,14.623600000000001
2024-11-13 05:40:25,24325.80859375,233.71742553710936,1.325,-1.1999999999999957,4.005,-97.0,0.6769750714302063,954.0660400390625,13.032800000000002
2024-11-13 04:40:26,24319.705078125,233.6439733886719,1.327,-1.25,4.008,-97.0,0.1821887195110321,955.3077392578125,9.8061
2024-11-13 03:40:26,24319.705078125,233.63413513183593,1.327,-1.1999999999999957,4.008,-97.0,-0.5097925066947937,956.2915649414062,11.651100000000001
2024-11-13 02:40:26,24316.6533203125,233.58974731445315,1.326,-1.25,4.008,-97.0,-0.7052197456359863,957.6785888671875,13.090200000000001
2024-11-13 01:40:26,24316.6533203125,233.58310058593753,1.328,-1.25,4.008,-96.0,-0.7175830006599426,958.34326171875,13.209100000000001
2024-11-13 00:40:26,24325.80859375,233.66784545898437,1.328,-1.1999999999999957,4.005,-97.0,-0.4775939881801605,959.0240478515625,14.3489
2024-11-12 23:40:26,24322.7568359375,233.62947937011717,1.329,-1.1999999999999957,4.008,-96.0,-0.8614550828933716,959.8088989257812,11.4502
2024-11-12 22:40:26,24313.6015625,233.53386962890625,1.331,-1.25,4.008,-97.0,-1.331174373626709,960.214599609375,14.7917
2024-11-12 21:40:26,24319.705078125,233.59586669921873,1.333,-1.1999999999999957,4.008,-97.0,-1.4081372022628784,960.118408203125,15.054100000000002
2024-11-12 20:40:26,24322.7568359375,233.6218017578125,1.335,-1.1999999999999957,4.008,-96.0,-1.552280306816101,960.57666015625,10.7819
2024-11-12 19:40:26,24325.80859375,233.65395568847657,1.339,-1.1999999999999957,4.008,-98.0,-2.0029125213623047,960.4130249023438,9.748700000000001
2024-11-12 18:40:26,24322.7568359375,233.6233526611328,1.341,-1.1999999999999957,4.008,-97.0,-2.206289052963257,960.4215698242188,14.734300000000001
2024-11-12 17:40:26,24313.6015625,233.52590087890627,1.346,-1.1999999999999957,4.005,-98.0,-3.600712776184082,961.011474609375,10.3514
2024-11-12 16:40:26,24313.6015625,233.52860778808594,1.35,-1.1999999999999957,4.008,-97.0,-2.905471086502075,960.7407836914062,14.947500000000002
2024-11-12 15:40:26,24319.705078125,233.5984326171875,1.355,-1.1999999999999957,4.008,-96.0,-0.9845385551452637,959.86181640625,12.057
2024-11-12 14:40:26,24319.705078125,233.60377197265623,1.36,-1.1999999999999957,4.008,-98.0,-1.3685351610183716,959.327880859375,14.2423
2024-11-12 13:40:26,24325.80859375,233.67269226074222,1.365,-1.25,4.005,-97.0,-1.901088833808899,958.5393676757812,9.761000000000001
2024-11-12 12:40:26,24338.015625,233.8057958984375,1.369,-1.1999999999999957,4.008,-97.0,-2.3414647579193115,957.43603515625,11.1919
2024-11-12 11:40:26,24319.705078125,233.63455322265625,1.373,-1.1999999999999957,4.005,-97.0,-2.5606689453125,956.249755859375,13.672400000000001
2024-11-12 10:40:26,24316.6533203125,233.62096923828125,1.376,-1.1999999999999957,4.008,-98.0,-2.495119571685791,954.556396484375,9.7528
2024-11-12 09:40:26,24310.5498046875,233.57709411621096,1.379,-1.1999999999999957,4.008,-96.0,-2.503474235534668,952.8403930664062,11.618300000000001
2024-11-12 08:40:26,24310.5498046875,233.59552673339846,1.384,-1.25,4.008,-93.0,-2.506664991378784,950.9971313476562,11.0279
2024-11-12 07:40:26,24295.291015625,233.45963623046873,1.388,-1.1999999999999957,4.008,-96.0,-2.7142529487609863,949.327392578125,13.815900000000001
2024-11-12 06:40:26,24298.3427734375,233.5096405029297,1.393,-1.25,4.008,-98.0,-3.0884008407592773,947.3787231445312,14.734300000000001
2024-11-12 05:40:27,24286.1357421875,233.4071044921875,1.401,-1.1999999999999957,4.008,-98.0,-3.2225584983825684,945.42529296875,12.1677
2024-11-12 04:40:27,24270.876953125,233.2722833251953,1.409,-1.1999999999999957,4.008,-97.0,-3.384702205657959,943.6486206054688,10.257100000000001
2024-11-12 03:40:27,24267.8251953125,233.25668395996092,1.418,-1.1999999999999957,4.008,-97.0,-3.9240479469299316,942.1567993164062,12.2169
2024-11-12 02:40:27,24255.6181640625,233.14695800781251,1.429,-1.25,4.008,-96.0,-4.329169750213623,940.92236328125,12.8975
2024-11-12 01:40:27,24255.6181640625,233.15671813964843,1.438,-1.1999999999999957,4.008,-97.0,-4.657599925994873,939.9463500976562,13.414100000000001
2024-11-12 00:40:27,24246.462890625,233.07645385742188,1.448,-1.25,4.008,-97.0,-4.699785232543945,938.8175048828125,9.7651
2024-11-11 23:40:27,24255.6181640625,233.1762451171875,1.458,-1.25,4.008,-97.0,-4.915658950805664,937.99365234375,13.2911
2024-11-11 22:40:27,24252.56640625,233.15766174316408,1.467,-1.1999999999999957,4.008,-97.0,-5.240898609161377,936.8002319335938,10.581000000000001
2024-11-11 21:40:27,24255.6181640625,233.19719360351564,1.482,-1.25,4.008,-97.0,-5.452085018157959,935.8988037109375,14.3899
2024-11-11 20:40:27,24252.56640625,233.1789630126953,1.494,-1.25,4.008,-98.0,-5.460507869720459,934.6701049804688,9.7979
2024-11-11 19:40:27,24246.462890625,233.12474548339844,1.504,-1.25,4.008,-96.0,-5.27676248550415,933.9883422851562,13.217300000000002
2024-11-11 18:40:27,24252.56640625,233.19438598632814,1.506,-1.1999999999999957,4.008,-96.0,-5.1248779296875,933.1278076171875,9.7241
2024-11-11 17:40:27,24252.56640625,233.20220153808594,1.517,-1.1999999999999957,4.008,-97.0,-3.9106664657592773,932.3462524414062,11.314900000000002
2024-11-11 16:40:27,24249.5146484375,233.17053649902346,1.523,-1.1999999999999957,4.008,-98.0,-3.849668025970459,932.4609985351562,13.0615
2024-11-11 15:40:28,24240.359375,233.06698059082032,1.519,-1.1999999999999957,4.008,-98.0,-3.8186254501342773,933.6613159179688,12.3481
2024-11-11 14:40:28,24231.2041015625,232.95980590820312,1.519,-1.1999999999999957,4.008,-97.0,-4.337321758270264,935.2235107421875,11.909400000000002
2024-11-11 13:40:28,24243.4111328125,233.06970520019533,1.522,-1.1999999999999957,4.008,-98.0,-4.807451248168945,936.4406127929688,10.6302
2024-11-11 12:40:28,24240.359375,233.03225830078128,1.529,-1.1999999999999957,4.008,-98.0,-4.779123306274414,937.133544921875,14.9844
2024-11-11 11:40:28,24243.4111328125,233.05925720214844,1.536,-1.25,4.008,-98.0,-4.944323539733887,937.4854125976562,12.2169
2024-11-11 10:40:28,24237.3076171875,232.99061279296876,1.547,-1.1999999999999957,4.008,-97.0,-4.24459981918335,938.246337890625,13.4305
2024-11-11 09:40:28,24240.359375,233.0175018310547,1.55,-1.1999999999999957,4.008,-97.0,-3.719721794128418,938.6091918945312,15.066400000000002
2024-11-11 08:40:28,24243.4111328125,233.042900390625,1.555,-1.1499999999999986,4.008,-96.0,-3.3165698051452637,939.12109375,14.484200000000001
2024-11-11 07:40:28,24243.4111328125,233.04591552734377,1.572,-1.1999999999999957,4.008,-93.0,-2.6709156036376953,938.819580078125,13.118900000000002
2024-11-11 06:40:28,24246.462890625,233.0589080810547,1.576,-1.1999999999999957,4.008,-96.0,-2.660659074783325,940.5720825195312,12.528500000000001
2024-11-11 05:40:28,24237.3076171875,232.95074951171875,1.586,-1.1999999999999957,4.008,-96.0,-2.0370800495147705,942.232666015625,12.3071
2024-11-11 04:40:28,24246.462890625,233.0251171875,1.586,-1.1999999999999957,4.008,-96.0,-1.636987328529358,943.951171875,12.4014
2024-11-11 03:40:28,24243.4111328125,232.98653137207032,1.589,-1.1999999999999957,4.008,-96.0,-2.231694221496582,944.7579956054688,12.5859
2024-11-11 02:40:28,24237.3076171875,232.91300170898438,1.598,-1.25,4.008,-96.0,-3.9758105278015137,946.0074462890625,12.3399
2024-11-11 01:40:28,24237.3076171875,232.89806762695315,1.606,-1.1999999999999957,4.008,-96.0,-4.904587268829346,947.5008544921875,12.278400000000001
2024-11-11 00:40:28,24237.3076171875,232.88758239746096,1.614,-1.1999999999999957,4.008,-96.0,-5.54534912109375,948.5493774414062,12.467
2024-11-10 23:40:28,24237.3076171875,232.87691833496095,1.62,-1.1999999999999957,4.008,-96.0,-6.675397872924805,949.6157836914062,12.495700000000001
2024-11-10 22:40:29,24237.3076171875,232.86465270996092,1.626,-1.1999999999999957,4.008,-96.0,-8.151537895202637,950.8423461914062,12.5654
2024-11-10 21:40:29,24237.3076171875,232.85734558105472,1.635,-1.1999999999999957,4.008,-96.0,-8.401579856872559,951.5730590820312,12.3604
2024-11-10 20:40:29,24243.4111328125,232.91575012207034,1.636,-1.1999999999999957,4.008,-96.0,-8.426984786987305,951.8361206054688,12.799100000000001
2024-11-10 19:40:29,24234.255859375,232.82417724609374,1.641,-1.1999999999999957,4.008,-96.0,-7.587805271148682,951.838134765625,12.495700000000001
2024-11-10 18:40:28,24231.2041015625,232.80071228027344,1.641,-1.1499999999999986,4.008,-96.0,-6.0223388671875,951.1328735351562,12.7704
2024-11-10 17:40:28,24222.048828125,232.71624267578125,1.642,-1.1999999999999957,4.008,-96.0,-4.239301681518555,950.424560546875,12.635100000000001
2024-11-10 16:40:28,24228.15234375,232.77710083007815,1.645,-1.1999999999999957,4.008,-96.0,-4.195691108703613,950.4422607421875,12.831900000000001
2024-11-10 15:40:28,24234.255859375,232.83609680175783,1.648,-1.1999999999999957,4.008,-96.0,-4.011674880981445,950.6461791992188,12.6187
2024-11-10 14:40:28,24228.15234375,232.7693518066406,1.651,-1.1999999999999957,4.008,-96.0,-4.629004001617432,951.2171630859375,12.631
2024-11-10 13:40:28,24231.2041015625,232.8026251220703,1.657,-1.1499999999999986,4.008,-96.0,-4.321154594421387,950.9415893554688,12.713000000000001
2024-11-10 12:40:28,24222.048828125,232.70802734375,1.658,-1.1999999999999957,4.008,-96.0,-4.589943885803223,951.24609375,12.6925
2024-11-10 11:40:28,24222.048828125,232.7111999511719,1.654,-1.1999999999999957,4.008,-96.0,-4.905605316162109,950.9288330078125,12.6597
2024-11-10 10:40:28,24218.9970703125,232.68437133789064,1.651,-1.1999999999999957,4.008,-96.0,-4.783132553100586,950.5599365234375,12.5326
2024-11-10 09:40:28,24215.9453125,232.66193298339843,1.64,-1.1999999999999957,4.008,-96.0,-4.407016754150391,949.7520141601562,12.508000000000001
2024-11-10 08:40:28,24215.9453125,232.66807189941406,1.642,-1.1999999999999957,4.008,-96.0,-4.3672776222229,949.1381225585938,12.4219
2024-11-10 07:40:29,24218.9970703125,232.70559326171875,1.643,-1.1499999999999986,4.005,-96.0,-4.576699256896973,948.437744140625,12.6597
2024-11-10 06:40:29,24212.8935546875,232.64559814453125,1.654,-1.1999999999999957,4.008,-96.0,-5.099064826965332,948.333740234375,10.3145
2024-11-10 05:40:29,24209.841796875,232.6159375,1.655,-1.1999999999999957,4.008,-96.0,-5.939128398895264,948.248046875,11.4297
2024-11-10 04:40:29,24209.841796875,232.61591064453125,1.658,-1.1999999999999957,4.008,-96.0,-7.429938793182373,948.250732421875,14.881900000000002
2024-11-10 03:40:29,24203.73828125,232.55371337890625,1.645,-1.1999999999999957,4.008,-96.0,-7.521166801452637,948.366943359375,12.352200000000002
2024-11-10 02:40:29,24203.73828125,232.55998840332035,1.64,-1.1999999999999957,4.008,-96.0,-5.529726505279541,947.7394409179688,11.7741
2024-11-10 01:40:29,24194.5830078125,232.47041748046877,1.641,-1.1999999999999957,4.008,-96.0,-5.056337833404541,947.541259765625,13.996300000000002
2024-11-10 00:40:29,24194.5830078125,232.46707397460938,1.638,-1.1999999999999957,4.012,-96.0,-5.340412616729736,947.8756103515625,14.578500000000002
2024-11-09 23:40:29,24197.634765625,232.50391235351566,1.644,-1.1999999999999957,4.008,-96.0,-5.3717942237854,947.2435302734375,12.2292
2024-11-09 22:40:29,24194.5830078125,232.47591552734377,1.642,-1.1499999999999986,4.008,-96.0,-5.296801567077637,946.991455078125,9.761000000000001
2024-11-09 21:40:29,24191.53125,232.45026245117188,1.642,-1.1999999999999957,4.005,-96.0,-5.328251838684082,946.5050048828125,11.9504
2024-11-09 20:40:29,24185.427734375,232.3892663574219,1.644,-1.1999999999999957,4.008,-96.0,-5.817673206329346,946.5010986328125,14.061900000000001
2024-11-09 19:40:29,24185.427734375,232.3965545654297,1.645,-1.1999999999999957,4.008,-96.0,-6.163901329040527,945.7722778320312,10.2653
2024-11-09 18:40:29,24185.427734375,232.40260986328124,1.645,-1.1999999999999957,4.008,-97.0,-6.579687595367432,945.166748046875,9.8225
2024-11-09 17:40:30,24185.427734375,232.4085040283203,1.646,-1.1999999999999957,4.008,-96.0,-7.902175426483154,944.5773315429688,14.4883
2024-11-09 16:40:30,24179.32421875,232.35865234375,1.645,-1.1999999999999957,4.008,-96.0,-7.790908336639404,943.458984375,10.376000000000001
2024-11-09 15:40:30,24173.220703125,232.31233886718752,1.647,-1.1999999999999957,4.008,-96.0,-7.398694038391113,941.98681640625,11.3518
2024-11-09 14:40:30,24161.013671875,232.20248291015625,1.648,-1.25,4.008,-97.0,-7.19918966293335,940.765380859375,13.032800000000002
2024-11-09 13:40:30,24164.0654296875,232.24399475097655,1.653,-1.1999999999999957,4.008,-97.0,-6.278222560882568,939.6659545898438,14.959800000000001
2024-11-09 12:40:30,24154.91015625,232.1651531982422,1.655,-1.1999999999999957,4.008,-97.0,-5.334707260131836,938.3948364257812,13.217300000000002
2024-11-09 11:40:30,24151.8583984375,232.14784667968752,1.657,-1.1999999999999957,4.008,-97.0,-5.664902210235596,937.07373046875,14.127500000000001
2024-11-09 10:40:30,24151.8583984375,232.1448779296875,1.665,-1.1999999999999957,4.008,-98.0,-6.364628791809082,937.37060546875,14.869600000000002
2024-11-09 09:40:30,24148.806640625,232.11191772460938,1.669,-1.1999999999999957,4.008,-97.0,-6.865256309509277,937.6148681640625,14.086500000000001
2024-11-09 08:40:30,24142.703125,232.05789978027343,1.672,-1.1999999999999957,4.008,-97.0,-7.523000717163086,936.9131469726562,14.980300000000002
2024-11-09 07:40:30,24142.703125,232.04786376953126,1.68,-1.1999999999999957,4.008,-97.0,-7.902378082275391,937.916748046875,12.376800000000001
2024-11-09 06:40:30,24139.6513671875,232.01391418457033,1.685,-1.1999999999999957,4.008,-97.0,-8.441452980041504,938.2599487304688,10.3186
2024-11-09 05:40:29,24136.599609375,231.97524536132815,1.693,-1.1999999999999957,4.008,-94.0,-9.144983291625977,939.0750732421875,14.353000000000002
2024-11-09 04:40:29,24142.703125,232.03602478027346,1.698,-1.1499999999999986,4.008,-96.0,-9.187368392944336,939.1006469726562,13.110700000000001
2024-11-09 03:40:29,24133.5478515625,231.93888793945314,1.704,-1.1999999999999957,4.008,-97.0,-9.24999713897705,939.6590576171875,12.3809
2024-11-09 02:40:30,24133.5478515625,231.9314111328125,1.71,-1.1999999999999957,4.008,-96.0,-9.073862075805664,940.40673828125,10.4457
2024-11-09 01:40:30,24136.599609375,231.94808044433591,1.719,-1.1999999999999957,4.008,-96.0,-8.98114013671875,941.7915649414062,13.856900000000001
2024-11-09 00:40:30,24136.599609375,231.94273437500001,1.726,-1.1499999999999986,4.008,-96.0,-9.351210594177246,942.326171875,14.7261
2024-11-08 23:40:30,24130.49609375,231.86876403808594,1.732,-1.1999999999999957,4.008,-97.0,-10.113971710205078,943.6196899414062,13.717500000000001
2024-11-08 22:40:30,24130.49609375,231.85924072265624,1.73,-1.1499999999999986,4.008,-96.0,-11.02026653289795,944.572021484375,14.160300000000001
2024-11-08 21:40:30,24127.4443359375,231.82079162597657,1.728,-1.1999999999999957,4.008,-96.0,-11.476945877075195,945.3651733398438,12.462900000000001
2024-11-08 20:40:30,24127.4443359375,231.81946594238283,1.733,-1.1499999999999986,4.008,-96.0,-11.390268325805664,945.4977416992188,10.9746
2024-11-08 19:40:31,24121.3408203125,231.76161376953127,1.74,-1.1999999999999957,4.008,-97.0,-11.42083740234375,945.179443359375,14.213600000000001
2024-11-08 18:40:31,24118.2890625,231.7307861328125,1.737,-1.1999999999999957,4.008,-97.0,-10.997577667236328,945.21044921875,12.4137
2024-11-08 17:40:31,24124.392578125,231.79808227539064,1.741,-1.1999999999999957,4.008,-96.0,-10.347441673278809,944.5843505859375,13.0943
2024-11-08 16:40:31,24115.2373046875,231.7087255859375,1.741,-1.1499999999999986,4.008,-96.0,-9.403107643127441,944.36474609375,15.935600000000003
2024-11-08 15:40:31,24112.185546875,231.6799102783203,1.741,-1.1999999999999957,4.008,-97.0,-9.927170753479004,944.1945190429688,12.257900000000001
2024-11-08 14:40:31,24106.08203125,231.61487182617185,1.744,-1.1999999999999957,4.008,-97.0,-11.216032981872559,944.5948486328125,16.275900000000004
2024-11-08 13:40:30,24103.0302734375,231.58005432128905,1.748,-1.1999999999999957,4.008,-97.0,-11.819436073303223,945.0248413085938,10.8024
2024-11-08 12:40:30,24106.08203125,231.6156799316406,1.746,-1.1999999999999957,4.012,-96.0,-11.15170669555664,944.5140380859375,14.102900000000002
2024-11-08 11:40:30,24106.08203125,231.6258447265625,1.75,-1.1999999999999957,4.008,-96.0,-9.756943702697754,943.49755859375,14.992600000000001
2024-11-08 10:40:30,24096.9267578125,231.53344482421875,1.753,-1.1999999999999957,4.008,-97.0,-9.729296684265137,943.582275390625,15.078700000000001
2024-11-08 09:40:31,24096.9267578125,231.5276989746094,1.757,-1.1999999999999957,4.008,-97.0,-10.310690879821777,944.1568603515625,11.134500000000001
2024-11-08 08:40:31,24096.9267578125,231.52786987304688,1.757,-1.1999999999999957,4.008,-97.0,-9.9008150100708,944.1397705078125,13.729800000000001
2024-11-08 07:40:31,24096.9267578125,231.5301641845703,1.755,-1.1999999999999957,4.008,-96.0,-8.802490234375,943.9103393554688,11.9135
2024-11-08 06:40:31,24087.771484375,231.43186645507814,1.759,-1.1999999999999957,4.008,-97.0,-9.62808609008789,944.5848388671875,12.475200000000001
2024-11-08 05:40:31,24090.8232421875,231.45970947265624,1.763,-1.1499999999999986,4.008,-96.0,-10.236174583435059,944.852294921875,11.2165
2024-11-08 04:40:31,24087.771484375,231.42752258300783,1.761,-1.1999999999999957,4.008,-97.0,-10.654814720153809,945.0192260742188,10.658900000000001
2024-11-08 03:40:31,24081.66796875,231.36223449707032,1.764,-1.1999999999999957,4.008,-94.0,-10.3772611618042,945.4445190429688,12.877
2024-11-08 02:10:31,24084.7197265625,231.38427307128907,1.772,-1.1999999999999957,4.008,-96.0,-11.375596046447754,946.2924194335938,12.893400000000002
2024-11-08 01:10:31,24084.7197265625,231.38095642089843,1.777,-1.1999999999999957,4.008,-96.0,-11.121953010559082,946.6240844726562,12.9098
2024-11-08 00:10:32,24078.6162109375,231.31561157226565,1.783,-1.1999999999999957,4.008,-97.0,-11.667278289794922,947.0550537109375,12.6064
2024-11-07 23:10:32,24081.66796875,231.34256774902343,1.787,-1.1499999999999986,4.008,-97.0,-12.757111549377441,947.4111938476562,13.1353
2024-11-07 22:10:31,24066.4091796875,231.19121826171877,1.792,-1.1999999999999957,4.008,-97.0,-12.0505952835083,947.287353515625,12.9959
2024-11-07 21:10:31,24066.4091796875,231.19404724121094,1.79,-1.1999999999999957,4.008,-97.0,-11.19287109375,947.0044555664062,13.1271
2024-11-07 20:10:31,24063.357421875,231.16115234375002,1.793,-1.1999999999999957,4.008,-97.0,-12.100251197814941,947.2421875,13.565800000000001
2024-11-07 19:10:31,24057.25390625,231.10466613769532,1.797,-1.1999999999999957,4.008,-97.0,-11.51348876953125,946.7872924804688,13.0082
2024-11-07 18:10:31,24054.2021484375,231.07486389160158,1.802,-1.1999999999999957,4.008,-97.0,-11.488425254821777,946.7157592773438,13.315700000000001
2024-11-07 17:10:31,24054.2021484375,231.08412780761716,1.805,-1.1999999999999957,4.008,-97.0,-9.972207069396973,945.7893676757812,13.262400000000001
2024-11-07 16:10:31,24051.150390625,231.06108154296876,1.803,-1.1999999999999957,4.008,-97.0,-8.316262245178223,945.042236328125,13.4428
2024-11-07 15:10:32,24045.046875,231.00026123046877,1.802,-1.1999999999999957,4.008,-97.0,-8.142230987548828,945.020751953125,14.1439
2024-11-07 14:10:32,24048.0986328125,231.0192333984375,1.803,-1.1999999999999957,4.008,-97.0,-10.36523723602295,946.17529296875,14.1193
2024-11-07 13:10:32,24045.046875,230.9826934814453,1.805,-1.1999999999999957,4.008,-97.0,-12.01839828491211,946.7775268554688,12.8155
2024-11-07 12:10:32,24048.0986328125,231.00976928710938,1.811,-1.1999999999999957,4.008,-98.0,-12.825652122497559,947.1217041015625,12.7376
2024-11-07 11:10:32,24041.9951171875,230.94485290527345,1.813,-1.1999999999999957,4.008,-97.0,-14.149836540222168,947.5098266601562,12.991800000000001
2024-11-07 10:10:32,24035.8916015625,230.88397827148438,1.816,-1.1499999999999986,4.008,-97.0,-13.671965599060059,947.4937744140625,12.417800000000002
2024-11-07 09:10:32,24026.736328125,230.7962939453125,1.817,-1.1999999999999957,4.008,-97.0,-13.366018295288086,947.10693359375,12.9426
2024-11-07 08:10:32,24026.736328125,230.78953063964846,1.822,-1.1999999999999957,4.008,-97.0,-14.315241813659668,947.7832641601562,12.819600000000001
2024-11-07 07:10:32,24017.5810546875,230.69733093261718,1.829,-1.1999999999999957,4.008,-96.0,-14.620441436767578,947.8479614257812,12.7171
2024-11-07 06:10:32,24014.529296875,230.67041625976566,1.834,-1.1999999999999957,4.008,-97.0,-14.441110610961914,947.4876708984375,12.364500000000001
2024-11-07 05:10:32,24008.42578125,230.60960449218751,1.835,-1.1999999999999957,4.008,-97.0,-14.40674114227295,947.46533203125,13.0164
2024-11-07 04:10:32,24008.42578125,230.6063720703125,1.833,-1.1999999999999957,4.008,-97.0,-15.057624816894531,947.78857421875,12.9426
2024-11-07 03:10:32,24005.3740234375,230.5753369140625,1.833,-1.1999999999999957,4.008,-97.0,-14.895277976989746,947.84033203125,12.3358
2024-11-07 02:10:32,23999.2705078125,230.5095135498047,1.833,-1.1999999999999957,4.008,-97.0,-15.2416410446167,948.3191528320312,10.474400000000001
2024-11-07 01:10:32,23999.2705078125,230.5056091308594,1.842,-1.1999999999999957,4.008,-97.0,-15.069171905517578,948.7095947265625,10.2612
2024-11-07 00:10:33,23996.21875,230.47276977539065,1.852,-1.1499999999999986,4.008,-97.0,-14.581381797790527,948.9417724609375,12.0242
2024-11-06 23:10:33,23999.2705078125,230.51147827148438,1.861,-1.1999999999999957,4.008,-98.0,-13.522185325622559,948.1226806640625,13.7093
2024-11-06 22:10:33,23993.1669921875,230.45039489746097,1.872,-1.1999999999999957,4.008,-97.0,-13.566064834594727,948.1275024414062,10.777800000000001
2024-11-06 21:10:32,23990.115234375,230.4133544921875,1.881,-1.1999999999999957,4.008,-97.0,-13.703144073486328,948.77978515625,15.4518
2024-11-06 20:10:32,23977.908203125,230.28925720214843,1.891,-1.1999999999999957,4.008,-98.0,-13.138322830200195,948.9824829101562,10.6753
2024-11-06 19:10:32,23977.908203125,230.30010009765624,1.899,-1.1999999999999957,4.008,-98.0,-11.563689231872559,947.898193359375,12.3358
2024-11-06 18:10:32,23971.8046875,230.2495428466797,1.902,-1.1999999999999957,4.008,-98.0,-9.374238014221191,946.8504028320312,14.291500000000001
2024-11-06 17:10:32,23971.8046875,230.2569360351563,1.909,-1.1999999999999957,4.008,-98.0,-7.403786659240723,946.111083984375,13.705200000000001
2024-11-06 16:10:33,23965.701171875,230.1982360839844,1.915,-1.1999999999999957,4.008,-98.0,-7.290688514709473,945.8775634765625,13.0615
2024-11-06 15:10:33,23959.59765625,230.13333984375004,1.923,-1.1999999999999957,4.008,-98.0,-7.676247596740723,946.263671875,16.480900000000002
2024-11-06 14:10:33,23959.59765625,230.12466186523437,1.93,-1.1999999999999957,4.008,-97.0,-8.520930290222168,947.1314697265625,16.448100000000004
2024-11-06 13:10:33,23959.59765625,230.1194580078125,1.949,-1.1999999999999957,4.012,-98.0,-9.499702453613281,947.65185546875,14.804
2024-11-06 12:10:33,23956.5458984375,230.08363891601562,1.962,-1.0999999999999943,4.008,-97.0,-10.286848068237305,948.1820068359375,10.3801
2024-11-06 11:10:33,23947.390625,229.99103759765626,1.975,-1.1499999999999986,4.008,-97.0,-10.045705795288086,948.286865234375,11.0935
2024-11-06 10:10:33,23938.2353515625,229.90383789062503,2.001,-1.1999999999999957,4.008,-98.0,-9.40487289428711,947.8515625,13.565800000000001
2024-11-06 09:10:33,23929.080078125,229.81918334960938,2.005,-1.1999999999999957,4.008,-98.0,-8.635319709777832,947.1617431640625,9.7856
2024-11-06 08:10:33,23922.9765625,229.75964660644533,2.017,-1.1999999999999957,4.008,-97.0,-8.301250457763672,947.0119018554688,10.8024
2024-11-06 07:10:33,23922.9765625,229.76447814941406,2.031,-1.1999999999999957,4.012,-98.0,-7.67556619644165,946.5287475585938,14.7794
2024-11-06 06:10:33,23919.9248046875,229.73665405273437,2.057,-1.1999999999999957,4.008,-98.0,-6.913281440734863,946.2593994140625,14.4145
2024-11-06 05:10:34,23919.9248046875,229.73514953613284,2.065,-1.25,4.008,-98.0,-6.842297554016113,946.4098510742188,12.426
2024-11-06 04:10:34,23919.9248046875,229.73361694335938,2.074,-1.25,4.008,-98.0,-6.997646331787109,946.5631103515625,13.8528
2024-11-06 03:10:33,23910.76953125,229.6405474853516,2.076,-1.1499999999999986,4.008,-98.0,-7.088874340057373,946.7147827148438,10.937700000000001
2024-11-06 02:10:34,23910.76953125,229.6368395996094,2.082,-1.1999999999999957,4.012,-95.0,-7.22622537612915,947.0855712890625,14.894200000000001
2024-11-06 01:10:33,23910.76953125,229.63403076171875,2.075,-1.1999999999999957,4.008,-98.0,-7.333415508270264,947.366455078125,12.971300000000001
2024-11-06 00:10:33,23904.666015625,229.56973449707033,2.085,-1.1999999999999957,4.008,-98.0,-7.386670112609863,947.6925659179688,14.8983
2024-11-05 23:10:33,23901.6142578125,229.5325506591797,2.118,-1.1999999999999957,4.008,-98.0,-7.391899585723877,948.3591918945312,10.4334
2024-11-05 22:10:33,23892.458984375,229.43640563964846,2.131,-1.1999999999999957,4.012,-97.0,-7.258762359619141,948.8184204101562,14.2505
2024-11-05 21:10:33,23892.458984375,229.4326647949219,2.146,-1.1999999999999957,4.008,-98.0,-7.035620212554932,949.1925048828125,10.3186
2024-11-05 20:10:33,23880.251953125,229.3078759765625,2.151,-1.1999999999999957,4.008,-98.0,-6.87286376953125,949.46435546875,12.2743
2024-11-05 19:10:33,23886.35546875,229.36451110839843,2.154,-1.1999999999999957,4.008,-97.0,-6.632875919342041,949.9043579101562,13.7421
2024-11-05 18:10:33,23886.35546875,229.3630419921875,2.151,-1.1999999999999957,4.008,-98.0,-6.394787788391113,950.05126953125,14.8368
2024-11-05 17:10:33,23883.3037109375,229.3296032714844,2.157,-1.1999999999999957,4.008,-98.0,-6.201804161071777,950.3433837890625,10.868
2024-11-05 16:10:34,23877.2001953125,229.26551147460938,2.163,-1.1999999999999957,4.008,-98.0,-6.115129470825195,950.6490478515625,13.1804
2024-11-05 15:10:34,23874.1484375,229.23287170410157,2.17,-1.1999999999999957,4.012,-97.0,-5.839682579040527,950.8612670898438,11.638800000000002
2024-11-05 14:10:34,23871.0966796875,229.19607299804687,2.183,-1.1999999999999957,4.008,-98.0,-6.191411018371582,951.4893798828125,11.8274
2024-11-05 13:10:34,23880.251953125,229.28365173339844,2.192,-1.1999999999999957,4.012,-97.0,-5.992180347442627,951.8867797851562,11.2575
2024-11-05 12:10:34,23880.251953125,229.28165649414063,2.205,-1.25,4.008,-98.0,-5.214270114898682,952.0863037109375,9.8963
2024-11-05 11:10:34,23883.3037109375,229.3116326904297,2.208,-1.1999999999999957,4.008,-98.0,-5.407932281494141,952.1404418945312,11.9914
2024-11-05 10:10:34,23883.3037109375,229.30818298339844,2.213,-1.1999999999999957,4.008,-98.0,-5.371996879577637,952.4854125976562,11.9463
2024-11-05 09:10:34,23871.0966796875,229.18382385253906,2.21,-1.1999999999999957,4.008,-98.0,-5.353115081787109,952.7142944335938,14.398100000000001
2024-11-05 08:10:34,23868.044921875,229.1516766357422,2.207,-1.1999999999999957,4.008,-98.0,-5.532646656036377,952.8772583007812,11.491200000000001
2024-11-05 07:10:34,23858.8896484375,229.0591082763672,2.211,-1.1999999999999957,4.008,-98.0,-5.588483810424805,952.9788208007812,14.988500000000002
2024-11-05 06:10:34,23868.044921875,229.14728454589846,2.213,-1.1999999999999957,4.008,-98.0,-5.869094371795654,953.3164672851562,10.048
2024-11-05 05:10:34,23864.9931640625,229.11513061523436,2.224,-1.1999999999999957,4.008,-98.0,-6.233662128448486,953.4801025390625,9.8102
2024-11-05 04:10:34,23864.9931640625,229.11373535156253,2.217,-1.25,4.008,-98.0,-6.345676422119141,953.61962890625,14.139800000000001
2024-11-05 03:10:34,23868.044921875,229.14147521972654,2.218,-1.1999999999999957,4.008,-98.0,-5.938720703125,953.8973999023438,14.061900000000001
2024-11-05 02:10:34,23864.9931640625,229.1104864501953,2.222,-1.1999999999999957,4.012,-98.0,-5.432385444641113,953.9445190429688,13.229600000000001
2024-11-05 01:10:34,23871.0966796875,229.16908996582032,2.22,-1.1999999999999957,4.012,-96.0,-5.431027889251709,954.1876831054688,14.927000000000001
2024-11-05 00:10:34,23852.7861328125,228.98553955078125,2.224,-1.1999999999999957,4.012,-98.0,-5.070874214172363,954.232177734375,12.6925
2024-11-04 23:10:35,23849.734375,228.9546063232422,2.219,-1.1999999999999957,4.008,-98.0,-5.128068923950195,954.2737426757812,12.569500000000001
2024-11-04 22:10:35,23840.5791015625,228.86109985351564,2.217,-1.1999999999999957,4.008,-98.0,-5.759255409240723,954.4691162109375,12.5449
2024-11-04 21:10:35,23831.423828125,228.76956481933593,2.216,-1.1999999999999957,4.008,-98.0,-6.039050102233887,954.4673461914062,12.352200000000002
2024-11-04 20:10:35,23831.423828125,228.76826721191406,2.226,-1.1999999999999957,4.012,-98.0,-6.886516094207764,954.5971069335938,12.569500000000001
2024-11-04 19:10:35,23825.3203125,228.72024780273438,2.234,-1.1999999999999957,4.008,-98.0,-5.369687557220459,953.2955322265625,12.462900000000001
2024-11-04 18:10:35,23831.423828125,228.79529296875,2.235,-1.1999999999999957,4.008,-98.0,-3.271533250808716,951.89453125,12.6064
2024-11-04 17:10:35,23831.423828125,228.8016796875,2.251,-1.1999999999999957,4.008,-98.0,-2.8742918968200684,951.255859375,12.569500000000001
2024-11-04 16:10:35,23825.3203125,228.75041564941404,2.25,-1.1999999999999957,4.008,-98.0,-2.7788524627685547,950.2787475585938,12.7294
2024-11-04 15:10:35,23822.2685546875,228.72457275390627,2.251,-1.25,4.008,-98.0,-2.961987257003784,949.811279296875,12.5449
2024-11-04 14:10:35,23813.11328125,228.63950622558593,2.261,-1.1999999999999957,4.012,-98.0,-3.0823535919189453,949.1626586914062,12.667900000000001
2024-11-04 13:10:35,23807.009765625,228.58281494140627,2.261,-1.1999999999999957,4.008,-98.0,-3.6544432640075684,948.728271484375,12.8237
2024-11-04 12:10:35,23794.802734375,228.47360595703125,2.278,-1.1999999999999957,4.008,-98.0,-4.423115253448486,947.442138671875,12.5326
2024-11-04 11:10:35,23794.802734375,228.48510559082033,2.284,-1.1999999999999957,4.008,-98.0,-4.7793288230896,946.2921752929688,12.745800000000001
2024-11-04 10:10:35,23791.7509765625,228.4693035888672,2.288,-1.1499999999999986,4.012,-98.0,-4.090471267700195,944.8206176757812,12.766300000000001
2024-11-04 09:10:36,23785.6474609375,228.41860595703125,2.293,-1.1999999999999957,4.012,-98.0,-4.21240234375,943.786865234375,12.549000000000001
2024-11-04 08:10:35,23788.69921875,228.45930053710936,2.293,-1.1999999999999957,4.012,-98.0,-4.514272689819336,942.7691650390625,12.6597
2024-11-04 07:10:35,23782.595703125,228.41207214355472,2.305,-1.1999999999999957,4.008,-98.0,-4.727565765380859,941.3884887695312,12.733500000000001
2024-11-04 06:10:35,23779.5439453125,228.39200805664063,2.309,-1.1999999999999957,4.008,-98.0,-4.947109222412109,940.3431396484375,12.622800000000002
2024-11-04 05:10:35,23776.4921875,228.36929626464843,2.312,-1.1999999999999957,4.012,-98.0,-5.068903923034668,939.5625610351562,12.626900000000001
2024-11-04 04:10:35,23773.4404296875,228.3441979980469,2.305,-1.1999999999999957,4.008,-98.0,-5.279209136962891,939.0206298828125,12.5326
2024-11-04 03:10:35,23755.1298828125,228.1638397216797,2.298,-1.1999999999999957,4.008,-98.0,-5.380148887634277,938.7459106445312,13.032800000000002
2024-11-04 02:10:35,23755.1298828125,228.16651977539064,2.279,-1.1999999999999957,4.012,-98.0,-5.504187107086182,938.4779052734375,12.7294
2024-11-04 01:10:35,23739.87109375,228.0105694580078,2.269,-1.1999999999999957,4.008,-98.0,-5.504797458648682,938.8141479492188,12.971300000000001
2024-11-04 00:10:35,23733.767578125,227.94835754394535,2.253,-1.25,4.008,-98.0,-5.506630897521973,938.9318237304688,12.885200000000001
2024-11-03 23:10:35,23733.767578125,227.94199523925784,2.225,-1.1999999999999957,4.008,-98.0,-5.3279128074646,939.5680541992188,10.773700000000002
2024-11-03 22:10:35,23730.7158203125,227.9056524658203,2.213,-1.1999999999999957,4.008,-98.0,-5.351552963256836,940.1505737304688,15.1033
2024-11-03 21:10:35,23733.767578125,227.9304541015625,2.196,-1.1499999999999986,4.012,-98.0,-5.453171253204346,940.72216796875,11.3764
2024-11-03 20:10:35,23727.6640625,227.86278381347657,2.179,-1.1999999999999957,4.012,-98.0,-5.751240253448486,941.3856811523438,10.277600000000001
2024-11-03 19:10:36,23727.6640625,227.8583026123047,2.17,-1.1999999999999957,4.012,-98.0,-5.883630275726318,941.8338012695312,14.5867
2024-11-03 18:10:36,23724.6123046875,227.82475646972657,2.136,-1.1999999999999957,4.008,-98.0,-6.061057090759277,942.1366577148438,15.021300000000002
2024-11-03 17:10:36,23724.6123046875,227.82564025878906,2.117,-1.1999999999999957,4.008,-98.0,-5.759933948516846,942.0482788085938,12.643300000000002
2024-11-03 16:10:36,23715.45703125,227.73902893066406,2.108,-1.25,4.008,-98.0,-3.8704540729522705,941.5541381835938,15.357500000000002
2024-11-03 15:10:36,23721.560546875,227.79672607421875,2.099,-1.1999999999999957,4.008,-98.0,-4.389829158782959,941.887939453125,16.480900000000002
2024-11-03 14:10:36,23715.45703125,227.72350158691407,2.091,-1.1999999999999957,4.008,-98.0,-6.068801403045654,943.1068725585938,13.369000000000002
2024-11-03 13:10:36,23706.3017578125,227.62072448730467,2.081,-1.1999999999999957,4.012,-98.0,-7.186215877532959,944.2293090820312,16.480900000000002
2024-11-03 12:10:36,23715.45703125,227.6982897949219,2.061,-1.1999999999999957,4.008,-98.0,-8.440298080444336,945.6280517578125,14.016800000000002
2024-11-03 11:10:36,23718.5087890625,227.71649169921875,2.05,-1.1999999999999957,4.008,-98.0,-8.357834815979004,946.859619140625,12.085700000000001
2024-11-03 10:10:36,23718.5087890625,227.71424560546876,2.052,-1.25,4.008,-98.0,-7.670268535614014,947.084228515625,14.914700000000002
2024-11-03 09:10:36,23721.560546875,227.74214355468752,2.048,-1.1999999999999957,4.008,-98.0,-6.337456226348877,947.34619140625,11.425600000000001
2024-11-03 08:10:36,23684.939453125,227.37524047851562,2.033,-1.1999999999999957,4.008,-98.0,-5.588483810424805,947.4154052734375,12.905700000000001
2024-11-03 07:10:36,23681.8876953125,227.34325744628907,2.029,-1.1999999999999957,4.008,-98.0,-4.9236741065979,947.5619506835938,9.9373
2024-11-03 06:10:37,23681.8876953125,227.33913940429687,2.027,-1.1999999999999957,4.012,-98.0,-4.618950366973877,947.9737548828125,12.225100000000001
2024-11-03 05:10:37,23678.8359375,227.30658264160155,2.018,-1.1499999999999986,4.008,-98.0,-4.605229377746582,948.1776733398438,11.7659
2024-11-03 04:10:37,23675.7841796875,227.2755236816406,2.015,-1.1999999999999957,4.008,-98.0,-4.545588493347168,948.2318115234375,13.725700000000002
2024-11-03 03:10:37,23675.7841796875,227.27410949707033,2.036,-1.1999999999999957,4.008,-98.0,-4.467607498168945,948.3732299804688,14.816300000000002
2024-11-03 02:10:37,23672.732421875,227.24342651367186,2.01,-1.1999999999999957,4.012,-98.0,-4.135983943939209,948.3897705078125,14.968000000000002
2024-11-03 01:10:37,23657.4736328125,227.09132873535157,1.997,-1.1999999999999957,4.008,-98.0,-4.380319595336914,948.3407592773438,13.922500000000001
2024-11-03 00:10:37,23648.318359375,226.99750183105468,1.989,-1.1999999999999957,4.008,-98.0,-4.151877403259277,948.5681762695312,15.058200000000001
2024-11-02 23:10:37,23639.1630859375,226.91234130859374,1.986,-1.1999999999999957,4.012,-98.0,-4.084086894989014,947.928955078125,12.626900000000001
2024-11-02 22:10:37,23636.111328125,226.88357727050783,1.984,-1.1999999999999957,4.008,-98.0,-4.385483264923096,947.7536010742188,14.816300000000002
2024-11-02 21:10:37,23636.111328125,226.88466735839847,1.989,-1.1499999999999986,4.012,-98.0,-3.7807886600494385,947.6445922851562,11.278
2024-11-02 20:10:37,23636.111328125,226.89694274902342,1.997,-1.1999999999999957,4.012,-98.0,-2.642997980117798,946.4170532226562,12.426
2024-11-02 19:10:37,23626.9560546875,226.8129345703125,2.013,-1.1999999999999957,4.008,-98.0,-2.158332586288452,945.66259765625,10.8475
2024-11-02 18:10:37,23633.0595703125,226.8788916015625,2.026,-1.1999999999999957,4.012,-98.0,-1.0659838914871216,945.17041015625,12.126700000000001
2024-11-02 17:10:37,23623.904296875,226.7915203857422,2.036,-1.1999999999999957,4.008,-98.0,0.006459960713982582,944.7522583007812,13.4182
2024-11-02 16:10:37,23617.80078125,226.72910522460938,2.038,-1.1999999999999957,4.012,-99.0,-0.059498291462659836,944.8902587890625,15.6773
2024-11-02 15:10:37,23614.7490234375,226.69406372070313,2.038,-1.1999999999999957,4.012,-98.0,-0.49919432401657104,945.3426513671875,14.881900000000002
2024-11-02 14:10:37,23593.38671875,226.47825134277343,2.037,-1.1999999999999957,4.008,-98.0,-1.3478857278823853,945.5615844726562,15.140200000000002
2024-11-02 13:10:37,23608.6455078125,226.6244158935547,2.041,-1.1999999999999957,4.008,-98.0,-2.6146044731140137,946.2039184570312,10.335
2024-11-02 12:10:38,23605.59375,226.59327026367185,2.05,-1.25,4.012,-98.0,-2.916882276535034,946.2667236328125,14.3612
2024-11-02 11:10:38,23605.59375,226.59830932617186,2.061,-1.1999999999999957,4.012,-98.0,-2.378962516784668,945.7628173828125,12.5982
2024-11-02 10:10:38,23602.5419921875,226.56822692871094,2.066,-1.1999999999999957,4.012,-98.0,-1.8902881145477295,945.7192993164062,10.7819
2024-11-02 09:10:38,23605.59375,226.6082873535156,2.07,-1.1999999999999957,4.012,-98.0,-1.539646029472351,944.7650146484375,13.3116
2024-11-02 08:10:38,23608.6455078125,226.64283447265626,2.071,-1.1999999999999957,4.008,-98.0,-0.23651733994483948,944.362060546875,12.3604
2024-11-02 07:10:38,23602.5419921875,226.5836474609375,2.071,-1.1999999999999957,4.008,-98.0,0.22240234911441803,944.17724609375,12.0037
2024-11-02 06:10:38,23599.490234375,226.5595135498047,2.069,-1.1999999999999957,4.008,-98.0,0.6207995414733887,943.5388793945312,12.352200000000002
2024-11-02 05:10:38,23590.3349609375,226.471142578125,2.074,-1.1999999999999957,4.012,-98.0,0.6023913621902466,943.220703125,13.5699
2024-11-02 04:10:38,23581.1796875,226.38214111328125,2.079,-1.25,4.012,-98.0,-0.4664538502693176,942.965576171875,13.967600000000001
2024-11-02 03:10:38,23568.97265625,226.25836486816408,2.081,-1.1499999999999986,4.008,-98.0,-1.0083813667297363,943.1361694335938,12.118500000000001
2024-11-02 02:10:38,23562.869140625,226.20192443847657,2.088,-1.1999999999999957,4.012,-98.0,-0.6889843940734863,942.6766967773438,13.217300000000002
2024-11-02 01:10:38,23550.662109375,226.08119323730472,2.085,-1.1999999999999957,4.008,-98.0,0.5618383884429932,942.5427856445312,11.2329
2024-11-02 00:10:38,23532.3515625,225.89705261230472,2.087,-1.1999999999999957,4.012,-98.0,0.11976318061351776,942.6463012695312,11.2001
2024-11-01 23:10:38,23529.2998046875,225.86564880371094,2.09,-1.1999999999999957,4.012,-96.0,-0.2825048863887787,942.7349243164062,12.561300000000001
2024-11-01 22:10:38,23526.248046875,225.84013671875,2.097,-1.1999999999999957,4.012,-98.0,0.7616821527481079,942.234375,12.721200000000001
2024-11-01 20:40:38,23523.1962890625,225.8057067871094,2.107,-1.1499999999999986,4.012,-98.0,0.8634374737739563,942.6256103515625,12.569500000000001
2024-11-01 19:40:38,23517.0927734375,225.74514343261717,2.113,-1.1999999999999957,4.012,-98.0,1.4083545207977295,942.5784301757812,12.626900000000001
2024-11-01 18:40:38,23510.9892578125,225.68588012695312,2.117,-1.1999999999999957,4.012,-98.0,2.0118932723999023,942.4012451171875,12.7581
2024-11-01 17:40:38,23507.9375,225.6543798828125,2.121,-1.1999999999999957,4.008,-98.0,2.4340648651123047,942.49951171875,12.831900000000001
2024-11-01 16:40:38,23495.73046875,225.5322186279297,2.13,-1.1999999999999957,4.012,-98.0,2.6422643661499023,942.5086059570312,13.143500000000001
2024-11-01 15:40:38,23492.6787109375,225.4995587158203,2.144,-1.1499999999999986,4.012,-98.0,2.607891798019409,942.7228393554688,13.036900000000001
2024-11-01 14:40:38,23480.4716796875,225.36900146484373,2.153,-1.25,4.012,-98.0,1.1339257955551147,943.571533203125,12.799100000000001
2024-11-01 13:40:38,23483.5234375,225.3914373779297,2.162,-1.1999999999999957,4.012,-98.0,1.115789771080017,944.3796997070312,12.766300000000001
2024-11-01 12:40:38,23471.31640625,225.27823120117188,2.171,-1.1999999999999957,4.012,-98.0,1.6006579399108887,943.4932861328125,12.6597
2024-11-01 11:40:38,23459.109375,225.15711547851564,2.188,-1.1999999999999957,4.012,-98.0,1.421533226966858,943.3978271484375,12.819600000000001
2024-11-01 10:40:38,23446.90234375,225.05170471191406,2.197,-1.1999999999999957,4.008,-98.0,1.910681128501892,941.7318725585938,12.655600000000002
2024-11-01 09:40:38,23443.8505859375,225.03231811523438,2.205,-1.1999999999999957,4.012,-98.0,2.3285045623779297,940.6187744140625,12.6515
2024-11-01 08:40:39,23434.6953125,224.9487969970703,2.206,-1.1999999999999957,4.012,-98.0,2.5318126678466797,939.8156127929688,12.754000000000001
2024-11-01 07:40:39,23431.6435546875,224.92138732910155,2.209,-1.1999999999999957,4.008,-98.0,2.4593346118927,939.5048217773438,12.7253
2024-11-01 06:40:39,23425.5400390625,224.86333007812502,2.21,-1.1499999999999986,4.012,-99.0,1.8204723596572876,939.20703125,12.766300000000001
2024-11-01 05:40:39,23425.5400390625,224.86097229003906,2.208,-1.25,4.008,-98.0,1.937445044517517,939.4428100585938,12.6638
2024-11-01 04:40:39,23422.48828125,224.82999694824218,2.208,-1.1499999999999986,4.012,-98.0,1.7811425924301147,939.4885864257812,12.7171
2024-11-01 03:40:39,23413.3330078125,224.730283203125,2.208,-1.1999999999999957,4.012,-98.0,1.4101208448410034,940.3046875,12.6597
2024-11-01 02:40:39,23410.28125,224.6865093994141,2.206,-1.1999999999999957,4.012,-98.0,0.9763342142105103,941.6303100585938,12.799100000000001
2024-11-01 01:40:39,23407.2294921875,224.65170715332033,2.205,-1.1999999999999957,4.008,-98.0,1.234188199043274,942.0587768554688,12.7704
2024-11-01 00:40:39,23404.177734375,224.60707885742187,2.205,-1.1999999999999957,4.012,-98.0,1.3169238567352295,943.4698486328125,12.7376
2024-10-31 23:40:39,23391.970703125,224.4750604248047,2.201,-1.1999999999999957,4.012,-98.0,1.5850354433059692,944.4646606445312,12.635100000000001
2024-10-31 22:40:39,23391.970703125,224.46635681152344,2.199,-1.1999999999999957,4.012,-98.0,1.1341979503631592,945.3350219726562,12.590000000000002
2024-10-31 21:40:39,23388.9189453125,224.41446594238283,2.198,-1.1999999999999957,4.008,-98.0,0.1629663109779358,947.4723510742188,12.5777
2024-10-31 20:40:39,23388.9189453125,224.39649658203126,2.196,-1.25,4.012,-98.0,0.35173705220222473,949.269287109375,14.676900000000002
2024-10-31 19:40:39,23388.9189453125,224.3922674560547,2.197,-1.1999999999999957,4.012,-98.0,-0.48506590723991394,949.6921997070312,14.2423
2024-10-31 18:40:39,23385.8671875,224.35704345703127,2.202,-1.1999999999999957,4.008,-98.0,-0.9112451076507568,950.162841796875,14.799900000000001
2024-10-31 17:40:39,23388.9189453125,224.38212280273436,2.201,-1.1499999999999986,4.012,-98.0,-1.2641992568969727,950.7066650390625,15.099200000000002
2024-10-31 16:40:39,23391.970703125,224.4005920410156,2.199,-1.1999999999999957,4.012,-98.0,-1.8481738567352295,951.9114990234375,15.205800000000002
2024-10-31 15:40:39,23382.8154296875,224.29869934082032,2.202,-1.1999999999999957,4.012,-98.0,-2.6204442977905273,952.9454956054688,15.349300000000001
2024-10-31 14:40:39,23376.7119140625,224.2252227783203,2.205,-1.1999999999999957,4.008,-98.0,-2.8550684452056885,954.1896362304688,11.380500000000001
2024-10-31 13:40:39,23373.66015625,224.18110717773436,2.208,-1.1999999999999957,4.012,-98.0,-3.5894360542297363,955.5494384765625,15.328800000000001
2024-10-31 12:40:39,23379.763671875,224.2354803466797,2.211,-1.1999999999999957,4.012,-98.0,-4.037487983703613,956.2156372070312,15.086900000000002
2024-10-31 11:40:39,23373.66015625,224.1654187011719,2.211,-1.1999999999999957,4.012,-98.0,-4.352402210235596,957.1182861328125,13.520700000000001
2024-10-31 10:40:39,23364.5048828125,224.0736181640625,2.216,-1.1999999999999957,4.012,-98.0,-4.283862113952637,957.14306640625,14.471900000000002
2024-10-31 09:40:39,23364.5048828125,224.06275146484376,2.222,-1.1999999999999957,4.012,-98.0,-5.676655292510986,958.229736328125,11.852
2024-10-31 08:40:40,23361.453125,224.01969970703124,2.228,-1.1999999999999957,4.012,-98.0,-6.396486759185791,959.483154296875,14.008600000000001
2024-10-31 07:40:40,23364.5048828125,224.04302795410158,2.234,-1.1999999999999957,4.012,-98.0,-6.575952053070068,960.2020874023438,11.130400000000002
2024-10-31 06:40:40,23355.349609375,223.94477905273436,2.242,-1.1999999999999957,4.012,-98.0,-6.502182483673096,960.8717041015625,13.4715
2024-10-31 05:40:40,23343.142578125,223.8114227294922,2.247,-1.1499999999999986,4.012,-98.0,-7.099130630493164,962.0003051757812,10.310400000000001
2024-10-31 04:40:40,23337.0390625,223.74814941406248,2.251,-1.1999999999999957,4.012,-98.0,-7.244768142700195,962.22412109375,10.1628
2024-10-31 03:40:40,23340.0908203125,223.77621459960938,2.26,-1.1999999999999957,4.012,-98.0,-7.211484432220459,962.4693603515625,14.549800000000001
2024-10-31 02:40:40,23324.83203125,223.61593505859375,2.269,-1.1999999999999957,4.008,-98.0,-7.1282057762146,963.238525390625,13.4961
2024-10-31 01:40:40,23300.41796875,223.36687316894535,2.273,-1.1999999999999957,4.008,-98.0,-6.946904182434082,963.7306518554688,10.540000000000001
2024-10-31 00:40:40,23288.2109375,223.24119873046874,2.282,-1.1999999999999957,4.012,-98.0,-7.089213848114014,964.091064453125,13.1681
2024-10-30 23:40:40,23285.1591796875,223.20507141113282,2.292,-1.1499999999999986,4.012,-98.0,-7.2012939453125,964.6520385742188,11.228800000000001
2024-10-30 22:40:39,23288.2109375,223.22505371093752,2.304,-1.1999999999999957,4.012,-98.0,-7.615178108215332,965.70556640625,10.1956
2024-10-30 21:40:39,23285.1591796875,223.18911743164062,2.314,-1.1999999999999957,4.012,-98.0,-8.123007774353027,966.2474365234375,14.9311
2024-10-30 20:40:39,23285.1591796875,223.18420959472658,2.326,-1.1999999999999957,4.008,-98.0,-7.893344879150391,966.7382202148438,15.7552
2024-10-30 19:40:39,23276.00390625,223.08845764160156,2.334,-1.1999999999999957,4.012,-97.0,-7.575236797332764,967.1581420898438,13.077900000000001
2024-10-30 18:40:40,23269.900390625,223.02783020019533,2.349,-1.1999999999999957,4.012,-98.0,-6.643539905548096,967.1173706054688,10.745000000000001
2024-10-30 17:40:40,23263.796875,222.9696514892578,2.356,-1.1999999999999957,4.012,-98.0,-5.761225700378418,966.8317260742188,11.606000000000002
2024-10-30 16:40:40,23257.693359375,222.9034606933594,2.358,-1.1999999999999957,4.008,-98.0,-5.421179294586182,967.3472900390625,12.303
2024-10-30 15:40:40,23248.5380859375,222.80854553222656,2.358,-1.1499999999999986,4.012,-98.0,-5.479189395904541,967.6835327148438,16.480900000000002
2024-10-30 14:40:40,23239.3828125,222.70923217773435,2.357,-1.1999999999999957,4.012,-98.0,-6.761733531951904,968.4595947265625,15.771600000000001
2024-10-30 13:40:40,23242.4345703125,222.73099243164063,2.356,-1.1999999999999957,4.012,-98.0,-8.393835067749023,969.3353271484375,13.832300000000002
2024-10-30 12:40:40,23236.3310546875,222.65485412597656,2.354,-1.1999999999999957,4.008,-98.0,-9.766386985778809,970.8456420898438,16.2144
2024-10-30 11:40:40,23236.3310546875,222.6496209716797,2.354,-1.1999999999999957,4.012,-98.0,-10.698559761047363,971.3689575195312,13.250100000000002
2024-10-30 10:40:40,23236.3310546875,222.64230712890625,2.353,-1.1999999999999957,4.012,-98.0,-11.302778244018555,972.100341796875,14.849100000000002
2024-10-30 09:40:41,23236.3310546875,222.64140197753906,2.354,-1.1999999999999957,4.012,-98.0,-11.424233436584473,972.1908569335938,11.1468
2024-10-30 08:40:41,23236.3310546875,222.63624206542968,2.353,-1.1499999999999986,4.012,-98.0,-11.77874755859375,972.7068481445312,13.631400000000001
2024-10-30 07:40:41,23236.3310546875,222.63285766601564,2.352,-1.1499999999999986,4.012,-98.0,-11.467231750488281,973.0452880859375,13.7995
2024-10-30 06:40:41,23239.3828125,222.6663836669922,2.35,-1.1999999999999957,4.008,-98.0,-11.457245826721191,972.7444458007812,10.2079
2024-10-30 05:40:41,23236.3310546875,222.6324853515625,2.35,-1.1999999999999957,4.012,-98.0,-11.914399147033691,973.08251953125,11.167300000000001
2024-10-30 04:40:41,23227.17578125,222.53651794433594,2.353,-1.1999999999999957,4.008,-98.0,-12.407079696655273,973.5239868164062,9.884
2024-10-30 03:40:41,23211.9169921875,222.38341735839845,2.352,-1.1999999999999957,4.012,-98.0,-12.427865982055664,973.5752563476562,9.986500000000001
2024-10-30 02:40:40,23196.658203125,222.2227038574219,2.346,-1.1999999999999957,4.012,-98.0,-12.359123229980469,974.3878173828125,14.5416
2024-10-30 01:40:40,23193.6064453125,222.20099365234375,2.345,-1.1999999999999957,4.012,-98.0,-11.13696575164795,973.507080078125,14.512900000000002
2024-10-30 00:40:41,23187.5029296875,222.1416229248047,2.338,-1.1999999999999957,4.008,-98.0,-10.769474983215332,973.3406372070312,14.7917
2024-10-29 23:40:41,23178.34765625,222.05422485351562,2.338,-1.1999999999999957,4.012,-98.0,-10.72192668914795,972.9251708984375,12.1841
2024-10-29 22:40:41,23172.244140625,221.99841796875,2.339,-1.1999999999999957,4.012,-97.0,-10.530981063842773,972.40234375,10.515400000000001
2024-10-29 21:40:41,23169.1923828125,221.96703552246095,2.338,-1.1999999999999957,4.012,-98.0,-10.61120319366455,972.4888305664062,12.6843
2024-10-29 20:40:41,23163.0888671875,221.91169677734376,2.334,-1.1499999999999986,4.008,-98.0,-10.526159286499023,971.919189453125,14.3899
2024-10-29 19:40:41,23147.830078125,221.7673846435547,2.33,-1.1999999999999957,4.012,-98.0,-10.23230266571045,971.0916137695312,12.946700000000002
2024-10-29 18:40:41,23144.7783203125,221.7426104736328,2.32,-1.1999999999999957,4.012,-98.0,-9.875749588012695,970.5172729492188,13.1271
2024-10-29 17:40:41,23138.6748046875,221.6894793701172,2.318,-1.1499999999999986,4.012,-98.0,-9.859719276428223,969.7268676757812,13.024600000000001
2024-10-29 16:40:41,23129.51953125,221.60422058105468,2.313,-1.1499999999999986,4.012,-98.0,-9.627472877502441,969.0974731445312,13.6232
2024-10-29 15:40:41,23117.3125,221.49206176757812,2.309,-1.1999999999999957,4.012,-98.0,-9.114279747009277,968.1063232421875,14.193100000000001
2024-10-29 14:40:42,23111.208984375,221.43129211425781,2.309,-1.1999999999999957,4.012,-98.0,-10.236379623413086,968.0797729492188,14.459600000000002
2024-10-29 13:40:42,23102.0537109375,221.3401318359375,2.304,-1.1999999999999957,4.012,-98.0,-11.517294883728027,968.04052734375,14.775300000000001
2024-10-29 12:40:42,23095.9501953125,221.28479736328126,2.293,-1.1499999999999986,4.012,-98.0,-11.879281997680664,967.470458984375,14.512900000000002
2024-10-29 11:40:41,23089.8466796875,221.22995727539063,2.293,-1.1999999999999957,4.012,-98.0,-12.23529052734375,966.8509521484375,12.860600000000002
2024-10-29 10:40:41,23086.794921875,221.20944702148438,2.29,-1.1499999999999986,4.012,-98.0,-11.976349830627441,965.8502197265625,12.631
2024-10-29 09:40:41,23089.8466796875,221.2523114013672,2.284,-1.1999999999999957,4.012,-98.0,-11.982260704040527,964.6155395507812,12.754000000000001
2024-10-29 08:40:41,23086.794921875,221.22702758789063,2.259,-1.1999999999999957,4.012,-98.0,-12.213554382324219,964.0921630859375,12.569500000000001
2024-10-29 07:40:41,23089.8466796875,221.26268005371094,2.224,-1.1999999999999957,4.012,-98.0,-12.8313570022583,963.5786743164062,12.631
2024-10-29 06:40:42,23086.794921875,221.23979248046876,2.216,-1.1499999999999986,4.012,-98.0,-12.7044677734375,962.815673828125,12.680200000000001
2024-10-29 05:40:42,23080.69140625,221.1898382568359,2.216,-1.25,4.012,-98.0,-12.522285461425781,961.7075805664062,12.430100000000001
2024-10-29 04:40:42,23080.69140625,221.19404235839846,2.219,-1.1999999999999957,4.012,-98.0,-13.115431785583496,961.2871704101562,12.626900000000001
2024-10-29 03:40:42,23077.6396484375,221.16971069335938,2.182,-1.1999999999999957,4.008,-98.0,-13.149055480957031,960.6685791015625,12.8483
2024-10-29 02:40:42,23071.5361328125,221.11686767578124,2.2,-1.1999999999999957,4.012,-98.0,-12.53458023071289,959.849365234375,12.8975
2024-10-29 01:40:42,23065.4326171875,221.06558959960938,2.225,-1.1999999999999957,4.012,-98.0,-12.165597915649414,958.8736572265625,12.602300000000001
2024-10-29 00:40:42,23068.484375,221.1030828857422,2.228,-1.1999999999999957,4.012,-98.0,-11.703754425048828,958.1760864257812,12.622800000000002
2024-10-28 23:40:41,23071.5361328125,221.13421386718753,2.211,-1.1499999999999986,4.012,-98.0,-11.9459867477417,958.11474609375,12.913900000000002
2024-10-28 22:40:42,23062.380859375,221.05233581542967,2.192,-1.1999999999999957,4.012,-98.0,-11.86780071258545,957.1472778320312,13.0205
2024-10-28 21:40:42,23050.173828125,220.93445861816406,2.21,-1.1499999999999986,4.012,-97.0,-11.42205810546875,956.7279663085938,13.1353
2024-10-28 20:40:42,23022.7080078125,220.6701690673828,2.21,-1.1999999999999957,4.012,-98.0,-10.33005142211914,955.6911010742188,12.971300000000001
2024-10-28 19:40:42,23019.65625,220.64559387207032,2.206,-1.1999999999999957,4.012,-97.0,-9.946259498596191,955.0968627929688,15.722400000000002
2024-10-28 18:40:42,23010.5009765625,220.56440368652343,2.199,-1.1999999999999957,4.012,-98.0,-9.59982681274414,954.0606079101562,13.241900000000001
2024-10-28 17:40:42,23004.3974609375,220.5125067138672,2.194,-1.1999999999999957,4.012,-98.0,-8.211381912231445,953.1467895507812,11.319
2024-10-28 16:40:42,23004.3974609375,220.52412231445314,2.188,-1.1999999999999957,4.012,-98.0,-6.548100471496582,951.9852294921875,15.123800000000001
2024-10-28 15:40:42,23007.44921875,220.55437988281253,2.202,-1.1999999999999957,4.012,-97.0,-7.230300426483154,952.01123046875,13.779000000000002
2024-10-28 14:40:42,22995.2421875,220.42996154785158,2.208,-1.1999999999999957,4.008,-97.0,-8.797599792480469,952.2460327148438,13.955300000000001
2024-10-28 13:40:42,23001.345703125,220.48989318847657,2.218,-1.1999999999999957,4.012,-98.0,-9.41628646850586,952.3563842773438,15.025400000000001
2024-10-28 12:40:43,22983.03515625,220.30216186523438,2.242,-1.25,4.012,-98.0,-10.64516830444336,952.8189697265625,15.324700000000002
2024-10-28 11:40:43,22964.724609375,220.1209295654297,2.251,-1.1499999999999986,4.012,-98.0,-11.154899597167969,952.6316528320312,14.8245
2024-10-28 10:40:43,22937.2587890625,219.84301025390624,2.26,-1.1999999999999957,4.012,-98.0,-11.6548490524292,952.957763671875,11.278
2024-10-28 09:40:43,22958.62109375,220.0600109863281,2.281,-1.1999999999999957,4.012,-97.0,-12.124841690063477,952.6199951171875,15.009
2024-10-28 08:40:43,22958.62109375,220.06125305175783,2.298,-1.1999999999999957,4.012,-97.0,-11.556013107299805,952.4957885742188,14.4145
2024-10-28 07:40:43,22934.20703125,219.82024536132812,2.309,-1.1499999999999986,4.012,-98.0,-11.37186050415039,952.1824951171875,12.8032
2024-10-28 06:40:43,22922.0,219.69984863281252,2.318,-1.1999999999999957,4.012,-97.0,-11.512676239013672,952.01513671875,10.2817
2024-10-28 05:40:42,22906.7412109375,219.5456964111328,2.331,-1.1999999999999957,4.012,-98.0,-11.529792785644531,952.1715698242188,10.2981
2024-10-28 04:40:42,22888.4306640625,219.36243896484373,2.341,-1.1999999999999957,4.012,-98.0,-11.636371612548828,952.186767578125,13.8282
2024-10-28 03:40:43,22864.0166015625,219.11597900390626,2.363,-1.1999999999999957,4.012,-98.0,-11.825209617614746,952.418701171875,12.1964
2024-10-28 02:40:43,22851.8095703125,218.99871154785157,2.382,-1.1999999999999957,4.012,-98.0,-11.826704025268555,951.9384155273438,14.631800000000002
2024-10-28 01:40:43,22860.96484375,219.0853271484375,2.393,-1.1999999999999957,4.012,-97.0,-11.994281768798828,952.43212890625,14.6523
2024-10-28 00:40:43,22851.8095703125,218.99353149414065,2.391,-1.1999999999999957,4.012,-97.0,-12.1179780960083,952.4564208984375,10.5892
2024-10-27 23:40:43,22842.654296875,218.90515625,2.376,-1.25,4.012,-98.0,-11.696623802185059,952.138671875,14.6728
2024-10-27 22:40:43,22842.654296875,218.91123107910158,2.369,-1.1499999999999986,4.012,-98.0,-11.341225624084473,951.5311889648438,14.7466
2024-10-27 21:40:43,22833.4990234375,218.81441040039064,2.356,-1.1999999999999957,4.015,-97.0,-11.564504623413086,952.0579833984375,10.581000000000001
2024-10-27 20:40:43,22824.34375,218.72377563476562,2.376,-1.1999999999999957,4.012,-98.0,-11.575304985046387,951.9661865234375,10.7245
2024-10-27 19:40:44,22818.240234375,218.6651257324219,2.405,-1.1999999999999957,4.015,-98.0,-11.110678672790527,951.7276611328125,15.7962
2024-10-27 18:40:43,22809.0849609375,218.57930419921874,2.42,-1.1999999999999957,4.015,-97.0,-9.80374526977539,951.154541015625,13.110700000000001
2024-10-27 17:40:43,22799.9296875,218.49733764648437,2.432,-1.1999999999999957,4.012,-102.0,-7.778818130493164,950.1959228515625,11.253400000000001
2024-10-27 16:40:43,22799.9296875,218.50353454589845,2.448,-1.1999999999999957,4.012,-97.0,-5.769648551940918,949.5762329101562,16.292300000000004
2024-10-27 15:40:44,22796.8779296875,218.47663024902346,2.442,-1.1999999999999957,4.012,-97.0,-3.586787223815918,949.2149047851562,15.624
2024-10-27 14:40:43,22793.826171875,218.44077514648438,2.449,-1.1999999999999957,4.012,-98.0,-4.83706521987915,949.7486572265625,13.770800000000001
2024-10-27 13:40:43,22787.72265625,218.37325134277341,2.426,-1.1999999999999957,4.012,-98.0,-5.5937819480896,950.3975219726562,15.853600000000002
2024-10-27 12:40:43,22775.515625,218.23611938476563,2.391,-1.1999999999999957,4.012,-97.0,-7.250270843505859,951.9036865234375,11.5035
2024-10-27 11:40:43,22766.3603515625,218.1288604736328,2.386,-1.1999999999999957,4.012,-98.0,-8.408439636230469,953.4743041992188,14.8368
2024-10-27 10:40:43,22754.1533203125,218.00040222167968,2.385,-1.1999999999999957,4.012,-98.0,-8.188423156738281,954.1130981445312,13.598600000000001
2024-10-27 09:40:43,22744.998046875,217.89560607910158,2.395,-1.1999999999999957,4.012,-98.0,-8.4019193649292,955.4374389648438,14.398100000000001
2024-10-27 08:40:43,22741.9462890625,217.8552911376953,2.416,-1.1999999999999957,4.012,-97.0,-8.620037078857422,956.4171752929688,14.5867
2024-10-27 07:40:44,22735.8427734375,217.7819744873047,2.453,-1.1999999999999957,4.012,-97.0,-8.891679763793945,957.6453247070312,10.5646
2024-10-27 06:40:44,22741.9462890625,217.83794555664062,2.493,-1.1999999999999957,4.012,-98.0,-7.848578929901123,958.1517333984375,10.634300000000001
2024-10-27 05:40:44,22738.89453125,217.80545715332033,2.506,-1.1999999999999957,4.012,-98.0,-7.573063850402832,958.3488159179688,11.3969
2024-10-27 04:40:44,22717.5322265625,217.58820251464843,2.509,-1.1499999999999986,4.012,-98.0,-6.642316818237305,958.7119750976562,14.6933
2024-10-27 03:40:44,22705.3251953125,217.46208801269532,2.523,-1.1999999999999957,4.012,-98.0,-6.859821796417236,959.1163940429688,13.545300000000001
2024-10-27 02:40:44,22690.06640625,217.30187866210937,2.536,-1.1999999999999957,4.012,-97.0,-7.407048225402832,959.8785400390625,14.8655
2024-10-27 01:40:44,22671.755859375,217.11078674316408,2.55,-1.1999999999999957,4.015,-98.0,-7.047439098358154,960.6771850585938,11.167300000000001
2024-10-27 01:40:44,22659.548828125,216.98819580078126,2.565,-1.1499999999999986,4.015,-98.0,-6.828166484832764,960.729248046875,14.3161
2024-10-27 00:40:44,22647.341796875,216.86005493164063,2.585,-1.1999999999999957,4.012,-97.0,-6.807109355926514,961.3363037109375,13.8938
2024-10-26 23:40:44,22638.1865234375,216.76904235839845,2.584,-1.1999999999999957,4.012,-97.0,-6.13754415512085,961.2822875976562,12.819600000000001
2024-10-26 22:40:44,22622.927734375,216.61630126953125,2.579,-1.1999999999999957,4.012,-97.0,-5.901767730712891,961.297607421875,15.5502
2024-10-26 21:40:44,22619.8759765625,216.58265686035156,2.587,-1.1999999999999957,4.012,-97.0,-5.56491231918335,961.6102905273438,14.853200000000001
2024-10-26 20:40:44,22616.82421875,216.55402954101564,2.6,-1.1999999999999957,4.012,-97.0,-5.092951774597168,961.4212646484375,10.494900000000001
2024-10-26 19:40:45,22607.6689453125,216.46227172851565,2.617,-1.1499999999999986,4.015,-97.0,-4.196914196014404,961.4417724609375,12.614600000000001
2024-10-26 18:40:44,22589.3583984375,216.28744873046878,2.624,-1.1999999999999957,4.012,-98.0,-1.2324072122573853,960.613525390625,13.803600000000001
2024-10-26 17:40:44,22583.2548828125,216.22982666015628,2.638,-1.1999999999999957,4.015,-98.0,-0.29317015409469604,960.272216796875,14.1521
2024-10-26 16:10:45,22564.9443359375,216.04204711914065,2.636,-1.1999999999999957,4.015,-98.0,-0.10127319395542145,960.7396240234375,14.1193
2024-10-26 15:10:45,22555.7890625,215.94743774414064,2.634,-1.1999999999999957,4.012,-98.0,-0.7110620141029358,961.0452880859375,14.3284
2024-10-26 14:10:45,22552.7373046875,215.91269714355468,2.642,-1.1999999999999957,4.012,-98.0,-2.974484920501709,961.4675903320312,13.2132
2024-10-26 13:10:45,22537.478515625,215.7574005126953,2.655,-1.1999999999999957,4.012,-98.0,-4.022068023681641,961.7384643554688,12.6843
2024-10-26 12:10:45,22516.1162109375,215.54604675292967,2.658,-1.1999999999999957,4.015,-98.0,-3.802661180496216,961.5115356445312,12.754000000000001
2024-10-26 11:10:45,22513.064453125,215.51871032714843,2.665,-1.1999999999999957,4.015,-98.0,-2.9802587032318115,961.1934204101562,12.774500000000002
2024-10-26 10:10:45,22491.7021484375,215.30733703613282,2.68,-1.1999999999999957,4.012,-98.0,-2.0131030082702637,960.9684448242188,12.655600000000002
2024-10-26 09:10:45,22424.5634765625,214.63951599121094,2.681,-1.1999999999999957,4.012,-98.0,-1.6378686428070068,960.6118774414062,12.516200000000001
2024-10-26 08:10:45,22497.8056640625,215.37136962890625,2.682,-1.1999999999999957,4.015,-98.0,-1.425595760345459,960.668701171875,12.741700000000002
2024-10-26 07:10:45,22482.546875,215.2226611328125,2.704,-1.1999999999999957,4.015,-98.0,-1.8291528224945068,960.28076171875,12.6925
2024-10-26 06:10:45,22458.1328125,214.98109130859376,2.722,-1.25,4.015,-98.0,-2.0255322456359863,960.023681640625,12.5859
2024-10-26 05:10:45,22452.029296875,214.92474060058595,2.738,-1.1999999999999957,4.015,-98.0,-1.3796069622039795,959.5552368164062,12.6064
2024-10-26 04:10:45,22439.822265625,214.8036492919922,2.747,-1.1999999999999957,4.012,-98.0,-1.182888150215149,959.4573364257812,12.721200000000001
2024-10-26 03:10:45,22433.71875,214.74542236328125,2.76,-1.1999999999999957,4.012,-98.0,-1.1026660203933716,959.176513671875,12.8155
2024-10-26 02:10:45,22409.3046875,214.50666564941406,2.748,-1.1999999999999957,4.012,-98.0,-0.8891015648841858,958.6381225585938,12.819600000000001
2024-10-26 01:10:45,22394.0458984375,214.355361328125,2.713,-1.1999999999999957,4.012,-98.0,-0.8291211128234863,958.509765625,12.831900000000001
2024-10-26 00:10:45,22381.8388671875,214.23473632812502,2.682,-1.25,4.012,-98.0,-0.8660742044448853,958.365234375,12.708900000000002
2024-10-25 23:10:45,22375.7353515625,214.17773803710935,2.666,-1.1999999999999957,4.012,-98.0,-0.8555444478988647,957.9615478515625,12.7294
2024-10-25 22:10:46,22375.7353515625,214.17886047363282,2.661,-1.1999999999999957,4.015,-98.0,-0.8681787252426147,957.8493041992188,12.877
2024-10-25 21:10:46,22366.580078125,214.08735107421876,2.661,-1.1999999999999957,4.015,-98.0,-0.9922826886177063,957.844970703125,12.872900000000001
2024-10-25 20:10:46,22354.373046875,213.9677307128906,2.656,-1.1999999999999957,4.015,-98.0,-0.7433276176452637,957.5999755859375,13.000000000000002
2024-10-25 19:10:46,22339.1142578125,213.81922241210935,2.659,-1.1999999999999957,4.012,-98.0,-0.37495481967926025,957.1920166015625,13.2255
2024-10-25 18:10:46,22336.0625,213.79557373046876,2.65,-1.1999999999999957,4.015,-98.0,0.8465917706489563,956.505126953125,13.4182
2024-10-25 17:10:46,22342.166015625,213.85961975097658,2.615,-1.1999999999999957,4.012,-98.0,1.3084325790405273,956.2040405273438,13.955300000000001
2024-10-25 16:10:46,22345.2177734375,213.89609985351564,2.579,-1.1999999999999957,4.012,-98.0,0.832598865032196,955.6077880859375,15.304200000000002
2024-10-25 15:10:46,22342.166015625,213.87177124023438,2.564,-1.1999999999999957,4.015,-98.0,-0.2532958984375,954.9888916015625,16.124200000000002
2024-10-25 14:10:46,22339.1142578125,213.84441833496095,2.548,-1.1999999999999957,4.012,-98.0,-1.6299219131469727,954.6724243164062,12.221
2024-10-25 13:10:46,22326.9072265625,213.73240966796874,2.54,-1.1999999999999957,4.012,-98.0,-2.207443952560425,953.666259765625,14.795800000000002
2024-10-25 12:10:46,22305.544921875,213.52950927734378,2.538,-1.1999999999999957,4.015,-98.0,-1.9063867330551147,952.593994140625,14.676900000000002
2024-10-25 11:10:46,22296.3896484375,213.4516845703125,2.553,-1.25,4.012,-98.0,-0.8763989210128784,951.22119140625,13.6437
2024-10-25 10:10:46,22284.1826171875,213.33896728515626,2.564,-1.1999999999999957,4.012,-98.0,-0.598437488079071,950.285888671875,10.6425
2024-10-25 09:10:46,22268.923828125,213.20684692382812,2.573,-1.1999999999999957,4.015,-98.0,-0.06676635891199112,948.2391357421875,11.3354
2024-10-25 08:10:46,22247.5615234375,213.0105487060547,2.585,-1.1999999999999957,4.015,-97.0,-0.15568359196186066,946.5066528320312,14.7261
2024-10-25 07:10:46,22232.302734375,212.87424865722656,2.592,-1.1999999999999957,4.012,-98.0,-0.7832690477371216,944.8778686523438,13.996300000000002
2024-10-25 06:10:46,22229.2509765625,212.8620068359375,2.591,-1.1499999999999986,4.012,-98.0,-1.2818603515625,943.05029296875,12.5777
2024-10-25 05:10:46,22210.9404296875,212.69840759277344,2.589,-1.1999999999999957,4.012,-98.0,-1.5889599323272705,941.0996704101562,14.3284
2024-10-25 04:10:46,22204.8369140625,212.65773498535157,2.594,-1.1499999999999986,4.012,-98.0,-1.7672046422958374,939.0634155273438,13.307500000000001
2024-10-25 03:10:46,22189.578125,212.52669311523437,2.606,-1.1999999999999957,4.012,-98.0,-1.849668025970459,936.9088134765625,14.156200000000002
2024-10-25 02:10:46,22168.2158203125,212.33218505859378,2.614,-1.1999999999999957,4.012,-98.0,-1.9596436023712158,934.997314453125,13.639600000000002
2024-10-25 01:10:46,22149.9052734375,212.17440063476562,2.621,-1.1999999999999957,4.012,-98.0,-1.9532592296600342,932.4652099609375,13.988100000000001
2024-10-25 00:10:46,22131.5947265625,212.01279907226564,2.625,-1.1999999999999957,4.015,-98.0,-2.0052220821380615,930.3148193359375,11.770000000000001
2024-10-24 23:10:47,22116.3359375,211.8764227294922,2.63,-1.1999999999999957,4.015,-98.0,-2.138903856277466,928.6936645507812,10.7163
2024-10-24 22:10:47,22104.12890625,211.7736444091797,2.637,-1.1999999999999957,4.015,-98.0,-2.2465014457702637,926.7644653320312,13.5166
2024-10-24 21:10:47,22091.921875,211.68036193847655,2.648,-1.1999999999999957,4.015,-98.0,-2.1965088844299316,923.8856811523438,12.475200000000001
2024-10-24 20:10:47,22079.71484375,211.57992675781253,2.665,-1.1999999999999957,4.012,-98.0,-2.105417490005493,921.72216796875,14.172600000000001
2024-10-24 19:10:47,22064.4560546875,211.44691162109376,2.679,-1.1499999999999986,4.012,-98.0,-1.4433910846710205,919.764892578125,11.9053
2024-10-24 18:10:47,22052.2490234375,211.328134765625,2.696,-1.1999999999999957,4.015,-97.0,-0.72186279296875,919.435546875,10.4908
2024-10-24 17:10:47,22040.0419921875,211.20164794921877,2.712,-1.25,4.015,-104.0,-0.42549315094947815,919.877197265625,10.5851
2024-10-24 16:10:47,22024.783203125,211.03273742675782,2.729,-1.1499999999999986,4.012,-104.0,-0.2917431592941284,921.5094604492188,14.3284
2024-10-24 15:10:47,22024.783203125,211.01180236816407,2.746,-1.1999999999999957,4.012,-97.0,-0.35804077982902527,923.6029663085938,12.983600000000001
2024-10-24 14:10:47,22021.7314453125,210.95907958984378,2.761,-1.1999999999999957,4.012,-98.0,0.04062744230031967,925.823486328125,10.462100000000001
2024-10-24 13:10:47,22006.47265625,210.78107482910156,2.777,-1.1999999999999957,4.015,-98.0,-0.23746947944164276,928.3651733398438,13.250100000000002
2024-10-24 12:10:47,21994.265625,210.63217651367188,2.794,-1.1999999999999957,4.015,-97.0,-0.8242285251617432,931.0479736328125,10.4006
2024-10-24 11:10:47,21991.2138671875,210.5814239501953,2.811,-1.1999999999999957,4.015,-97.0,-1.3605884313583374,933.0714721679688,12.7376
2024-10-24 10:10:47,21994.265625,210.58675231933594,2.832,-1.1999999999999957,4.012,-97.0,-2.323735237121582,935.5903930664062,10.048
2024-10-24 09:10:47,21975.955078125,210.3830059814453,2.851,-1.1999999999999957,4.015,-98.0,-3.243410587310791,937.6544799804688,10.1956
2024-10-24 08:10:47,21963.748046875,210.24720764160156,2.872,-1.1499999999999986,4.015,-96.0,-3.5259227752685547,939.0272827148438,14.394000000000002
2024-10-24 07:10:47,21945.4375,210.04589111328127,2.893,-1.1999999999999957,4.015,-98.0,-3.66082763671875,940.848388671875,10.039800000000001
2024-10-24 06:10:47,21945.4375,210.03204223632815,2.916,-1.1999999999999957,4.012,-98.0,-3.830307722091675,942.2332763671875,10.388300000000001
2024-10-24 05:10:47,21930.1787109375,209.86307800292968,2.938,-1.1999999999999957,4.012,-97.0,-4.053654670715332,943.8709106445312,11.6798
2024-10-24 04:10:47,21917.9716796875,209.7258111572266,2.961,-1.1999999999999957,4.015,-98.0,-4.243649959564209,945.3905639648438,11.876600000000002
2024-10-24 03:10:48,21911.8681640625,209.65258850097658,2.984,-1.1999999999999957,4.015,-97.0,-3.8609423637390137,946.6093139648438,11.433800000000002
2024-10-24 02:10:48,21896.609375,209.48971191406253,3.002,-1.1499999999999986,4.012,-97.0,-3.5131518840789795,947.63818359375,13.0164
2024-10-24 01:10:48,21875.2470703125,209.26872802734377,3.014,-1.1999999999999957,4.012,-97.0,-2.7630932331085205,948.374267578125,14.5867
2024-10-24 00:10:48,21863.0400390625,209.14675720214845,3.027,-1.1999999999999957,4.012,-97.0,-2.4940991401672363,948.3643188476562,10.884400000000001
2024-10-23 23:10:48,21850.8330078125,209.02434326171874,3.037,-1.1499999999999986,4.015,-97.0,-1.4473315477371216,948.398681640625,15.033600000000002
2024-10-23 22:10:48,21847.78125,208.9937060546875,3.049,-1.1999999999999957,4.012,-97.0,-0.8175048828125,948.41064453125,12.495700000000001
2024-10-23 21:10:48,21841.677734375,208.93021484375,3.061,-1.1999999999999957,4.015,-97.0,-0.3547119200229645,948.65625,14.939300000000001
2024-10-23 20:10:48,21829.470703125,208.80844299316408,3.072,-1.1499999999999986,4.015,-97.0,0.6071460247039795,948.6264038085938,12.594100000000001
2024-10-23 19:10:48,21829.470703125,208.8162976074219,3.079,-1.1499999999999986,4.012,-97.0,1.3089758157730103,947.8409423828125,12.6638
2024-10-23 18:10:48,21817.263671875,208.69551513671877,3.088,-1.1499999999999986,4.015,-98.0,1.9057226181030273,947.712158203125,15.214
2024-10-23 17:10:48,21814.2119140625,208.66828491210939,3.101,-1.1999999999999957,4.015,-97.0,3.1314806938171387,947.3834228515625,16.460400000000003
2024-10-23 16:10:48,21811.16015625,208.63689392089844,3.113,-1.1999999999999957,4.012,-104.0,1.866052269935608,947.4707641601562,15.902800000000001
2024-10-23 15:10:48,21789.7978515625,208.4246051025391,3.124,-1.1999999999999957,4.015,-98.0,1.2490637302398682,947.3373413085938,11.843800000000002
2024-10-23 14:10:48,21762.33203125,208.15251586914061,3.139,-1.1499999999999986,4.012,-104.0,1.8727771043777466,947.0804443359375,11.6757
2024-10-23 13:10:48,21719.607421875,207.72581787109374,3.152,-1.1999999999999957,4.015,-98.0,1.2144885063171387,947.025634765625,14.340700000000002
2024-10-23 12:10:48,21701.296875,207.5447998046875,3.165,-1.1499999999999986,4.015,-98.0,0.6155005097389221,946.81689453125,12.9426
2024-10-23 11:10:48,21628.0546875,206.82263305664063,3.18,-1.1499999999999986,4.015,-97.0,0.9226025342941284,945.7913818359375,12.8483
2024-10-23 10:10:48,21682.986328125,207.37732421875,3.201,-1.1499999999999986,4.015,-97.0,1.1917333602905273,945.25390625,12.8893
2024-10-23 09:10:48,21686.0380859375,207.4112042236328,3.222,-1.1499999999999986,4.012,-97.0,1.5241711139678955,944.9176635742188,12.741700000000002
2024-10-23 08:10:48,21652.46875,207.08375915527344,3.232,-1.1999999999999957,4.015,-97.0,2.089942693710327,944.0928344726562,12.8032
2024-10-23 07:10:48,21628.0546875,206.8454138183594,3.235,-1.1999999999999957,4.015,-97.0,2.4005091190338135,943.5133056640625,12.852400000000001
2024-10-23 06:10:48,21603.640625,206.6082653808594,3.238,-1.1999999999999957,4.015,-97.0,2.4750940799713135,942.8140869140625,12.7827
2024-10-23 05:10:48,21582.2783203125,206.39642700195313,3.245,-1.1999999999999957,4.012,-97.0,2.2440710067749023,942.6356201171875,12.9016
2024-10-23 04:10:48,21554.8125,206.12452331542968,3.261,-1.1999999999999957,4.012,-97.0,1.3773120641708374,942.3601684570312,12.877
2024-10-23 03:10:48,21545.6572265625,206.03577880859376,3.276,-1.1499999999999986,4.015,-97.0,0.6383923292160034,942.079345703125,11.175500000000001
2024-10-23 02:10:48,21527.3466796875,205.85290832519533,3.302,-1.1499999999999986,4.015,-98.0,0.41008666157722473,942.0558471679688,13.036900000000001
2024-10-23 01:10:48,21512.087890625,205.70499389648438,3.329,-1.1999999999999957,4.015,-97.0,-0.052705079317092896,941.5885009765625,12.9754
2024-10-23 00:10:49,21493.77734375,205.52363769531252,3.355,-1.1499999999999986,4.012,-97.0,-0.46482300758361816,941.41357421875,12.913900000000002
2024-10-22 23:10:49,21478.5185546875,205.3743280029297,3.364,-1.1499999999999986,4.015,-97.0,-0.5887914896011353,941.0857543945312,13.131200000000002
2024-10-22 22:10:49,21457.15625,205.16319702148436,3.365,-1.1999999999999957,4.012,-97.0,-0.6464623808860779,940.8365478515625,13.1722
2024-10-22 21:10:49,21438.845703125,204.98374755859376,3.37,-1.1499999999999986,4.015,-97.0,-0.45830199122428894,940.470947265625,13.237800000000002
2024-10-22 20:10:49,21423.5869140625,204.83955993652344,3.374,-1.1999999999999957,4.015,-98.0,0.7971398830413818,939.6309204101562,13.151700000000002
2024-10-22 19:10:49,21408.328125,204.69524353027344,3.377,-1.1999999999999957,4.012,-97.0,2.2905335426330566,938.8037719726562,13.598600000000001
2024-10-22 18:10:49,21386.9658203125,204.48990173339843,3.378,-1.1999999999999957,4.012,-97.0,3.1293065547943115,937.9756469726562,14.0783
2024-10-22 17:10:49,21368.6552734375,204.31179626464842,3.376,-1.1999999999999957,4.015,-98.0,4.083624362945557,937.4756469726562,14.496500000000001
2024-10-22 16:10:49,21362.5517578125,204.25341430664062,3.377,-1.1999999999999957,4.015,-97.0,4.227224349975586,937.2103271484375,14.3489
2024-10-22 15:10:49,21350.3447265625,204.13561584472657,3.374,-1.1999999999999957,4.012,-97.0,4.136336803436279,936.7831420898438,14.2095
2024-10-22 14:10:49,21328.982421875,203.91851928710938,3.37,-1.1999999999999957,4.015,-98.0,2.33964467048645,937.1304931640625,13.533000000000001
2024-10-22 13:10:49,21313.7236328125,203.76615661621094,3.376,-1.1499999999999986,4.015,-98.0,1.1862988471984863,937.1079711914062,13.1722
2024-10-22 12:10:49,21298.46484375,203.60904357910158,3.38,-1.1999999999999957,4.015,-97.0,-0.03239502012729645,937.5604858398438,13.8815
2024-10-22 11:10:49,21283.2060546875,203.46042297363283,3.389,-1.1499999999999986,4.015,-97.0,-0.867907702922821,937.1637573242188,13.2009
2024-10-22 10:10:49,21280.154296875,203.42924011230468,3.386,-1.1999999999999957,4.012,-97.0,-0.721997082233429,937.2302856445312,13.1476
2024-10-22 09:10:49,21277.1025390625,203.39734436035158,3.384,-1.1999999999999957,4.015,-98.0,-0.8971167206764221,937.3681030273438,12.237400000000001
2024-10-22 08:10:49,21264.8955078125,203.2760888671875,3.364,-1.1999999999999957,4.015,-98.0,-1.2891967296600342,937.28662109375,13.996300000000002
2024-10-22 07:10:49,21261.84375,203.2476031494141,3.349,-1.1499999999999986,4.015,-98.0,-1.3072631359100342,937.0834350585938,11.4625
2024-10-22 06:10:49,21261.84375,203.24147033691406,3.349,-1.1999999999999957,4.015,-97.0,-1.617763638496399,937.6967163085938,14.3038
2024-10-22 05:10:49,21261.84375,203.2351873779297,3.346,-1.1499999999999986,4.015,-98.0,-1.825961947441101,938.3250122070312,14.484200000000001
2024-10-22 04:10:49,21267.947265625,203.29247497558595,3.349,-1.1999999999999957,4.015,-98.0,-1.6619824171066284,938.6997680664062,15.05
2024-10-22 03:10:49,21277.1025390625,203.3783544921875,3.353,-1.1999999999999957,4.012,-97.0,-1.3647998571395874,939.26708984375,10.593300000000001
2024-10-22 02:10:49,21277.1025390625,203.36626525878904,3.348,-1.1999999999999957,4.015,-98.0,-1.4746387004852295,940.4760131835938,13.6027
2024-10-22 01:10:49,21280.154296875,203.39132995605468,3.321,-1.1999999999999957,4.015,-98.0,-1.5280981063842773,941.0213012695312,14.599
2024-10-22 00:10:49,21280.154296875,203.38677795410155,3.299,-1.1999999999999957,4.015,-98.0,-1.1239941120147705,941.4765014648438,10.925400000000002
2024-10-21 23:10:50,21280.154296875,203.38360168457032,3.27,-1.1999999999999957,4.012,-98.0,-0.9038403034210205,941.7941284179688,15.013100000000001
2024-10-21 22:10:50,21270.9990234375,203.28778503417968,3.245,-1.1499999999999986,4.015,-98.0,-1.1009668111801147,942.2205200195312,11.688
2024-10-21 21:10:50,21270.9990234375,203.2849230957031,3.232,-1.1999999999999957,4.015,-98.0,-0.6527124047279358,942.5067138671875,15.021300000000002
2024-10-21 20:10:50,21274.05078125,203.3166424560547,3.218,-1.1499999999999986,4.012,-98.0,0.21071898937225342,942.3865356445312,15.8085
2024-10-21 19:10:50,21274.05078125,203.3205487060547,3.221,-1.1499999999999986,4.015,-98.0,1.465482234954834,941.9959106445312,12.8893
2024-10-21 18:10:50,21252.6884765625,203.1107409667969,3.232,-1.1499999999999986,4.015,-98.0,2.6044957637786865,941.6143798828125,11.5732
2024-10-21 17:10:50,21237.4296875,202.95446899414063,3.241,-1.1999999999999957,4.015,-98.0,3.071296453475952,941.9827880859375,11.4092
2024-10-21 16:10:50,21222.1708984375,202.79693420410158,3.26,-1.1999999999999957,4.015,-98.0,1.6651220321655273,942.4774780273438,16.480900000000002
2024-10-21 15:10:50,21209.9638671875,202.66726806640628,3.276,-1.1499999999999986,4.015,-98.0,0.5969567894935608,943.237060546875,12.971300000000001
2024-10-21 14:10:50,21194.705078125,202.5087841796875,3.295,-1.1999999999999957,4.015,-102.0,-0.77239990234375,943.82666015625,13.7544
2024-10-21 13:10:50,21182.498046875,202.3809649658203,3.312,-1.1999999999999957,4.015,-98.0,-2.175585985183716,944.4015502929688,13.8282
2024-10-21 12:10:50,21176.39453125,202.31591979980467,3.33,-1.1499999999999986,4.015,-98.0,-2.8310205936431885,944.8025512695312,14.623600000000001
2024-10-21 11:10:50,21164.1875,202.1939758300781,3.348,-1.1999999999999957,4.012,-98.0,-2.274489641189575,944.7899169921875,10.0972
2024-10-21 10:10:50,21148.9287109375,202.04665222167966,3.363,-1.1999999999999957,4.015,-98.0,-2.2584569454193115,944.2634887695312,10.117700000000001
2024-10-21 09:10:50,21133.669921875,201.88883361816409,3.378,-1.1999999999999957,4.015,-98.0,-2.060175895690918,944.7865600585938,11.9504
2024-10-21 08:10:50,21130.6181640625,201.85802001953124,3.395,-1.1499999999999986,4.015,-98.0,-2.258730411529541,944.816162109375,13.1804
2024-10-21 07:10:50,21115.359375,201.70326110839846,3.413,-1.1999999999999957,4.015,-98.0,-2.223881721496582,945.0332641601562,14.804
2024-10-21 06:10:50,21103.15234375,201.57686584472657,3.433,-1.1999999999999957,4.015,-98.0,-2.862607479095459,945.4657592773438,11.7208
2024-10-21 05:10:50,21081.7900390625,201.36849792480467,3.45,-1.1999999999999957,4.015,-98.0,-2.228161573410034,944.9402465820312,10.9131
2024-10-21 04:10:50,21057.3759765625,201.12914978027345,3.468,-1.1999999999999957,4.015,-98.0,-2.223203182220459,944.4609985351562,11.011500000000002
2024-10-21 03:10:50,21042.1171875,200.9808367919922,3.479,-1.1999999999999957,4.015,-98.0,-1.312290072441101,944.0335083007812,14.9311
2024-10-21 02:10:50,21023.806640625,200.80187744140628,3.493,-1.1999999999999957,4.015,-98.0,-0.6458520293235779,943.618896484375,13.574000000000002
2024-10-21 01:10:50,20999.392578125,200.5621118164063,3.508,-1.1999999999999957,4.015,-98.0,-0.4153723120689392,943.181396484375,15.152500000000002
2024-10-21 00:10:51,20981.08203125,200.3863446044922,3.522,-1.1499999999999986,4.015,-98.0,-0.4908398389816284,942.4475708007812,14.127500000000001
2024-10-20 23:10:51,20956.66796875,200.14315795898438,3.53,-1.1999999999999957,4.015,-98.0,-0.5416504144668579,942.3521728515625,14.451400000000001
2024-10-20 22:10:51,20935.3056640625,199.93541137695314,3.538,-1.1999999999999957,4.015,-98.0,-0.6542065143585205,941.7645263671875,10.699900000000001
2024-10-20 21:10:51,20910.8916015625,199.70095764160158,3.543,-1.1999999999999957,4.015,-98.0,-0.09726562350988388,940.7958374023438,11.7782
2024-10-20 20:10:51,20898.6845703125,199.5849597167969,3.553,-1.1999999999999957,4.015,-99.0,0.09639648348093033,940.1885986328125,14.492400000000002
2024-10-20 19:10:51,20886.4775390625,199.46831604003907,3.529,-1.1999999999999957,4.015,-98.0,0.44914549589157104,939.6459350585938,15.956100000000001
2024-10-20 18:10:51,20880.3740234375,199.41795104980469,3.522,-1.1999999999999957,4.015,-98.0,1.4064526557922363,938.5789184570312,12.3727
2024-10-20 17:10:51,20877.322265625,199.39250061035156,3.52,-1.1999999999999957,4.015,-98.0,1.8312060832977295,938.0722045898438,15.587100000000001
2024-10-20 16:10:51,20852.908203125,199.15213378906253,3.515,-1.1999999999999957,4.015,-99.0,1.7685083150863647,937.69482421875,13.032800000000002
2024-10-20 15:10:51,20840.701171875,199.03234619140625,3.514,-1.1499999999999986,4.015,-98.0,0.6469519138336182,937.466552734375,16.321
2024-10-20 14:10:51,20828.494140625,198.90944396972657,3.509,-1.1999999999999957,4.015,-99.0,-0.24779419600963593,937.5497436523438,10.892600000000002
2024-10-20 13:10:51,20804.080078125,198.66726318359378,3.504,-1.1999999999999957,4.018,-99.0,-1.1622387170791626,937.353759765625,12.643300000000002
2024-10-20 12:10:51,20791.873046875,198.54373779296876,3.502,-1.1499999999999986,4.015,-99.0,-1.7863599061965942,937.499267578125,12.569500000000001
2024-10-20 11:10:51,20788.8212890625,198.51222412109377,3.503,-1.1499999999999986,4.015,-99.0,-2.553469181060791,937.598876953125,12.713000000000001
2024-10-20 09:40:51,20761.35546875,198.2334020996094,3.501,-1.1999999999999957,4.015,-99.0,-3.194570302963257,938.0152587890625,12.8688
2024-10-20 08:40:51,20749.1484375,198.11141235351562,3.498,-1.1499999999999986,4.015,-99.0,-3.234919548034668,938.0072021484375,12.7581
2024-10-20 07:40:51,20743.044921875,198.04757202148437,3.496,-1.1999999999999957,4.015,-99.0,-3.6724438667297363,938.2877197265625,12.864700000000001
2024-10-20 06:40:51,20736.94140625,197.98395080566408,3.493,-1.1999999999999957,4.015,-100.0,-4.042922496795654,938.5463256835938,12.602300000000001
2024-10-20 05:40:51,20730.837890625,197.92009765625,3.486,-1.1499999999999986,4.018,-99.0,-5.112241268157959,938.828125,12.7909
2024-10-20 04:40:51,20712.52734375,197.7295330810547,3.486,-1.1499999999999986,4.015,-100.0,-5.996323108673096,939.5740356445312,12.827800000000002
2024-10-20 03:40:51,20709.4755859375,197.6946368408203,3.482,-1.1999999999999957,4.012,-99.0,-6.727429389953613,940.0119018554688,12.762200000000002
2024-10-20 02:40:52,20703.3720703125,197.62476989746094,3.479,-1.1999999999999957,4.015,-100.0,-7.395298004150391,940.8950805664062,12.700700000000001
2024-10-20 01:40:52,20694.216796875,197.52896301269533,3.479,-1.1999999999999957,4.015,-100.0,-7.614567756652832,941.3204956054688,12.8114
2024-10-20 00:40:52,20685.0615234375,197.4290966796875,3.479,-1.1499999999999986,4.018,-100.0,-7.6214280128479,942.15185546875,12.7294
2024-10-19 23:40:52,20675.90625,197.3313671875,3.481,-1.1999999999999957,4.015,-100.0,-7.337353706359863,942.76953125,12.508000000000001
2024-10-19 22:40:52,20663.69921875,197.2061895751953,3.482,-1.1999999999999957,4.015,-100.0,-6.656242847442627,943.0802612304688,12.721200000000001
2024-10-19 21:40:52,20654.5439453125,197.1082916259766,3.48,-1.1999999999999957,4.015,-100.0,-5.95556640625,943.7147827148438,13.1599
2024-10-19 20:40:52,20617.9228515625,196.73776672363283,3.479,-1.1999999999999957,4.015,-101.0,-5.482993125915527,944.1461791992188,12.655600000000002
2024-10-19 19:40:52,20645.388671875,197.01160888671876,3.477,-1.1499999999999986,4.015,-101.0,-4.8821702003479,944.227783203125,12.7909
2024-10-19 18:40:52,20633.181640625,196.88547363281253,3.473,-1.1999999999999957,4.018,-101.0,-4.02804708480835,944.63427734375,13.0287
2024-10-19 17:40:52,20624.0263671875,196.78731079101564,3.472,-1.1999999999999957,4.015,-101.0,-3.883496046066284,945.2952880859375,13.246
2024-10-19 16:40:52,20611.8193359375,196.6598114013672,3.474,-1.1999999999999957,4.015,-101.0,-4.187675952911377,945.8381958007812,13.1599
2024-10-19 15:40:52,20599.6123046875,196.52982055664063,3.476,-1.1499999999999986,4.015,-102.0,-4.159282207489014,946.6302490234375,13.164000000000001
2024-10-19 14:40:52,20584.353515625,196.37069396972657,3.476,-1.1999999999999957,4.015,-101.0,-4.114450454711914,947.2841186523438,12.983600000000001
2024-10-19 13:40:52,20553.8359375,196.05778076171876,3.475,-1.1999999999999957,4.015,-102.0,-4.464550971984863,948.057861328125,12.8442
2024-10-19 12:40:53,20413.455078125,194.6468768310547,3.475,-1.1499999999999986,4.015,-101.0,-4.950778961181641,948.7673950195312,12.926200000000001
2024-10-19 11:40:53,20547.732421875,195.97820129394532,3.477,-1.1499999999999986,4.015,-102.0,-5.192328929901123,949.9122924804688,12.8483
2024-10-19 10:40:53,20529.421875,195.79240966796874,3.482,-1.1999999999999957,4.015,-102.0,-5.386398792266846,950.180908203125,12.590000000000002
2024-10-19 09:40:52,20517.21484375,195.66309143066405,3.486,-1.1499999999999986,4.015,-102.0,-5.463156700134277,950.9057006835938,14.324300000000001
2024-10-19 08:40:52,20486.697265625,195.35056640625,3.49,-1.1999999999999957,4.015,-102.0,-5.621633529663086,951.640625,13.574000000000002
2024-10-19 07:40:52,20477.5419921875,195.25656494140628,3.493,-1.1499999999999986,4.015,-102.0,-5.843620777130127,951.885498046875,11.368200000000002
2024-10-19 06:40:52,20459.2314453125,195.0654766845703,3.497,-1.1999999999999957,4.015,-102.0,-6.0027756690979,952.6837768554688,13.9471
2024-10-19 05:40:52,20453.1279296875,195.00102172851564,3.5,-1.1999999999999957,4.015,-102.0,-6.105007171630859,953.0257568359375,10.417
2024-10-19 04:40:52,20447.0244140625,194.9385400390625,3.504,-1.1999999999999957,4.015,-102.0,-5.93002462387085,953.17041015625,12.0488
2024-10-19 03:40:52,20443.97265625,194.9015606689453,3.509,-1.1499999999999986,4.015,-103.0,-6.126745700836182,953.8165893554688,11.101700000000001
2024-10-19 02:40:52,20443.97265625,194.8937530517578,3.514,-1.1999999999999957,4.018,-103.0,-6.489545822143555,954.5973510742188,14.828600000000002
2024-10-19 01:40:52,20437.869140625,194.82683105468752,3.519,-1.25,4.015,-103.0,-6.789040565490723,955.18603515625,15.086900000000002
2024-10-19 00:40:52,20425.662109375,194.7082244873047,3.525,-1.1999999999999957,4.015,-104.0,-5.647785663604736,954.8396606445312,10.474400000000001
2024-10-18 23:40:52,20389.041015625,194.33815002441406,3.525,-1.1999999999999957,4.015,-104.0,-5.276015758514404,955.2260131835938,13.9717
2024-10-18 22:40:53,20373.7822265625,194.18795654296875,3.524,-1.1499999999999986,4.015,-104.0,-4.714931488037109,954.986572265625,15.000800000000002
2024-10-18 21:40:53,20370.73046875,194.15929321289065,3.531,-1.1499999999999986,4.015,-104.0,-4.404433727264404,954.8011474609375,10.462100000000001
2024-10-18 20:40:53,20352.419921875,193.97839660644533,3.536,-1.1999999999999957,4.015,-104.0,-3.9847753047943115,954.5802612304688,15.107400000000002
2024-10-18 19:40:53,20352.419921875,193.9819805908203,3.539,-1.1999999999999957,4.015,-104.0,-3.468388557434082,954.2218627929688,14.529300000000001
2024-10-18 18:40:53,20346.31640625,193.92151000976565,3.548,-1.1499999999999986,4.015,-104.0,-2.955737352371216,954.1654052734375,10.5892
2024-10-18 17:40:53,20334.109375,193.8060998535156,3.549,-1.1499999999999986,4.015,-104.0,-1.8510937690734863,953.4993896484375,11.306700000000001
2024-10-18 16:40:53,20324.9541015625,193.72326782226563,3.55,-1.1499999999999986,4.015,-104.0,-0.2045922875404358,952.6273193359375,14.2423
2024-10-18 15:40:53,20300.5400390625,193.47533447265624,3.557,-1.1999999999999957,4.018,-105.0,-2.7836084365844727,953.006591796875,16.480900000000002
2024-10-18 14:40:53,20282.2294921875,193.2888415527344,3.563,-1.1499999999999986,4.015,-104.0,-3.7564697265625,953.3453369140625,13.7626
2024-10-18 13:40:53,20260.8671875,193.07585021972656,3.565,-1.1999999999999957,4.018,-105.0,-5.425524711608887,953.2821655273438,13.512500000000001
2024-10-18 12:40:53,20230.349609375,192.7707373046875,3.57,-1.1999999999999957,4.015,-105.0,-6.475009918212891,953.27587890625,14.066
2024-10-18 11:40:53,20221.1943359375,192.68019714355466,3.572,-1.1499999999999986,4.015,-106.0,-7.423147201538086,953.1746215820312,13.7954
2024-10-18 10:40:53,20205.935546875,192.53182739257812,3.577,-1.1999999999999957,4.018,-96.0,-7.001450061798096,952.7528076171875,14.8901
2024-10-18 09:40:53,20187.625,192.35985595703127,3.584,-1.1999999999999957,4.015,-97.0,-6.212062835693359,951.639404296875,13.975800000000001
2024-10-18 08:40:53,20184.5732421875,192.33571228027344,3.589,-1.1999999999999957,4.015,-108.0,-6.209140777587891,951.0020141601562,13.414100000000001
2024-10-18 07:40:54,20187.625,192.3730633544922,3.595,-1.1999999999999957,4.015,-107.0,-6.46624755859375,950.3186645507812,15.0295
2024-10-18 06:40:54,20166.2626953125,192.16656372070315,3.601,-1.1499999999999986,4.018,-108.0,-5.845114707946777,949.6063232421875,10.5236
2024-10-18 05:40:54,20147.9521484375,191.99078796386718,3.609,-1.1999999999999957,4.018,-108.0,-5.229077339172363,948.8733520507812,12.171800000000001
2024-10-18 04:40:54,20126.58984375,191.78482055664062,3.613,-1.1499999999999986,4.015,-96.0,-4.783608436584473,948.1077880859375,10.3801
2024-10-18 03:40:54,20108.279296875,191.60830627441408,3.614,-1.1999999999999957,4.015,-96.0,-4.317622184753418,947.4486694335938,10.3719
2024-10-18 02:40:54,20099.1240234375,191.52398376464845,3.621,-1.1499999999999986,4.015,-96.0,-4.00909423828125,946.7256469726562,11.2985
2024-10-18 01:40:54,20089.96875,191.4378857421875,3.625,-1.1999999999999957,4.015,-96.0,-3.8907642364501953,946.18017578125,10.6835
2024-10-18 00:40:54,20068.6064453125,191.22822692871094,3.63,-1.1999999999999957,4.015,-96.0,-3.9701709747314453,945.7837524414062,10.581000000000001
2024-10-17 23:40:54,20050.2958984375,191.052099609375,3.639,-1.1999999999999957,4.015,-96.0,-3.5060205459594727,945.0859375,12.6638
2024-10-17 22:40:54,20050.2958984375,191.057646484375,3.645,-1.1499999999999986,4.015,-109.0,-3.345778703689575,944.53125,13.2542
2024-10-17 21:40:54,20031.9853515625,190.87956787109377,3.65,-1.1499999999999986,4.015,-96.0,-3.4747071266174316,944.028564453125,11.5814
2024-10-17 20:40:54,20010.623046875,190.67288818359376,3.657,-1.1999999999999957,4.015,-96.0,-2.921093702316284,943.334228515625,15.435400000000001
2024-10-17 19:40:54,19998.416015625,190.5649169921875,3.665,-1.1499999999999986,4.015,-96.0,-0.6043481230735779,941.92431640625,13.1599
2024-10-17 18:40:54,19983.1572265625,190.419189453125,3.678,-1.1499999999999986,4.015,-110.0,0.04456787183880806,941.23828125,13.955300000000001
2024-10-17 17:40:54,19961.794921875,190.21092590332032,3.688,-1.1999999999999957,4.015,-96.0,1.3186218738555908,940.7023315429688,15.107400000000002
2024-10-17 16:40:54,19940.4326171875,189.9986474609375,3.694,-1.1999999999999957,4.018,-96.0,0.5938317775726318,940.56787109375,13.8528
2024-10-17 15:40:54,19922.1220703125,189.81442016601562,3.679,-1.1999999999999957,4.015,-96.0,-0.6383105516433716,940.6800537109375,16.480900000000002
2024-10-17 14:40:54,19912.966796875,189.72264770507815,3.658,-1.1499999999999986,4.015,-96.0,-2.082321882247925,940.7020263671875,13.5617
2024-10-17 13:40:54,19906.86328125,189.66085144042972,3.643,-1.1499999999999986,4.015,-96.0,-3.347341299057007,940.7781372070312,14.939300000000001
2024-10-17 12:40:55,19888.552734375,189.47388427734376,3.629,-1.1499999999999986,4.018,-96.0,-4.536213397979736,941.164306640625,14.0127
2024-10-17 11:40:55,19851.931640625,189.10465209960938,3.629,-1.1499999999999986,4.015,-96.0,-5.643506050109863,941.4664306640625,15.066400000000002
2024-10-17 10:40:55,19824.4658203125,188.83027404785156,3.633,-1.1499999999999986,4.018,-96.0,-5.636713981628418,941.4384155273438,15.132000000000001
2024-10-17 09:40:55,19803.103515625,188.61976745605472,3.639,-1.1499999999999986,4.015,-96.0,-5.522321701049805,941.1267700195312,13.2788
2024-10-17 08:40:55,19775.6376953125,188.3461346435547,3.642,-1.1999999999999957,4.015,-110.0,-5.434694766998291,941.0242309570312,14.3038
2024-10-17 07:40:55,19766.482421875,188.2527117919922,3.636,-1.1499999999999986,4.015,-96.0,-5.324040412902832,941.2112426757812,12.4875
2024-10-17 06:40:54,19754.275390625,188.12833740234373,3.634,-1.1499999999999986,4.018,-111.0,-5.230844497680664,941.441650390625,12.799100000000001
2024-10-17 05:40:55,19735.96484375,187.9468719482422,3.638,-1.1499999999999986,4.015,-96.0,-5.094308853149414,941.2776489257812,13.000000000000002
2024-10-17 04:40:54,19723.7578125,187.82204833984378,3.649,-1.1999999999999957,4.015,-109.0,-4.987119197845459,941.552978515625,12.774500000000002
2024-10-17 03:40:54,19720.7060546875,187.78798950195312,3.653,-1.1499999999999986,4.015,-109.0,-4.939296722412109,941.9071044921875,12.6392
2024-10-17 02:40:54,19699.34375,187.57045532226562,3.664,-1.1999999999999957,4.015,-110.0,-4.896572113037109,942.2982177734375,12.938500000000001
2024-10-17 01:40:54,19681.033203125,187.38256469726562,3.666,-1.1499999999999986,4.015,-109.0,-4.724238395690918,942.7767333984375,12.864700000000001
2024-10-17 00:40:54,19668.826171875,187.25545959472657,3.67,-1.1499999999999986,4.015,-108.0,-4.527451038360596,943.2802124023438,12.8565
2024-10-16 23:40:54,19644.412109375,187.00896484375,3.67,-1.1999999999999957,4.015,-109.0,-4.41000509262085,943.515625,12.926200000000001
2024-10-16 22:40:55,19629.1533203125,186.85420837402344,3.669,-1.1999999999999957,4.015,-108.0,-4.108676910400391,943.7324829101562,12.983600000000001
2024-10-16 21:40:55,19607.791015625,186.63657592773438,3.664,-1.1499999999999986,4.015,-108.0,-3.4939966201782227,944.1334228515625,13.3198
2024-10-16 20:40:55,19595.583984375,186.51727783203125,3.654,-1.1999999999999957,4.015,-108.0,-1.6724438667297363,943.856201171875,13.3116
2024-10-16 19:40:55,19589.48046875,186.45397216796877,3.644,-1.1999999999999957,4.015,-108.0,-0.6746532917022705,944.083251953125,13.6683
2024-10-16 18:40:55,19565.06640625,186.2098498535156,3.643,-1.1999999999999957,4.015,-108.0,0.8797399997711182,944.0814208984375,14.4555
2024-10-16 17:40:55,19555.9111328125,186.10755126953126,3.642,-1.1999999999999957,4.015,-108.0,-0.9443261623382568,945.156005859375,14.3366
2024-10-16 16:40:55,19549.8076171875,186.04039794921874,3.635,-1.1499999999999986,4.018,-108.0,-1.3206470012664795,945.767822265625,14.5211
2024-10-16 15:40:55,19537.6005859375,185.90888305664063,3.633,-1.1499999999999986,4.018,-107.0,-1.0982495546340942,946.7122802734375,14.275100000000002
2024-10-16 14:40:55,19519.2900390625,185.71932434082032,3.626,-1.1499999999999986,4.015,-107.0,-1.9376342296600342,947.3576049804688,14.139800000000001
2024-10-16 13:40:55,19504.03125,185.55678955078125,3.623,-1.1499999999999986,4.015,-108.0,-3.123586416244507,948.352294921875,14.394000000000002
2024-10-16 12:40:55,19500.9794921875,185.51916137695312,3.621,-1.1999999999999957,4.018,-107.0,-4.068530082702637,949.0633544921875,14.4473
2024-10-16 11:40:55,19491.82421875,185.41456298828126,3.618,-1.1499999999999986,4.018,-106.0,-5.581284046173096,950.367919921875,12.795000000000002
2024-10-16 10:40:55,19491.82421875,185.4098376464844,3.609,-1.1499999999999986,4.015,-106.0,-5.677741527557373,950.8404541015625,12.721200000000001
2024-10-16 09:40:55,19482.6689453125,185.31379333496093,3.609,-1.1499999999999986,4.015,-105.0,-5.4548020362854,951.2896118164062,12.688400000000001
2024-10-16 08:40:55,19464.3583984375,185.12526672363282,3.598,-1.1999999999999957,4.015,-106.0,-5.437343597412109,951.8317260742188,12.6843
2024-10-16 07:40:55,19442.99609375,184.90814086914065,3.6,-1.1999999999999957,4.015,-106.0,-4.738706111907959,952.1820068359375,10.0685
2024-10-16 06:40:55,19421.6337890625,184.6891979980469,3.604,-1.1499999999999986,4.015,-105.0,-4.199699878692627,952.7139892578125,13.578100000000001
2024-10-16 05:40:55,19400.271484375,184.47393676757812,3.606,-1.1499999999999986,4.015,-105.0,-3.686843156814575,952.8778076171875,10.236600000000001
2024-10-16 04:40:56,19385.0126953125,184.31242919921874,3.606,-1.1499999999999986,4.015,-104.0,-3.6178979873657227,953.769775390625,11.7536
2024-10-16 03:40:56,19372.8056640625,184.19066650390624,3.6,-1.1499999999999986,4.015,-104.0,-3.4938623905181885,953.739013671875,15.0295
2024-10-16 02:40:56,19369.75390625,184.15341735839846,3.578,-1.1999999999999957,4.018,-104.0,-3.818488836288452,954.4121704101562,14.459600000000002
2024-10-16 01:40:56,19351.443359375,183.96985778808596,3.557,-1.1499999999999986,4.018,-104.0,-3.320305109024048,954.4575805664062,11.638800000000002
2024-10-16 00:40:56,19336.1845703125,183.8121209716797,3.543,-1.1499999999999986,4.018,-103.0,-3.0288965702056885,954.9724731445312,12.913900000000002
2024-10-15 23:40:56,19336.1845703125,183.8066278076172,3.527,-1.1999999999999957,4.018,-103.0,-2.954038143157959,955.5217895507812,14.7794
2024-10-15 22:40:56,19314.822265625,183.59434448242186,3.508,-1.1499999999999986,4.015,-104.0,-2.992485284805298,955.3878173828125,14.849100000000002
2024-10-15 21:40:56,19281.2529296875,183.25391662597656,3.477,-1.1499999999999986,4.015,-102.0,-2.2522754669189453,955.8612670898438,14.701500000000001
2024-10-15 20:40:56,19256.8388671875,183.015673828125,3.438,-1.1499999999999986,4.018,-103.0,-0.07783813774585724,955.271484375,14.7589
2024-10-15 19:40:56,19226.3212890625,182.72003479003905,3.398,-1.1499999999999986,4.018,-103.0,2.7559752464294434,954.3178100585938,16.173400000000004
2024-10-15 18:40:56,19208.0107421875,182.5375653076172,3.376,-1.1999999999999957,4.015,-103.0,3.754582405090332,954.2542114257812,11.8971
2024-10-15 17:40:56,19208.0107421875,182.53151977539062,3.35,-1.1499999999999986,4.018,-102.0,3.3483057022094727,954.8587646484375,13.627300000000002
2024-10-15 16:40:56,19180.544921875,182.2581414794922,3.33,-1.1499999999999986,4.015,-102.0,3.6895751953125,954.7307739257812,13.7749
2024-10-15 15:40:56,19162.234375,182.06628723144533,3.315,-1.1499999999999986,4.015,-102.0,1.717901587486267,955.6056518554688,15.033600000000002
2024-10-15 14:40:56,19150.02734375,181.9357421875,3.308,-1.1499999999999986,4.015,-102.0,-0.6416406035423279,956.453125,11.286200000000001
2024-10-15 13:40:56,19140.8720703125,181.840791015625,3.302,-1.1999999999999957,4.018,-101.0,-1.2159008979797363,956.79296875,12.614600000000001
2024-10-15 12:40:56,19101.19921875,181.44218688964844,3.306,-1.1499999999999986,4.018,-101.0,-2.1404004096984863,956.9805297851562,10.310400000000001
2024-10-15 11:40:56,19079.8369140625,181.22416442871096,3.299,-1.1499999999999986,4.018,-101.0,-2.5308496952056885,957.4204711914062,14.5867
2024-10-15 10:40:56,19058.474609375,181.01124938964844,3.296,-1.1499999999999986,4.015,-100.0,-2.922248601913452,957.3496704101562,10.253
2024-10-15 09:40:56,19049.3193359375,180.9243933105469,3.298,-1.1499999999999986,4.015,-100.0,-2.6548168659210205,956.8800048828125,14.156200000000002
2024-10-15 08:40:56,19034.060546875,180.7700329589844,3.301,-1.1999999999999957,4.018,-100.0,-2.306347608566284,957.0572509765625,11.7454
2024-10-15 07:40:56,19031.0087890625,180.74167297363283,3.303,-1.1999999999999957,4.018,-95.0,-2.104194402694702,956.8414916992188,11.134500000000001
2024-10-15 06:40:56,19009.646484375,180.52752990722655,3.304,-1.1999999999999957,4.018,-94.0,-2.0570507049560547,956.8934936523438,10.4457
2024-10-15 05:40:57,18991.3359375,180.34680908203126,3.3,-1.1999999999999957,4.018,-98.0,-1.9893945455551147,956.655029296875,11.868400000000001
2024-10-15 04:40:57,18976.0771484375,180.19374206542972,3.298,-1.1499999999999986,4.018,-98.0,-1.8797607421875,956.7029418945312,11.3641
2024-10-15 03:40:57,18969.9736328125,180.1311541748047,3.302,-1.1499999999999986,4.018,-98.0,-1.813259243965149,956.8582153320312,15.0172
2024-10-15 02:40:57,18954.71484375,179.97764892578124,3.307,-1.1499999999999986,4.018,-98.0,-1.846066951751709,956.949951171875,14.988500000000002
2024-10-15 01:40:57,18942.5078125,179.85665161132815,3.307,-1.1999999999999957,4.018,-97.0,-1.4991601705551147,956.8426513671875,10.269400000000001
2024-10-15 00:40:57,18936.404296875,179.79754455566408,3.312,-1.1999999999999957,4.018,-97.0,-0.9371264576911926,956.6498413085938,15.000800000000002
2024-10-14 23:40:57,18927.2490234375,179.7098425292969,3.309,-1.1999999999999957,4.015,-96.0,-0.8162817358970642,956.2647705078125,14.107000000000001
2024-10-14 22:40:57,18927.2490234375,179.7132385253906,3.314,-1.1499999999999986,4.015,-96.0,-0.5746631026268005,955.9251708984375,14.6195
2024-10-14 21:40:57,18896.7314453125,179.4098553466797,3.317,-1.1999999999999957,4.018,-96.0,-0.11417968571186066,955.7459106445312,15.156600000000001
2024-10-14 20:40:57,18866.2138671875,179.1084246826172,3.314,-1.1499999999999986,4.015,-96.0,0.29270753264427185,955.3713989257812,12.8975
2024-10-14 19:40:57,18847.9033203125,178.931572265625,3.319,-1.1499999999999986,4.015,-98.0,0.6843798756599426,954.74609375,13.783100000000001
2024-10-14 18:40:57,18838.748046875,178.84261779785157,3.315,-1.1499999999999986,4.015,-97.0,0.9905981421470642,954.4862670898438,14.394000000000002
2024-10-14 17:40:57,18823.4892578125,178.69324096679688,3.314,-1.1999999999999957,4.015,-96.0,0.869415283203125,954.1651611328125,15.2878
2024-10-14 16:40:57,18814.333984375,178.60300415039063,3.317,-1.1499999999999986,4.018,-97.0,1.2439013719558716,954.0335693359375,15.238600000000002
2024-10-14 15:40:57,18799.0751953125,178.45179260253906,3.317,-1.1499999999999986,4.015,-96.0,0.9727331399917603,953.8959350585938,11.2698
2024-10-14 14:40:57,18796.0234375,178.4228063964844,3.313,-1.1999999999999957,4.018,-96.0,0.9079309105873108,953.7427978515625,11.036100000000001
2024-10-14 13:40:57,18792.9716796875,178.39278259277341,3.311,-1.1499999999999986,4.015,-96.0,0.3341442942619324,953.6934204101562,11.6552
2024-10-14 12:40:57,18783.81640625,178.29908935546877,3.32,-1.1499999999999986,4.018,-96.0,-0.11288940161466599,953.907470703125,15.021300000000002
2024-10-14 11:40:57,18786.8681640625,178.33426269531253,3.316,-1.1499999999999986,4.015,-96.0,-0.31925415992736816,953.44189453125,15.013100000000001
2024-10-14 10:40:57,18786.8681640625,178.33309875488283,3.317,-1.1499999999999986,4.015,-96.0,-0.26640623807907104,953.5582885742188,12.085700000000001
2024-10-14 09:40:57,18774.6611328125,178.21439270019533,3.318,-1.1499999999999986,4.018,-96.0,-0.1326562464237213,953.2218627929688,10.9992
2024-10-14 08:40:57,18768.5576171875,178.15648010253906,3.319,-1.1499999999999986,4.015,-95.0,0.03967651352286339,952.9096069335938,14.9229
2024-10-14 07:40:58,18765.505859375,178.12618652343753,3.314,-1.1499999999999986,4.018,-95.0,0.12940917909145355,952.88720703125,10.1628
2024-10-14 06:40:57,18759.40234375,178.07028808593748,3.306,-1.1499999999999986,4.018,-95.0,0.14075317978858948,952.37353515625,14.7712
2024-10-14 05:40:57,18753.298828125,178.01169128417968,3.301,-1.1499999999999986,4.018,-94.0,0.04456787183880806,952.1296997070312,14.873700000000001
2024-10-14 04:10:58,18747.1953125,177.94993774414064,3.285,-1.1499999999999986,4.018,-95.0,0.024324951693415642,952.2015380859375,12.8442
2024-10-14 03:10:58,18741.091796875,177.88824401855467,3.281,-1.1499999999999986,4.018,-94.0,-0.20316527783870697,952.2673950195312,12.8565
2024-10-14 02:10:58,18722.78125,177.70434326171878,3.275,-1.1499999999999986,4.018,-94.0,-0.15018188953399658,952.346923828125,13.041
2024-10-14 01:10:58,18692.263671875,177.40109436035158,3.261,-1.1999999999999957,4.015,-93.0,-0.33494508266448975,952.1542358398438,13.032800000000002
2024-10-14 00:10:58,18673.953125,177.21816650390625,3.248,-1.1999999999999957,4.018,-94.0,-1.336948275566101,952.136474609375,12.926200000000001
2024-10-13 23:10:58,18661.74609375,177.09883544921877,3.228,-1.1999999999999957,4.018,-93.0,-1.9895312786102295,951.862548828125,13.0533
2024-10-13 22:10:58,18646.4873046875,176.9544830322266,3.226,-1.1499999999999986,4.018,-93.0,-1.6823608875274658,951.0390014648438,13.0287
2024-10-13 21:10:58,18634.2802734375,176.84660217285156,3.223,-1.0999999999999943,4.018,-93.0,0.19550293684005737,949.6200561523438,13.151700000000002
2024-10-13 20:10:58,18622.0732421875,176.7376354980469,3.213,-1.1499999999999986,4.018,-93.0,3.2273266315460205,948.3096923828125,13.5699
2024-10-13 19:10:58,18597.6591796875,176.499521484375,3.2,-1.1499999999999986,4.015,-93.0,5.467994213104248,947.70703125,14.271
2024-10-13 18:10:58,18573.2451171875,176.26378845214845,3.2,-1.1499999999999986,4.018,-93.0,6.2459716796875,946.8662719726562,14.0783
2024-10-13 17:10:58,18551.8828125,176.0518640136719,3.194,-1.1999999999999957,4.018,-93.0,5.763684272766113,946.6964111328125,14.049600000000002
2024-10-13 16:10:58,18527.46875,175.81189514160158,3.186,-1.1499999999999986,4.018,-93.0,4.780632495880127,946.2792358398438,13.9922
2024-10-13 15:10:58,18506.1064453125,175.59666625976564,3.179,-1.1999999999999957,4.015,-92.0,3.455495595932007,946.4398193359375,14.1234
2024-10-13 14:10:58,18496.951171875,175.50472106933594,3.174,-1.1499999999999986,4.015,-92.0,1.2293652296066284,946.4790649414062,14.377600000000001
2024-10-13 13:10:58,18496.951171875,175.50296630859376,3.165,-1.1499999999999986,4.018,-92.0,-1.1784740686416626,946.654541015625,14.451400000000001
2024-10-13 12:10:58,18487.7958984375,175.41010986328126,3.16,-1.1499999999999986,4.018,-93.0,-3.3981518745422363,946.784912109375,13.036900000000001
2024-10-13 11:10:58,18472.537109375,175.2611267089844,3.154,-1.1499999999999986,4.018,-92.0,-3.5168213844299316,946.4244384765625,12.860600000000002
2024-10-13 10:10:58,18466.43359375,175.20507202148437,3.152,-1.1499999999999986,4.018,-92.0,-3.323227643966675,945.9263916015625,12.8114
2024-10-13 09:10:58,18451.1748046875,175.05902587890625,3.146,-1.1499999999999986,4.018,-92.0,-2.826469659805298,945.272216796875,12.745800000000001
2024-10-13 08:10:58,18445.0712890625,175.00349365234374,3.143,-1.1499999999999986,4.018,-92.0,-2.6283936500549316,944.721923828125,12.762200000000002
2024-10-13 07:10:58,18429.8125,174.85433288574222,3.134,-1.1499999999999986,4.018,-92.0,-2.368703603744507,944.3792114257812,12.827800000000002
2024-10-13 06:10:59,18417.60546875,174.7323077392578,3.13,-1.1499999999999986,4.015,-91.0,-2.5807764530181885,944.3746948242188,12.8975
2024-10-13 05:10:59,18423.708984375,174.79515869140627,3.125,-1.1499999999999986,4.018,-91.0,-2.4383301734924316,944.193115234375,14.582600000000001
2024-10-13 04:10:59,18380.984375,174.3715252685547,3.124,-1.1499999999999986,4.018,-91.0,-2.136120557785034,943.8318481445312,14.7179
2024-10-13 03:10:59,18368.77734375,174.25119750976563,3.118,-1.1999999999999957,4.015,-91.0,-2.1375463008880615,943.6575927734375,15.119700000000002
2024-10-13 02:10:59,18365.7255859375,174.21528259277346,3.121,-1.1999999999999957,4.018,-91.0,-1.9157617092132568,944.1973266601562,13.041
2024-10-13 01:10:59,18326.052734375,173.81956970214844,3.117,-1.1499999999999986,4.018,-91.0,-1.1862841844558716,944.0957641601562,10.9992
2024-10-13 00:10:59,18304.6904296875,173.6040887451172,3.117,-1.1499999999999986,4.018,-91.0,-1.12548828125,944.2815551757812,15.0828
2024-10-12 23:10:59,18295.53515625,173.5100408935547,3.124,-1.1999999999999957,4.018,-91.0,-0.5699756145477295,944.5310668945312,11.8274
2024-10-12 22:10:59,18292.4833984375,173.47806396484376,3.122,-1.1499999999999986,4.018,-90.0,0.10094726830720901,944.677001953125,10.429300000000001
2024-10-12 21:10:59,18277.224609375,173.3293194580078,3.126,-1.1999999999999957,4.018,-91.0,2.0138635635375977,944.2926635742188,15.501000000000001
2024-10-12 20:10:59,18252.810546875,173.08686157226563,3.126,-1.1499999999999986,4.018,-92.0,5.048946380615234,944.1243896484375,11.0279
2024-10-12 19:10:59,18243.6552734375,172.9922369384766,3.125,-1.1499999999999986,4.018,-91.0,7.223045825958252,944.4315795898438,13.922500000000001
2024-10-12 18:10:59,18231.4482421875,172.86980102539061,3.124,-1.1999999999999957,4.018,-91.0,8.103185653686523,944.4681396484375,11.5937
2024-10-12 17:10:59,18231.4482421875,172.86594970703123,3.13,-1.1499999999999986,4.018,-90.0,8.428017616271973,944.853271484375,16.341500000000003
2024-10-12 16:10:59,18228.396484375,172.82660522460935,3.131,-1.1499999999999986,4.018,-90.0,7.765584945678711,945.7359619140625,16.345600000000005
2024-10-12 15:10:59,18213.1376953125,172.6635235595703,3.133,-1.1499999999999986,4.015,-90.0,6.303642749786377,946.7853393554688,16.480900000000002
2024-10-12 14:11:00,18191.775390625,172.43934936523436,3.133,-1.1499999999999986,4.018,-90.0,4.379450798034668,947.8404541015625,13.123000000000001
2024-10-12 13:11:00,18185.671875,172.3680859375,3.146,-1.1499999999999986,4.018,-90.0,2.7643980979919434,948.86328125,16.480900000000002
2024-10-12 12:10:59,18167.361328125,172.17919921875,3.155,-1.1499999999999986,4.018,-89.0,1.276574730873108,949.44140625,14.160300000000001
2024-10-12 11:11:00,18133.7919921875,171.83512756347656,3.158,-1.1499999999999986,4.015,-90.0,0.05903564393520355,950.2792358398438,10.745000000000001
2024-10-12 10:11:00,18097.1708984375,171.4591082763672,3.159,-1.1499999999999986,4.018,-91.0,0.06141357496380806,951.2600708007812,14.213600000000001
2024-10-12 09:11:00,18072.7568359375,171.2125311279297,3.161,-1.1499999999999986,4.018,-90.0,0.08668334782123566,951.5037231445312,14.471900000000002
2024-10-12 08:11:00,18002.56640625,170.5032733154297,3.178,-1.1499999999999986,4.018,-90.0,0.22634276747703552,952.2390747070312,11.134500000000001
2024-10-12 07:11:00,17938.4794921875,169.85681701660155,3.205,-1.1499999999999986,4.018,-90.0,-0.019963378086686134,952.7977905273438,14.365300000000001
2024-10-12 06:11:00,17871.3408203125,169.17549743652344,3.209,-1.1499999999999986,4.018,-89.0,-0.0899975597858429,953.7910766601562,14.804
2024-10-12 05:11:00,17822.5126953125,168.6783465576172,3.2,-1.1499999999999986,4.018,-89.0,-0.4349353015422821,954.6780395507812,13.274700000000001
2024-10-12 04:11:00,17773.6845703125,168.18085815429686,3.206,-1.1499999999999986,4.021,-90.0,-0.18360228836536407,955.5987548828125,15.107400000000002
2024-10-12 03:11:00,17752.322265625,167.9589099121094,3.207,-1.1499999999999986,4.015,-90.0,-0.184417724609375,956.4312744140625,11.458400000000001
2024-10-12 02:11:01,17715.701171875,167.58297485351562,3.216,-1.1499999999999986,4.018,-89.0,-0.40294066071510315,957.4036865234375,11.761800000000001
2024-10-12 01:11:01,17712.6494140625,167.5435107421875,3.21,-1.0999999999999943,4.018,-89.0,-0.12613525986671448,958.29833984375,12.754000000000001
2024-10-12 00:11:01,17676.0283203125,167.1739660644531,3.216,-1.1499999999999986,4.018,-90.0,0.2901940941810608,958.6317138671875,12.5531
2024-10-11 23:11:01,17666.873046875,167.07416259765625,3.207,-1.1499999999999986,4.018,-90.0,0.24814696609973907,959.456787109375,14.853200000000001
2024-10-11 22:11:01,17648.5625,166.88361267089846,3.216,-1.1499999999999986,4.018,-89.0,0.04857543855905533,960.2012329101562,11.380500000000001
2024-10-11 21:11:01,17618.044921875,166.57268798828127,3.221,-1.1499999999999986,4.018,-89.0,1.5958349704742432,960.776123046875,11.0812
2024-10-11 20:11:01,17557.009765625,165.96722717285158,3.229,-1.1499999999999986,4.018,-89.0,4.603408336639404,960.2870483398438,16.013500000000004
2024-10-11 19:11:01,17529.5439453125,165.69432678222657,3.234,-1.1499999999999986,4.018,-90.0,6.816701889038086,960.1112670898438,13.606800000000002
2024-10-11 18:11:01,17517.3369140625,165.56808349609378,3.218,-1.1499999999999986,4.018,-88.0,7.430904388427734,960.528564453125,14.3161
2024-10-11 17:11:01,17505.1298828125,165.4363848876953,3.216,-1.1499999999999986,4.018,-89.0,6.709714412689209,961.4913940429688,13.639600000000002
2024-10-11 16:11:01,17462.4052734375,165.00031188964843,3.227,-1.1499999999999986,4.018,-89.0,5.028296947479248,962.3740844726562,15.2796
2024-10-11 15:11:01,17398.318359375,164.3467431640625,3.223,-1.1499999999999986,4.018,-89.0,3.935065984725952,963.64404296875,16.362000000000002
2024-10-11 14:11:01,17340.3349609375,163.75926696777344,3.233,-1.1499999999999986,4.015,-87.0,2.437868595123291,964.4082641601562,12.6843
2024-10-11 13:11:01,17306.765625,163.41556701660156,3.229,-1.1499999999999986,4.018,-89.0,0.9651257395744324,965.2089233398438,13.3526
2024-10-11 12:11:01,17285.4033203125,163.1983740234375,3.25,-1.1499999999999986,4.015,-87.0,-0.3179638683795929,965.56591796875,16.480900000000002
2024-10-11 11:11:01,17251.833984375,162.85979919433595,3.242,-1.1499999999999986,4.018,-87.0,-1.360996127128601,965.8540649414062,11.2329
2024-10-11 10:11:01,17227.419921875,162.61130065917968,3.254,-1.1499999999999986,4.018,-89.0,-1.391970157623291,966.2898559570312,10.904900000000001
2024-10-11 09:11:01,17218.2646484375,162.5191589355469,3.256,-1.1499999999999986,4.018,-88.0,-1.4168994426727295,966.3487548828125,14.2628
2024-10-11 08:11:01,17196.90234375,162.30117919921878,3.277,-1.1499999999999986,4.018,-88.0,-1.714968204498291,966.784423828125,13.2583
2024-10-11 07:11:01,17178.591796875,162.1160668945313,3.264,-1.1499999999999986,4.018,-88.0,-1.3914257287979126,966.985107421875,10.4457
2024-10-11 06:11:01,17148.07421875,161.8121368408203,3.275,-1.1499999999999986,4.018,-88.0,-1.271875023841858,966.8605346679688,14.529300000000001
2024-10-11 05:11:01,17105.349609375,161.37789794921875,3.298,-1.1499999999999986,4.018,-87.0,-1.108642578125,967.559814453125,14.225900000000001
2024-10-11 04:11:01,17044.314453125,160.76538330078125,3.301,-1.1499999999999986,4.018,-87.0,-1.018979549407959,967.776123046875,14.025
2024-10-11 03:11:01,16992.4345703125,160.24612609863283,3.3,-1.1499999999999986,4.018,-87.0,-0.9344092011451721,967.8219604492188,12.9098
2024-10-11 02:11:01,16861.208984375,158.93225402832033,3.322,-1.1499999999999986,4.015,-88.0,-0.8967089653015137,967.9835815429688,12.9672
2024-10-11 01:11:01,16806.27734375,158.37860290527342,3.328,-1.0999999999999943,4.018,-87.0,-0.6763501167297363,968.4170532226562,12.9344
2024-10-11 00:11:01,16733.03515625,157.64509033203126,3.341,-1.1499999999999986,4.018,-87.0,-0.4602722227573395,968.526123046875,13.098400000000002
2024-10-10 23:11:02,16687.2587890625,157.18685119628907,3.355,-1.1499999999999986,4.018,-88.0,-0.04652343690395355,968.5736694335938,13.045100000000001
2024-10-10 22:11:02,16568.240234375,155.9952227783203,3.362,-1.0999999999999943,4.018,-87.0,0.3641003370285034,968.7179565429688,13.0738
2024-10-10 21:11:02,16571.2919921875,156.03204467773438,3.366,-1.1499999999999986,4.015,-87.0,2.019773006439209,968.0875244140625,13.188600000000001
2024-10-10 20:11:02,16519.412109375,155.52091796875,3.376,-1.1499999999999986,4.018,-87.0,4.744630336761475,967.3203125,13.5371
2024-10-10 19:11:02,16540.7744140625,155.73603454589843,3.365,-1.1499999999999986,4.018,-86.0,6.427610874176025,967.1709594726562,14.1316
2024-10-10 18:11:02,16531.619140625,155.64095703125,3.377,-1.1499999999999986,4.015,-87.0,7.238193511962891,967.5234375,14.0906
2024-10-10 17:11:02,16336.306640625,153.68471618652345,3.408,-1.0999999999999943,4.018,-86.0,6.524679183959961,967.8350219726562,14.053700000000001
2024-10-10 16:11:02,16287.478515625,153.18898986816407,3.412,-1.1499999999999986,4.018,-87.0,5.977181434631348,968.5795288085938,14.127500000000001
2024-10-10 15:11:02,16168.4599609375,151.9954510498047,3.419,-1.1499999999999986,4.018,-87.0,5.138883113861084,968.9148559570312,14.234100000000002
2024-10-10 14:11:02,16150.1494140625,151.8073114013672,3.41,-1.1499999999999986,4.018,-87.0,4.401662826538086,969.4182739257812,14.504700000000001
2024-10-10 13:11:02,16061.6484375,150.915859375,3.418,-1.1499999999999986,4.018,-87.0,3.1250951290130615,970.0625,14.3571
2024-10-10 12:11:02,16064.7001953125,150.9428240966797,3.434,-1.1499999999999986,4.018,-87.0,1.1266577243804932,970.4177856445312,14.2628
2024-10-10 11:11:02,16202.029296875,152.31416503906252,3.464,-1.1499999999999986,4.015,-87.0,1.0400500297546387,970.61279296875,12.819600000000001
2024-10-10 10:11:02,15979.2509765625,150.08396423339843,3.453,-1.0999999999999943,4.018,-86.0,1.5452966690063477,970.8545532226562,12.893400000000002
2024-10-10 09:11:02,15555.056640625,145.84046020507813,3.482,-1.1499999999999986,4.018,-87.0,2.0364160537719727,971.0106201171875,12.8442
2024-10-10 08:11:02,15552.0048828125,145.8086785888672,3.517,-1.0999999999999943,4.018,-87.0,2.245157480239868,971.1370239257812,12.7376
2024-10-10 07:11:02,15545.9013671875,145.74729675292969,3.521,-1.0999999999999943,4.018,-86.0,2.7292797565460205,971.1716918945312,12.7294
2024-10-10 06:11:02,15545.9013671875,145.74080444335937,3.522,-1.1499999999999986,4.018,-87.0,3.020554304122925,971.8209228515625,12.700700000000001
2024-10-10 05:11:02,15536.74609375,145.6463201904297,3.541,-1.1999999999999957,4.018,-86.0,3.139699697494507,972.1140747070312,12.8155
2024-10-10 04:11:02,15536.74609375,145.63872497558594,3.568,-1.1499999999999986,4.018,-86.0,3.048675537109375,972.8735961914062,12.979500000000002
2024-10-10 03:11:02,15524.5390625,145.5141357421875,3.6,-1.1499999999999986,4.018,-85.0,3.2676074504852295,973.12548828125,12.8237
2024-10-10 02:11:02,15503.1767578125,145.29380676269534,3.59,-1.1499999999999986,4.018,-86.0,3.171353816986084,973.7960815429688,12.7909
2024-10-10 01:11:02,15475.7109375,145.01287658691408,3.613,-1.1499999999999986,4.018,-86.0,3.413787841796875,974.4232788085938,14.3366
2024-10-10 00:11:02,15448.2451171875,144.73195251464844,3.643,-1.1499999999999986,4.018,-85.0,3.3759522438049316,975.0498657226562,10.6835
2024-10-09 23:11:02,15420.779296875,144.45336181640624,3.656,-1.0999999999999943,4.018,-86.0,3.379824161529541,975.443115234375,11.6552
2024-10-09 22:11:02,15390.26171875,144.14330017089844,3.671,-1.1499999999999986,4.015,-85.0,3.485180616378784,975.9317016601562,12.057
2024-10-09 21:11:02,15368.8994140625,143.92504272460937,3.687,-1.0999999999999943,4.018,-84.0,3.8839173316955566,976.3951416015625,12.225100000000001
2024-10-09 20:11:02,15353.640625,143.77509521484376,3.7,-1.1499999999999986,4.018,-86.0,4.580856800079346,976.131103515625,14.980300000000002
2024-10-09 19:11:02,15335.330078125,143.58749938964846,3.761,-1.0999999999999943,4.018,-85.0,5.054449558258057,976.5801391601562,13.8733
2024-10-09 18:11:02,15313.9677734375,143.36962280273437,3.777,-1.1499999999999986,4.018,-86.0,4.608435153961182,977.0054931640625,12.5859
2024-10-09 17:11:02,15292.60546875,143.15164367675783,3.775,-1.1499999999999986,4.018,-85.0,4.472714900970459,977.4411010742188,14.168500000000002
2024-10-09 16:11:02,15277.3466796875,142.99523376464845,3.776,-1.1499999999999986,4.018,-84.0,4.5247483253479,977.8233032226562,15.361600000000001
2024-10-09 15:11:02,15259.0361328125,142.80964599609376,3.778,-1.1499999999999986,4.018,-85.0,4.671133041381836,978.071533203125,12.991800000000001
2024-10-09 14:11:02,15243.77734375,142.65140319824218,3.778,-1.1499999999999986,4.018,-85.0,3.4106640815734863,978.6370239257812,11.3354
2024-10-09 13:11:02,15222.4150390625,142.43850219726562,3.772,-1.1499999999999986,4.018,-85.0,2.828997850418091,978.5648193359375,10.8885
2024-10-09 12:11:02,15194.94921875,142.16359985351562,3.773,-1.0999999999999943,4.018,-84.0,2.462458610534668,978.5892333984375,14.951600000000001
2024-10-09 11:11:02,15167.4833984375,141.89021545410156,3.767,-1.1499999999999986,4.021,-84.0,2.1885058879852295,978.4618530273438,14.992600000000001
2024-10-09 10:11:02,15136.9658203125,141.58548461914063,3.772,-1.1499999999999986,4.018,-84.0,1.9273914098739624,978.4173583984375,13.836400000000001
2024-10-09 09:11:03,15106.4482421875,141.28119018554688,3.773,-1.0999999999999943,4.018,-84.0,1.523288607597351,978.3292236328125,13.262400000000001
2024-10-09 08:11:04,15085.0859375,141.07187316894533,3.781,-1.1499999999999986,4.015,-84.0,0.9187988042831421,977.8986206054688,12.3153
2024-10-09 07:11:03,15072.87890625,140.94512512207032,3.783,-1.0999999999999943,4.018,-85.0,-0.23685790598392487,978.3663940429688,12.503900000000002
2024-10-09 06:11:04,15054.568359375,140.76807495117188,3.778,-1.0999999999999943,4.018,-84.0,-0.3756335377693176,977.7608642578125,14.730200000000002
2024-10-09 05:11:04,15033.2060546875,140.5543048095703,3.777,-1.0999999999999943,4.018,-84.0,-0.42352294921875,977.7755737304688,13.012300000000002
2024-10-09 04:11:03,15014.8955078125,140.37634521484375,3.777,-1.0999999999999943,4.018,-84.0,-0.30369871854782104,977.260986328125,10.568700000000002
2024-10-09 03:11:04,14999.63671875,140.22649658203125,3.782,-1.1499999999999986,4.018,-84.0,-0.3197973668575287,976.987060546875,14.8327
2024-10-09 02:11:04,14978.2744140625,140.01939575195314,3.784,-1.1499999999999986,4.018,-94.0,-0.3089965879917145,976.3348388671875,14.517000000000001
2024-10-09 01:11:04,14966.0673828125,139.90068298339844,3.784,-1.0999999999999943,4.018,-85.0,-0.022817382588982582,975.9990844726562,10.5031
2024-10-09 00:11:04,14950.80859375,139.7551708984375,3.786,-1.1499999999999986,4.021,-84.0,0.40003418922424316,975.29150390625,12.7499
2024-10-08 23:11:04,14935.5498046875,139.6058825683594,3.783,-1.0999999999999943,4.018,-84.0,0.8426513671875,974.9615478515625,12.126700000000001
2024-10-08 22:11:04,14911.1357421875,139.36555114746093,3.78,-1.1499999999999986,4.018,-84.0,1.6129528284072876,974.5806274414062,12.614600000000001
2024-10-08 21:11:04,14880.6181640625,139.0653631591797,3.777,-1.0999999999999943,4.018,-84.0,3.556436777114868,974.0818481445312,12.0775
2024-10-08 20:11:04,14831.7900390625,138.58713500976563,3.776,-1.1499999999999986,4.018,-85.0,6.422788143157959,973.0765380859375,14.570300000000001
2024-10-08 19:11:04,14782.9619140625,138.10455200195315,3.773,-1.0999999999999943,4.018,-84.0,8.302011489868164,972.5067138671875,16.480900000000002
2024-10-08 18:11:04,14743.2890625,137.70877197265628,3.77,-1.0999999999999943,4.018,-85.0,9.160552024841309,972.411865234375,14.016800000000002
2024-10-08 17:11:04,14706.66796875,137.34232482910156,3.767,-1.1499999999999986,4.018,-86.0,9.0375337600708,972.4354858398438,11.442
2024-10-08 16:11:04,14685.3056640625,137.12692565917968,3.765,-1.0999999999999943,4.021,-84.0,7.925555229187012,972.6130981445312,13.5822
2024-10-08 15:11:04,14676.150390625,137.03329162597657,3.761,-1.0999999999999943,4.018,-85.0,6.775604248046875,972.8212280273438,13.401800000000001
2024-10-08 14:11:04,14673.0986328125,137.00008178710937,3.753,-1.0999999999999943,4.018,-85.0,5.06008768081665,973.0904541015625,16.480900000000002
2024-10-08 13:11:04,14673.0986328125,136.9963610839844,3.747,-1.0999999999999943,4.018,-85.0,3.452099561691284,973.4625244140625,13.487900000000002
2024-10-08 12:11:04,14685.3056640625,137.11700988769533,3.741,-1.0999999999999943,4.021,-86.0,1.8343981504440308,973.6046752929688,13.865100000000002
2024-10-08 11:11:04,14660.8916015625,136.86861755371095,3.735,-1.1499999999999986,4.018,-85.0,0.3418872058391571,974.0298461914062,13.717500000000001
2024-10-08 10:11:04,14676.150390625,137.02119628906252,3.733,-1.1499999999999986,4.018,-86.0,0.3015380799770355,974.03076171875,11.1796
2024-10-08 09:11:04,14712.771484375,137.38626892089843,3.733,-1.1499999999999986,4.018,-86.0,0.22511963546276093,974.1445922851562,10.560500000000001
2024-10-08 08:11:04,14740.2373046875,137.66203613281252,3.728,-1.1499999999999986,4.018,-86.0,0.577801525592804,974.03369140625,14.0045
2024-10-08 07:11:04,14694.4609375,137.20189758300782,3.72,-1.0999999999999943,4.018,-86.0,0.5140844583511353,974.2711791992188,14.644100000000002
2024-10-08 06:11:04,14673.0986328125,136.98959411621095,3.713,-1.1499999999999986,4.018,-86.0,0.8256701827049255,974.1392211914062,12.6843
2024-10-08 05:11:04,14627.322265625,136.5311865234375,3.705,-1.0999999999999943,4.021,-86.0,0.8688037395477295,974.20361328125,10.3842
2024-10-08 04:11:04,14560.18359375,135.8591033935547,3.694,-1.1499999999999986,4.018,-85.0,1.2911791801452637,974.2732543945312,12.643300000000002
2024-10-08 03:11:04,14508.3037109375,135.33786193847658,3.685,-1.0999999999999943,4.018,-86.0,1.3834936618804932,974.5175170898438,14.3161
2024-10-08 02:11:04,14438.11328125,134.63834228515626,3.678,-1.1499999999999986,4.018,-86.0,1.5700231790542603,974.279052734375,14.234100000000002
2024-10-08 01:11:04,14383.181640625,134.08379760742187,3.668,-1.1499999999999986,4.021,-101.0,1.5444824695587158,974.8018798828125,14.570300000000001
2024-10-08 00:11:04,14319.0947265625,133.4430456542969,3.659,-1.1499999999999986,4.018,-87.0,1.6948742866516113,974.7901611328125,12.913900000000002
2024-10-07 23:11:04,14267.21484375,132.92062316894533,3.652,-1.1499999999999986,4.018,-87.0,1.7831127643585205,975.1525268554688,13.057400000000001
2024-10-07 21:41:05,14236.697265625,132.6093884277344,3.641,-1.0999999999999943,4.018,-86.0,2.542478084564209,975.7584228515625,13.164000000000001
2024-10-07 20:41:05,14224.490234375,132.4916241455078,3.633,-1.0999999999999943,4.018,-87.0,5.07455587387085,975.3278198242188,13.246
2024-10-07 19:41:05,14197.0244140625,132.22467834472656,3.627,-1.1499999999999986,4.018,-87.0,7.451282978057861,974.5565795898438,14.1193
2024-10-07 18:41:05,14175.662109375,132.00663024902343,3.621,-1.1499999999999986,4.018,-87.0,8.197674751281738,974.9990844726562,13.9799
2024-10-07 17:41:05,14139.041015625,131.63421020507815,3.609,-1.1999999999999957,4.018,-87.0,6.990868091583252,975.6199951171875,14.168500000000002
2024-10-07 16:41:05,14102.419921875,131.26620849609375,3.601,-1.1499999999999986,4.018,-87.0,6.70400857925415,975.799072265625,14.0578
2024-10-07 15:41:05,14074.9541015625,130.9845770263672,3.594,-1.0999999999999943,4.018,-87.0,5.463782787322998,976.4963989257812,14.2956
2024-10-07 14:41:05,14047.48828125,130.7070654296875,3.584,-1.0999999999999943,4.021,-87.0,4.954731464385986,976.78173828125,14.492400000000002
2024-10-07 13:41:05,14035.28125,130.57551391601564,3.577,-1.0999999999999943,4.018,-86.0,3.7469067573547363,977.7298583984375,14.443200000000001
2024-10-07 12:41:05,14020.0224609375,130.42153259277345,3.573,-1.0999999999999943,4.018,-87.0,2.4712891578674316,977.8692016601562,14.016800000000002
2024-10-07 11:41:05,14010.8671875,130.3253955078125,3.57,-1.0999999999999943,4.018,-87.0,2.2940661907196045,978.32763671875,12.9631
2024-10-07 10:41:05,13992.556640625,130.1417694091797,3.565,-1.0999999999999943,4.021,-87.0,2.37544322013855,978.3796997070312,12.864700000000001
2024-10-07 09:41:05,13965.0908203125,129.86624877929688,3.562,-1.1499999999999986,4.018,-86.0,2.2952880859375,978.4659423828125,12.9631
2024-10-07 08:41:05,13937.625,129.58900146484376,3.562,-1.1499999999999986,4.018,-86.0,2.014202833175659,978.724853515625,12.8237
2024-10-07 07:41:05,13913.2109375,129.34747497558595,3.556,-1.1499999999999986,4.021,-86.0,1.9165234565734863,978.4634399414062,13.000000000000002
2024-10-07 06:41:05,13916.2626953125,129.38249267578126,3.55,-1.0999999999999943,4.021,-86.0,2.2415575981140137,978.013427734375,12.795000000000002
2024-10-07 05:41:05,13910.1591796875,129.32218078613283,3.548,-1.1499999999999986,4.018,-87.0,2.3052735328674316,977.9411010742188,12.9221
2024-10-07 04:41:05,13919.314453125,129.41254150390625,3.543,-1.0999999999999943,4.018,-86.0,2.2876806259155273,978.060302734375,12.9672
2024-10-07 03:41:05,13910.1591796875,129.32228393554686,3.54,-1.0999999999999943,4.018,-86.0,2.0162415504455566,977.9307861328125,13.065600000000002
2024-10-07 01:41:05,13910.1591796875,129.32433227539062,3.525,-1.0999999999999943,4.021,-87.0,1.9098657369613647,977.7259521484375,13.110700000000001
2024-10-07 00:41:05,13894.900390625,129.1755584716797,3.521,-1.0999999999999943,4.018,-86.0,1.5393872261047363,977.3445434570312,12.938500000000001
2024-10-06 23:41:05,13901.00390625,129.23575134277345,3.53,-1.1499999999999986,4.021,-86.0,1.5766125917434692,977.4287719726562,13.6232
2024-10-06 22:41:05,13922.3662109375,129.45296691894532,3.521,-1.0999999999999943,4.021,-86.0,1.9993945360183716,977.0695190429688,11.1468
2024-10-06 21:41:05,13934.5732421875,129.58060119628908,3.517,-1.1999999999999957,4.018,-86.0,2.759167432785034,976.5131225585938,15.218100000000002
2024-10-06 20:41:05,13925.41796875,129.4971893310547,3.513,-1.1499999999999986,4.018,-86.0,4.934896469116211,975.6990356445312,14.1521
2024-10-06 19:41:05,13879.6416015625,129.04826904296874,3.508,-1.1499999999999986,4.018,-86.0,9.358288764953613,974.814697265625,15.000800000000002
2024-10-06 18:41:06,13815.5546875,128.4160546875,3.5,-1.0999999999999943,4.018,-86.0,10.387328147888184,973.94921875,13.684700000000001
2024-10-06 17:41:06,13724.001953125,127.50177429199219,3.489,-1.1499999999999986,4.021,-87.0,11.302927017211914,973.8245239257812,11.8725
2024-10-06 16:41:06,13647.7080078125,126.73973937988282,3.481,-1.0999999999999943,4.018,-87.0,10.476924896240234,973.7340698242188,11.2001
2024-10-06 15:41:06,13611.0869140625,126.37714233398438,3.475,-1.0999999999999943,4.018,-87.0,10.394800186157227,973.3726806640625,15.3206
2024-10-06 14:41:06,13601.931640625,126.2822430419922,3.472,-1.0999999999999943,4.018,-87.0,8.268726348876953,973.7073364257812,13.401800000000001
2024-10-06 13:41:06,13608.03515625,126.33924377441406,3.466,-1.0999999999999943,4.018,-87.0,6.320623874664307,974.1107788085938,14.127500000000001
2024-10-06 12:41:06,13595.828125,126.21644042968751,3.474,-1.0999999999999943,4.018,-87.0,4.869617938995361,974.18408203125,11.642900000000001
2024-10-06 11:41:06,13604.9833984375,126.30932922363283,3.472,-1.0999999999999943,4.018,-87.0,3.1869776248931885,974.0504760742188,16.370200000000004
2024-10-06 10:41:06,13632.44921875,126.58325134277345,3.463,-1.0999999999999943,4.018,-87.0,2.9161486625671387,974.1240844726562,10.904900000000001
2024-10-06 09:41:06,13623.2939453125,126.49458923339844,3.458,-1.0999999999999943,4.018,-88.0,3.367121696472168,973.8350219726562,14.23
2024-10-06 08:41:06,13623.2939453125,126.49619384765626,3.46,-1.0999999999999943,4.018,-88.0,3.838608503341675,973.674560546875,14.886000000000001
2024-10-06 07:41:06,13632.44921875,126.59260620117188,3.464,-1.0999999999999943,4.018,-89.0,3.8216943740844727,973.1885986328125,11.2329
2024-10-06 06:41:06,13647.7080078125,126.74566772460938,3.467,-1.0999999999999943,4.018,-89.0,3.7504382133483887,973.1412353515625,11.9586
2024-10-06 05:41:07,13641.6044921875,126.68836975097656,3.469,-1.1499999999999986,4.018,-89.0,3.713486433029175,972.7675170898438,14.873700000000001
2024-10-06 04:41:07,13635.5009765625,126.62685668945313,3.469,-1.0999999999999943,4.021,-90.0,4.099179744720459,972.8153076171875,14.9557
2024-10-06 03:41:07,13635.5009765625,126.6309783935547,3.464,-1.0999999999999943,4.021,-90.0,4.343040943145752,972.4031372070312,12.614600000000001
2024-10-06 02:41:07,13659.9150390625,126.87550048828126,3.462,-1.0999999999999943,4.018,-90.0,4.690695762634277,972.364990234375,13.848700000000001
2024-10-06 01:41:07,13669.0703125,126.97054199218752,3.466,-1.1499999999999986,4.018,-90.0,5.157359600067139,972.01611328125,13.7339
2024-10-06 00:41:07,13681.27734375,127.09073913574218,3.468,-1.0499999999999972,4.021,-91.0,5.201513767242432,972.2034301757812,10.8885
2024-10-05 23:41:07,13705.69140625,127.33544677734375,3.49,-1.0999999999999943,4.018,-91.0,5.639715671539307,972.146728515625,14.4801
2024-10-05 22:41:06,13745.3642578125,127.73926940917968,3.497,-1.0999999999999943,4.021,-90.0,7.292807579040527,971.4373168945312,12.159500000000001
2024-10-05 21:41:06,13846.072265625,128.74690063476564,3.485,-1.0999999999999943,4.018,-92.0,7.087054252624512,971.3822021484375,12.5531
2024-10-05 20:41:07,13922.3662109375,129.51261047363283,3.485,-1.0999999999999943,4.021,-93.0,9.028023719787598,971.1051635742188,11.0197
2024-10-05 19:41:07,13870.486328125,128.99704895019534,3.482,-1.1499999999999986,4.018,-93.0,10.508783340454102,970.7814331054688,15.238600000000002
2024-10-05 18:41:07,13778.93359375,128.08724670410157,3.477,-1.0999999999999943,4.021,-93.0,11.115242958068848,970.2089233398438,15.501000000000001
2024-10-05 17:41:07,13632.44921875,126.62522644042969,3.472,-1.1499999999999986,4.018,-94.0,10.979183197021484,969.9265747070312,13.401800000000001
2024-10-05 16:41:07,13525.6376953125,125.55416748046875,3.467,-1.0999999999999943,4.018,-94.0,10.837145805358887,970.220947265625,13.401800000000001
2024-10-05 15:41:07,13507.3271484375,125.36932006835939,3.464,-1.0999999999999943,4.021,-95.0,10.034307479858398,970.3951416015625,11.1919
2024-10-05 14:41:07,13498.171875,125.2748846435547,3.46,-1.1499999999999986,4.021,-95.0,8.382233619689941,970.6834106445312,12.212800000000001
2024-10-05 13:41:07,13568.3623046875,125.97572326660156,3.451,-1.0999999999999943,4.021,-95.0,5.947564601898193,970.7899780273438,14.664600000000002
2024-10-05 12:41:07,13556.1552734375,125.85293884277345,3.448,-1.1499999999999986,4.021,-95.0,4.039743423461914,970.8613891601562,16.480900000000002
2024-10-05 11:41:07,13562.2587890625,125.91053161621093,3.448,-1.0999999999999943,4.018,-94.0,1.7564172744750977,971.2056274414062,13.282900000000001
2024-10-05 10:41:07,13553.103515625,125.81980529785156,3.445,-1.0999999999999943,4.018,-94.0,1.004794955253601,971.1229858398438,10.687600000000002
2024-10-05 09:41:07,13550.0517578125,125.79035034179688,3.444,-1.0999999999999943,4.018,-93.0,1.8303905725479126,971.0167236328125,15.271400000000002
2024-10-05 08:41:07,13556.1552734375,125.85261535644533,3.444,-1.0999999999999943,4.018,-93.0,1.7700024843215942,970.8937377929688,14.082400000000002
2024-10-05 07:41:07,13559.20703125,125.88720947265627,3.444,-1.1499999999999986,4.021,-93.0,1.7484009265899658,970.486083984375,14.7589
2024-10-05 06:41:08,13574.4658203125,126.04038146972657,3.449,-1.0999999999999943,4.018,-93.0,1.8291674852371216,970.4276733398438,10.654800000000002
2024-10-05 05:41:08,13562.2587890625,125.91833190917968,3.449,-1.0999999999999943,4.018,-93.0,1.8313415050506592,970.4255981445312,14.894200000000001
2024-10-05 04:41:08,13595.828125,126.25248107910156,3.45,-1.1499999999999986,4.018,-92.0,2.0387256145477295,970.5800170898438,13.684700000000001
2024-10-05 03:41:08,13601.931640625,126.31468994140626,3.453,-1.0999999999999943,4.018,-91.0,2.4279515743255615,970.462646484375,15.291900000000002
2024-10-05 02:41:08,13629.3974609375,126.58560729980468,3.446,-1.0999999999999943,4.018,-90.0,2.3690576553344727,970.8367309570312,14.9967
2024-10-05 01:41:08,13653.8115234375,126.82819030761719,3.44,-1.1499999999999986,4.021,-92.0,2.330678701400757,970.9924926757812,15.255
2024-10-05 00:41:08,13699.587890625,127.28829772949219,3.44,-1.0999999999999943,4.021,-92.0,2.346914052963257,970.7581176757812,14.3817
2024-10-04 23:41:08,13757.5712890625,127.86688293457033,3.457,-1.1499999999999986,4.021,-90.0,2.5079028606414795,970.8829956054688,11.1181
2024-10-04 22:41:08,13824.7099609375,128.53743408203127,3.457,-1.0499999999999972,4.018,-90.0,2.9951488971710205,970.966552734375,12.807300000000001
2024-10-04 21:41:08,13897.9521484375,129.2662371826172,3.45,-1.0999999999999943,4.021,-87.0,4.564417839050293,971.3284301757812,12.6105
2024-10-04 20:41:08,13968.142578125,129.97384582519533,3.451,-1.0999999999999943,4.021,-90.0,6.996506214141846,970.7579956054688,13.282900000000001
2024-10-04 19:41:08,13992.556640625,130.21960998535155,3.451,-1.0999999999999943,4.021,-91.0,9.240774154663086,970.5956420898438,13.7626
2024-10-04 18:41:08,14044.4365234375,130.73620422363283,3.457,-1.0999999999999943,4.021,-92.0,10.145572662353516,970.8161010742188,13.9184
2024-10-04 17:41:08,13934.5732421875,129.63808532714845,3.452,-1.1499999999999986,4.021,-92.0,10.470743179321289,970.7647094726562,13.8528
2024-10-04 16:41:08,13806.3994140625,128.35016418457033,3.45,-1.0999999999999943,4.021,-92.0,10.23455810546875,971.3829956054688,13.832300000000002
2024-10-04 15:41:08,13806.3994140625,128.34481750488283,3.454,-1.0999999999999943,4.021,-92.0,9.754783630371094,971.9176635742188,13.9717
2024-10-04 14:41:08,13849.1240234375,128.76333862304688,3.457,-1.0999999999999943,4.021,-92.0,7.789360523223877,972.7901611328125,13.7872
2024-10-04 13:41:08,13879.6416015625,129.06475830078125,3.453,-1.0999999999999943,4.021,-92.0,6.605309963226318,973.165771484375,14.307900000000002
2024-10-04 12:41:08,13934.5732421875,129.6103369140625,3.451,-1.0999999999999943,4.021,-92.0,5.10899543762207,973.53955078125,14.4145
2024-10-04 11:41:08,14010.8671875,130.36601379394534,3.445,-1.0999999999999943,4.018,-91.0,2.7053003311157227,974.2658081054688,13.692900000000002
2024-10-04 10:41:08,14059.6953125,130.85363098144532,3.43,-1.0999999999999943,4.021,-92.0,2.3528919219970703,974.3322143554688,12.831900000000001
2024-10-04 09:41:08,14081.0576171875,131.07062622070313,3.429,-1.0999999999999943,4.021,-92.0,3.012402296066284,973.9949951171875,12.7376
2024-10-04 08:41:08,14160.4033203125,131.86393798828126,3.408,-1.0999999999999943,4.021,-92.0,3.335195302963257,974.009521484375,12.7827
2024-10-04 07:41:08,14178.7138671875,132.0443212890625,3.388,-1.1499999999999986,4.018,-92.0,3.704859733581543,974.28173828125,12.672
2024-10-04 06:41:08,14206.1796875,132.3151452636719,3.392,-1.0999999999999943,4.018,-92.0,4.026837348937988,974.6651611328125,12.8155
2024-10-04 05:41:08,14230.59375,132.5560546875,3.405,-1.1499999999999986,4.021,-92.0,4.261256217956543,974.98828125,12.8237
2024-10-04 04:41:09,14279.421875,133.03919372558593,3.4,-1.0999999999999943,4.021,-92.0,4.7737717628479,975.5025024414062,12.786800000000001
2024-10-04 03:41:09,14349.6123046875,133.73912902832032,3.411,-1.0999999999999943,4.018,-91.0,5.380367279052734,975.6994018554688,12.8155
2024-10-04 02:41:09,14450.3203125,134.7440954589844,3.458,-1.0999999999999943,4.021,-92.0,5.645421028137207,975.9107666015625,12.9959
2024-10-04 01:41:09,14496.0966796875,135.20371032714846,3.517,-1.0999999999999943,4.018,-91.0,6.263564586639404,975.7256469726562,13.0205
2024-10-04 00:41:09,14850.1005859375,138.7457666015625,3.53,-1.1499999999999986,4.018,-91.0,6.565911769866943,975.52392578125,12.836
2024-10-03 23:41:09,15582.5224609375,146.07325134277343,3.564,-1.1499999999999986,4.021,-91.0,7.421258449554443,975.1973266601562,12.9672
2024-10-03 22:41:09,16549.9296875,155.74971252441406,3.526,-1.1499999999999986,4.021,-92.0,8.053871154785156,974.9584350585938,13.032800000000002
2024-10-03 21:41:09,16614.0166015625,156.3916833496094,3.401,-1.1499999999999986,4.021,-92.0,8.527871131896973,974.8482666015625,12.946700000000002
2024-10-03 20:41:09,16253.9091796875,152.79735900878907,3.476,-1.0499999999999972,4.018,-90.0,8.969402313232422,974.1732788085938,11.9299
2024-10-03 19:41:09,15921.267578125,149.47782104492188,3.29,-1.0999999999999943,4.021,-90.0,9.490408897399902,973.4854736328125,11.638800000000002
2024-10-03 18:41:09,15555.056640625,145.82366027832032,3.328,-1.0999999999999943,4.021,-90.0,9.071362495422363,972.6906127929688,11.737200000000001
2024-10-03 17:41:09,15231.5703125,142.58937194824222,3.314,-1.0999999999999943,4.021,-91.0,9.704856872558594,972.6331176757812,12.893400000000002
2024-10-03 16:41:10,14813.4794921875,138.40783569335937,3.323,-1.1499999999999986,4.018,-90.0,9.1373872756958,972.6959228515625,15.7429
2024-10-03 15:41:10,14541.873046875,135.68769592285156,3.331,-1.0999999999999943,4.021,-91.0,8.749520301818848,973.1034545898438,11.519900000000002
2024-10-03 14:41:10,14386.2333984375,134.1296697998047,3.333,-1.0999999999999943,4.018,-90.0,7.983838081359863,973.2664184570312,14.767100000000001
2024-10-03 13:41:10,14300.7841796875,133.27081359863283,3.333,-1.0999999999999943,4.021,-90.0,8.235849380493164,973.7028198242188,12.713000000000001
2024-10-03 12:41:10,14285.525390625,133.12147399902344,3.301,-1.0999999999999943,4.021,-89.0,8.385019302368164,973.3779907226562,12.262
2024-10-03 11:41:10,14358.767578125,133.8512677001953,3.265,-1.0499999999999972,4.021,-91.0,7.388110160827637,973.6408081054688,11.1386
2024-10-03 10:41:10,14386.2333984375,134.12774169921877,3.259,-1.0999999999999943,4.021,-90.0,7.213943004608154,973.459228515625,14.709700000000002
2024-10-03 09:41:10,14404.5439453125,134.31434875488281,3.266,-1.0999999999999943,4.021,-90.0,7.251846790313721,973.1090698242188,14.275100000000002
2024-10-03 08:41:10,14422.8544921875,134.50194152832032,3.273,-1.0999999999999943,4.021,-90.0,7.077883243560791,972.6603393554688,14.9557
2024-10-03 07:41:10,14465.5791015625,134.93605041503906,3.286,-1.0999999999999943,4.018,-90.0,7.621239185333252,971.9740600585938,15.2345
2024-10-03 06:41:10,14508.3037109375,135.36807006835937,3.313,-1.0999999999999943,4.021,-90.0,8.17573356628418,971.4967041015625,10.5031
2024-10-03 05:41:10,14547.9765625,135.7709265136719,3.319,-1.0999999999999943,4.021,-89.0,7.821149826049805,970.8839111328125,12.8975
2024-10-03 04:41:10,14569.3388671875,135.9866326904297,3.332,-1.1499999999999986,4.021,-89.0,7.676871299743652,970.6755981445312,14.5662
2024-10-03 03:41:10,14544.9248046875,135.74282470703125,3.339,-1.0999999999999943,4.021,-89.0,7.056894302368164,970.642333984375,12.1841
2024-10-03 02:41:10,14560.18359375,135.89473144531252,3.368,-1.1499999999999986,4.021,-90.0,5.607314586639404,970.71044921875,10.937700000000001
2024-10-03 01:41:10,14551.0283203125,135.80604248046876,3.389,-1.0999999999999943,4.021,-90.0,5.525597095489502,970.424072265625,10.7614
2024-10-03 00:41:10,14547.9765625,135.7791033935547,3.392,-1.0999999999999943,4.021,-90.0,5.9004225730896,970.0662231445312,14.7179
2024-10-02 23:41:10,14609.01171875,136.39306091308595,3.38,-1.0999999999999943,4.021,-90.0,5.989203929901123,969.7056274414062,12.7786
2024-10-02 22:41:10,14648.6845703125,136.79335998535157,3.37,-1.0999999999999943,4.018,-89.0,6.159838676452637,969.3485717773438,14.9967
2024-10-02 21:41:10,14676.150390625,137.06955078125,3.353,-1.1499999999999986,4.021,-89.0,6.796798229217529,969.1953125,15.0828
2024-10-02 20:41:10,14724.978515625,137.56327270507813,3.333,-1.0999999999999943,4.021,-89.0,8.508715629577637,968.6512451171875,15.673200000000001
2024-10-02 19:41:10,14715.8232421875,137.47848571777345,3.301,-1.1499999999999986,4.021,-89.0,9.248788833618164,967.9746704101562,14.869600000000002
2024-10-02 18:41:10,14718.875,137.5061346435547,3.213,-1.1499999999999986,4.021,-89.0,8.25065803527832,968.2615356445312,15.619900000000001
2024-10-02 17:41:10,14740.2373046875,137.72630126953123,3.132,-1.0999999999999943,4.021,-90.0,8.74428939819336,967.607177734375,16.480900000000002
2024-10-02 16:41:10,14761.599609375,137.94600097656252,3.127,-1.1499999999999986,4.021,-89.0,9.054718971252441,966.99951171875,13.414100000000001
2024-10-02 15:41:10,14789.0654296875,138.22224365234376,3.096,-1.0999999999999943,4.021,-89.0,9.196756362915039,966.841064453125,16.296400000000002
2024-10-02 14:41:10,14831.7900390625,138.64972717285158,3.094,-1.0999999999999943,4.018,-89.0,8.826210975646973,966.8173217773438,16.480900000000002
2024-10-02 13:41:10,14868.4111328125,139.0146270751953,3.109,-1.1499999999999986,4.021,-88.0,7.342123031616211,966.9484252929688,12.536700000000002
2024-10-02 12:41:10,14911.1357421875,139.44080139160155,3.101,-1.0999999999999943,4.018,-88.0,6.053464412689209,967.0556030273438,13.4305
2024-10-02 11:41:10,14938.6015625,139.7159423828125,3.085,-1.1499999999999986,4.021,-87.0,5.22372579574585,967.00732421875,11.1919
2024-10-02 10:41:10,14963.015625,139.95801879882814,3.072,-1.0999999999999943,4.021,-87.0,4.650142669677734,967.2137451171875,11.7864
2024-10-02 09:41:10,14978.2744140625,140.1041033935547,3.094,-1.0999999999999943,4.021,-87.0,3.8081090450286865,967.8640747070312,14.266900000000001
2024-10-02 08:41:10,15072.87890625,141.05247497558594,3.02,-1.0999999999999943,4.021,-87.0,3.694262742996216,967.6314086914062,10.5851
2024-10-02 07:41:11,15115.603515625,141.47760986328126,3.083,-1.1499999999999986,4.021,-87.0,3.496999502182007,967.842529296875,10.720400000000001
2024-10-02 06:41:11,15158.328125,141.90876098632813,3.049,-1.0999999999999943,4.021,-86.0,3.1142945289611816,967.4520263671875,14.6728
2024-10-02 05:41:11,15194.94921875,142.27412353515626,3.014,-1.0999999999999943,4.021,-87.0,2.8804869651794434,967.536865234375,14.64
2024-10-02 02:41:10,15307.8642578125,143.39735046386718,3.002,-1.0999999999999943,4.018,-86.0,2.8841552734375,968.1292114257812,13.0533
2024-10-02 01:41:10,15350.5888671875,143.82573242187502,3.006,-1.0999999999999943,4.018,-86.0,2.8950915336608887,968.015625,13.045100000000001
2024-10-02 00:41:10,15408.572265625,144.40054748535158,3.12,-1.1499999999999986,4.018,-86.0,3.1028149127960205,968.5175170898438,12.959000000000001
2024-10-01 23:41:10,15469.607421875,145.01547607421875,3.137,-1.0999999999999943,4.021,-85.0,3.518193244934082,968.059814453125,13.077900000000001
2024-10-01 22:41:10,15542.849609375,145.7484619140625,3.161,-1.1499999999999986,4.021,-84.0,3.6552722454071045,968.00341796875,13.3239
2024-10-01 21:41:10,15616.091796875,146.48470520019532,3.183,-1.1499999999999986,4.018,-85.0,4.619710922241211,967.6212768554688,13.143500000000001
2024-10-01 20:41:10,15710.6962890625,147.43360168457033,3.171,-1.1499999999999986,4.021,-84.0,7.978266716003418,967.3361206054688,13.434600000000001
2024-10-01 19:41:10,15774.783203125,148.08038208007812,3.15,-1.0999999999999943,4.021,-86.0,11.069119453430176,966.7449951171875,13.692900000000002
2024-10-01 18:41:10,15780.88671875,148.1444891357422,3.152,-1.1499999999999986,4.021,-86.0,12.953845024108887,966.4378051757812,13.865100000000002
2024-10-01 17:41:10,15826.6630859375,148.60056518554688,3.145,-1.0999999999999943,4.021,-85.0,11.658393859863281,966.6065673828125,13.8528
2024-10-01 16:41:10,15838.8701171875,148.72277160644532,3.14,-1.0999999999999943,4.021,-84.0,12.244882583618164,966.5929565429688,13.8405
2024-10-01 15:41:10,15829.71484375,148.6329705810547,3.12,-1.0999999999999943,4.021,-84.0,11.891453742980957,966.4177856445312,13.832300000000002
2024-10-01 14:41:10,15881.5947265625,149.15171142578126,3.057,-1.0999999999999943,4.018,-84.0,9.618724822998047,966.423583984375,14.4555
2024-10-01 13:41:10,15951.78515625,149.84743774414062,3.037,-1.1499999999999986,4.021,-84.0,6.382846832275391,967.0413818359375,14.307900000000002
2024-10-01 12:41:10,16021.9755859375,150.55065246582032,2.994,-1.0999999999999943,4.021,-84.0,4.413618087768555,966.9103393554688,13.7626
2024-10-01 11:41:11,16086.0625,151.18908264160157,2.94,-1.1499999999999986,4.021,-84.0,3.5761351585388184,967.1542358398438,13.340300000000001
2024-10-01 10:41:11,16159.3046875,151.92586425781252,2.832,-1.1499999999999986,4.021,-83.0,3.605548143386841,966.71826171875,12.721200000000001
2024-10-01 09:41:11,16247.8056640625,152.8156365966797,2.925,-1.0999999999999943,4.021,-83.0,3.702277898788452,966.2420043945312,12.983600000000001
2024-10-01 08:41:11,16327.1513671875,153.61412170410156,2.9,-1.0999999999999943,4.018,-83.0,4.232454776763916,965.7391967773438,12.8155
2024-10-01 07:41:11,16400.3935546875,154.34998107910158,2.865,-1.1499999999999986,4.021,-83.0,4.405399322509766,965.3954467773438,13.0164
2024-10-01 06:41:11,16482.791015625,155.1813427734375,2.845,-1.0999999999999943,4.021,-83.0,4.434879302978516,964.65673828125,12.913900000000002
2024-10-01 05:41:11,16589.6025390625,156.2537176513672,2.64,-1.1499999999999986,4.021,-83.0,4.282449722290039,964.2307739257812,12.983600000000001
2024-10-01 04:41:11,16659.79296875,156.95887329101564,2.716,-1.0999999999999943,4.021,-84.0,4.415451526641846,963.9056396484375,12.926200000000001
2024-10-01 03:41:11,16745.2421875,157.8206231689453,2.661,-1.0999999999999943,4.021,-83.0,4.6856689453125,963.1798706054688,12.9631
2024-10-01 02:41:12,16833.7431640625,158.70867248535157,2.588,-1.1499999999999986,4.021,-83.0,4.915808200836182,962.8759155273438,12.8893
2024-10-01 01:41:12,16949.7099609375,159.8753338623047,2.473,-1.0999999999999943,4.021,-84.0,5.011314868927002,962.1765747070312,12.950800000000001
2024-10-01 00:41:12,17050.41796875,160.8853283691406,2.82,-1.1499999999999986,4.021,-83.0,5.093914985656738,961.8851318359375,13.041
2024-09-30 23:41:12,17148.07421875,161.87055908203124,3.206,-1.1499999999999986,4.021,-83.0,4.981495380401611,961.018310546875,12.9754
2024-09-30 22:41:12,17254.8857421875,162.94616821289065,3.323,-1.1499999999999986,4.021,-83.0,4.974905967712402,960.2689208984375,12.864700000000001
2024-09-30 21:41:12,17367.80078125,164.08302978515624,3.376,-1.1499999999999986,4.021,-83.0,5.566489219665527,959.497802734375,13.057400000000001
2024-09-30 20:41:12,17492.9228515625,165.34151306152347,3.361,-1.1499999999999986,4.018,-83.0,6.561700344085693,958.7715454101562,13.1066
2024-09-30 19:41:12,17602.7861328125,166.4488739013672,3.298,-1.0999999999999943,4.018,-82.0,6.580244064331055,957.8987426757812,13.3321
2024-09-30 18:41:12,17703.494140625,167.46198181152346,3.252,-1.1999999999999957,4.021,-84.0,6.791363716125488,957.2959594726562,13.2788
2024-09-30 16:42:00,17889.6513671875,169.33164184570313,2.544,-1.0999999999999943,4.021,-83.0,7.366373062133789,956.4871826171875,13.4838
2024-09-30 15:42:00,17990.359375,170.34466552734375,2.501,-1.1499999999999986,4.021,-82.0,7.355505466461182,955.892822265625,13.282900000000001
2024-09-30 14:42:00,18088.015625,171.32417053222656,2.544,-1.1499999999999986,4.018,-84.0,6.586698055267334,955.5985717773438,13.012300000000002
2024-09-30 13:42:00,18203.982421875,172.48555725097657,2.331,-1.0999999999999943,4.018,-83.0,6.01392936706543,955.4266967773438,12.8565
2024-09-30 12:42:00,18310.7939453125,173.55825500488282,2.257,-1.1499999999999986,4.021,-83.0,5.785964488983154,954.9684448242188,13.0287
2024-09-30 11:42:00,18417.60546875,174.6276483154297,2.193,-1.1499999999999986,4.021,-83.0,5.340493202209473,954.8406372070312,12.946700000000002
2024-09-30 10:42:00,18527.46875,175.73161560058594,3.167,-1.1499999999999986,4.021,-83.0,5.330915451049805,954.3071899414062,12.840100000000001
2024-09-30 09:42:00,18655.642578125,177.02062438964845,3.383,-1.1499999999999986,4.021,-83.0,5.520909309387207,953.5801391601562,12.827800000000002
2024-09-30 08:42:00,18741.091796875,177.88291015624998,3.402,-1.0999999999999943,4.021,-84.0,5.987437725067139,952.80078125,13.0492
2024-09-30 07:42:00,18881.47265625,179.29363586425782,3.309,-1.1499999999999986,4.021,-83.0,6.31682014465332,952.1090698242188,12.8688
2024-09-30 06:42:00,18994.3876953125,180.43594543457033,3.2,-1.1499999999999986,4.021,-83.0,6.923144340515137,950.7931518554688,12.9344
2024-09-30 05:42:00,19070.681640625,181.2079132080078,2.905,-1.1999999999999957,4.021,-84.0,7.39979362487793,949.8903198242188,12.8237
2024-09-30 04:42:00,19159.1826171875,182.1045446777344,2.693,-1.1999999999999957,4.021,-84.0,7.634620189666748,948.7281494140625,12.9098
2024-09-30 03:42:00,19272.09765625,183.2387548828125,2.779,-1.1499999999999986,4.021,-84.0,7.544140815734863,948.22216796875,12.8155
2024-09-30 02:42:00,19351.443359375,184.03442443847655,2.337,-1.1499999999999986,4.021,-83.0,7.872978687286377,948.0009155273438,13.0861
2024-09-30 01:42:00,19427.7373046875,184.80205566406252,3.114,-1.1499999999999986,4.021,-83.0,8.480932235717773,947.53173828125,12.918000000000001
2024-09-30 00:42:00,19531.4970703125,185.84373657226564,3.291,-1.1499999999999986,4.021,-82.0,8.538603782653809,947.1234130859375,13.041
2024-09-29 23:42:00,19656.619140625,187.0933728027344,3.323,-1.1499999999999986,4.021,-81.0,8.675886154174805,947.2818603515625,12.9098
2024-09-29 22:42:00,19775.6376953125,188.28269104003908,3.341,-1.1999999999999957,4.021,-81.0,8.66196060180664,947.3685913085938,13.032800000000002
2024-09-29 21:42:00,19912.966796875,189.65389892578128,3.515,-1.1499999999999986,4.021,-81.0,8.990460395812988,947.576904296875,12.9221
2024-09-29 20:42:00,20102.17578125,191.54766723632815,3.607,-1.1999999999999957,4.021,-81.0,8.99399185180664,947.4090576171875,13.0164
2024-09-29 19:42:00,20306.6435546875,193.58408264160158,3.667,-1.1999999999999957,4.021,-82.0,9.226441383361816,948.2352905273438,13.057400000000001
2024-09-29 18:42:00,20517.21484375,195.68784057617188,3.703,-1.1499999999999986,4.021,-82.0,9.646439552307129,948.4307861328125,11.843800000000002
2024-09-29 17:42:00,20749.1484375,198.0035845947266,3.708,-1.1999999999999957,4.021,-82.0,9.643449783325195,948.7899780273438,13.455100000000002
2024-09-29 16:42:00,20950.564453125,200.0128680419922,3.693,-1.1499999999999986,4.021,-81.0,9.12475299835205,949.2776489257812,13.3772
2024-09-29 15:42:00,21100.1005859375,201.50968078613283,3.681,-1.1999999999999957,4.021,-82.0,9.35441780090332,949.1325073242188,14.570300000000001
2024-09-29 14:42:00,21231.326171875,202.81843383789064,3.652,-1.1999999999999957,4.021,-81.0,9.346673965454102,949.4827880859375,13.188600000000001
2024-09-29 13:42:00,21350.3447265625,204.00915527343753,3.605,-1.25,4.021,-81.0,9.644469261169434,949.42919921875,12.9426
2024-09-29 12:42:00,21444.94921875,204.95790466308594,3.579,-1.1999999999999957,4.021,-82.0,9.0958833694458,949.1587524414062,12.9631
2024-09-29 11:42:00,21521.2431640625,205.7202880859375,3.538,-1.1999999999999957,4.021,-81.0,8.940125465393066,949.21435546875,12.918000000000001
2024-09-29 10:42:00,21570.0712890625,206.21204406738283,3.494,-1.1999999999999957,4.021,-81.0,8.520263671875,948.8668823242188,12.983600000000001
2024-09-29 09:42:00,21600.5888671875,206.51191528320314,3.413,-1.1999999999999957,4.021,-81.0,8.150871276855469,949.3973388671875,12.971300000000001
2024-09-29 08:42:00,21615.84765625,206.65479064941408,3.334,-1.1999999999999957,4.025,-81.0,8.118402481079102,950.3685913085938,12.7827
2024-09-29 07:42:00,21634.158203125,206.83523803710938,3.347,-1.1999999999999957,4.021,-81.0,7.938869476318359,950.6343994140625,12.860600000000002
2024-09-29 06:42:00,21634.158203125,206.8329412841797,3.373,-1.1999999999999957,4.021,-81.0,7.641819953918457,950.8640747070312,12.8893
2024-09-29 05:42:00,21621.951171875,206.70730102539065,3.386,-1.1999999999999957,4.021,-82.0,7.230245590209961,951.2210693359375,12.9426
2024-09-29 04:42:00,21594.4853515625,206.42722412109376,3.37,-1.1499999999999986,4.021,-83.0,7.218834400177002,951.762939453125,12.872900000000001
2024-09-29 03:42:00,21557.8642578125,206.0605145263672,3.361,-1.1999999999999957,4.021,-81.0,7.264549732208252,951.8128051757812,13.0164
2024-09-29 02:42:00,21521.2431640625,205.68557250976565,3.362,-1.1999999999999957,4.021,-84.0,7.026666164398193,952.6859130859375,13.0205
2024-09-29 01:42:00,21487.673828125,205.33844604492188,3.361,-1.1499999999999986,4.021,-83.0,7.181406021118164,953.8292236328125,13.000000000000002
2024-09-29 00:42:00,21466.3115234375,205.1206494140625,3.354,-1.1999999999999957,4.021,-84.0,7.829437255859375,954.24658203125,13.065600000000002
2024-09-28 23:42:00,21475.466796875,205.21159118652346,3.354,-1.1999999999999957,4.021,-83.0,7.552359580993652,954.3076782226562,13.209100000000001
2024-09-28 22:42:00,21481.5703125,205.2646142578125,3.356,-1.1999999999999957,4.021,-83.0,7.115652084350586,955.10888671875,13.2009
2024-09-28 21:42:00,21490.7255859375,205.35204040527344,3.355,-1.1499999999999986,4.021,-83.0,7.363044261932373,955.5215454101562,13.131200000000002
2024-09-28 20:42:00,21487.673828125,205.32138366699218,3.352,-1.1999999999999957,4.021,-83.0,8.151618957519531,955.5354614257812,13.3731
2024-09-28 19:42:00,21478.5185546875,205.22881225585937,3.361,-1.1999999999999957,4.018,-83.0,9.571106910705566,955.6373291015625,13.4633
2024-09-28 18:42:00,21460.2080078125,205.04772399902345,3.365,-1.1999999999999957,4.021,-82.0,12.286996841430664,955.4356079101562,13.8282
2024-09-28 17:42:00,21444.94921875,204.8915966796875,3.362,-1.1499999999999986,4.021,-82.0,12.630576133728027,955.78955078125,14.418600000000001
2024-09-28 16:42:00,21426.638671875,204.7041619873047,3.354,-1.1999999999999957,4.021,-81.0,11.820537567138672,956.2224731445312,14.418600000000001
2024-09-28 15:42:00,21411.3798828125,204.54209411621093,3.348,-1.1499999999999986,4.021,-82.0,8.791024208068848,957.1704711914062,13.824100000000001
2024-09-28 14:42:00,21414.431640625,204.56613647460938,3.356,-1.1999999999999957,4.021,-82.0,7.762257099151611,957.8179931640625,13.545300000000001
2024-09-28 13:42:00,21408.328125,204.50150634765623,3.374,-1.1499999999999986,4.021,-82.0,7.097175121307373,958.177490234375,13.262400000000001
2024-09-28 12:42:00,21408.328125,204.49899353027345,3.397,-1.1499999999999986,4.021,-82.0,5.750301361083984,958.4287719726562,12.983600000000001
2024-09-28 11:42:00,21414.431640625,204.55385070800781,3.422,-1.1499999999999986,4.021,-82.0,5.24294900894165,959.0465698242188,12.836
2024-09-28 10:42:00,21420.53515625,204.6138623046875,3.451,-1.1499999999999986,4.021,-82.0,5.006491661071777,959.14892578125,12.918000000000001
2024-09-28 09:42:00,21420.53515625,204.61653930664062,3.49,-1.1999999999999957,4.021,-82.0,5.003638744354248,958.8812255859375,12.8442
2024-09-28 08:42:00,21423.5869140625,204.6494177246094,3.56,-1.1499999999999986,4.021,-81.0,4.96342658996582,958.6451416015625,12.860600000000002
2024-09-28 07:42:00,21429.6904296875,204.71159790039064,3.638,-1.1999999999999957,4.021,-82.0,5.025172233581543,958.5306396484375,12.807300000000001
2024-09-28 06:42:00,21438.845703125,204.80444580078125,3.678,-1.1499999999999986,4.021,-82.0,5.122988224029541,958.401123046875,12.8114
2024-09-28 05:42:00,21441.8974609375,204.83560119628908,3.694,-1.1499999999999986,4.021,-83.0,5.396397590637207,958.3373413085938,12.926200000000001
2024-09-28 04:42:00,21444.94921875,204.86902038574217,3.712,-1.1999999999999957,4.021,-81.0,5.954628944396973,958.0471801757812,12.762200000000002
2024-09-28 03:42:00,21451.052734375,204.93345703125001,3.729,-1.1499999999999986,4.025,-83.0,6.256568431854248,957.70703125,12.959000000000001
2024-09-28 02:42:00,21426.638671875,204.69088500976565,3.739,-1.1499999999999986,4.025,-83.0,6.5392165184021,957.5501708984375,12.938500000000001
2024-09-28 01:42:00,21457.15625,205.00091735839845,3.72,-1.1499999999999986,4.021,-83.0,6.791500091552734,957.0645141601562,12.9754
2024-09-28 00:42:00,21469.36328125,205.1256268310547,3.726,-1.1999999999999957,4.021,-82.0,7.124821662902832,956.8005981445312,12.877
2024-09-27 23:42:00,21505.984375,205.49629089355471,3.735,-1.1999999999999957,4.021,-82.0,7.027889251708984,956.3552856445312,12.8032
2024-09-27 22:42:00,21429.6904296875,204.73500427246094,3.732,-1.1499999999999986,4.021,-81.0,7.378668308258057,956.1900024414062,12.9426
2024-09-27 21:42:00,21411.3798828125,204.55183349609374,3.723,-1.1499999999999986,4.021,-81.0,7.561801910400391,956.196533203125,12.8483
2024-09-27 20:42:00,21332.0341796875,203.7553356933594,3.712,-1.1499999999999986,4.021,-81.0,7.659142017364502,956.5006103515625,12.9959
2024-09-27 19:42:01,21228.2744140625,202.70989257812502,3.684,-1.1499999999999986,4.021,-84.0,7.532116889953613,957.28515625,12.9631
2024-09-27 18:42:01,21127.56640625,201.6956109619141,3.648,-1.1499999999999986,4.021,-84.0,7.735561370849609,958.0053100585938,13.024600000000001
2024-09-27 17:42:01,21036.013671875,200.77965881347654,3.686,-1.1499999999999986,4.021,-87.0,8.017054557800293,958.0477905273438,13.118900000000002
2024-09-27 16:42:01,20703.3720703125,197.44463623046875,3.729,-1.1999999999999957,4.021,-90.0,8.060391426086426,958.908447265625,13.0943
2024-09-27 15:42:01,20624.0263671875,196.6423278808594,3.437,-1.1999999999999957,4.025,-90.0,8.28353500366211,959.7935791015625,13.0861
2024-09-27 14:42:01,20596.560546875,196.35804931640624,3.408,-1.1999999999999957,4.021,-90.0,8.751354217529297,960.755615234375,13.356700000000002
2024-09-27 13:42:01,20590.45703125,196.2919873046875,3.423,-1.1999999999999957,4.021,-90.0,8.052443504333496,961.25830078125,13.598600000000001
2024-09-27 12:42:01,20596.560546875,196.34627746582032,3.446,-1.1999999999999957,4.025,-90.0,6.563126087188721,961.9328002929688,12.905700000000001
2024-09-27 11:42:01,20596.560546875,196.34710998535155,3.495,-1.1499999999999986,4.021,-90.0,6.359682559967041,961.8495483398438,12.786800000000001
2024-09-27 10:42:01,20599.6123046875,196.36391235351564,3.567,-1.1499999999999986,4.021,-91.0,6.157325267791748,963.2210693359375,12.9631
2024-09-27 09:42:01,20602.6640625,196.3914794921875,3.598,-1.1499999999999986,4.021,-90.0,5.197845458984375,963.51611328125,12.860600000000002
2024-09-27 08:42:01,20599.6123046875,196.35733398437503,3.62,-1.1999999999999957,4.021,-91.0,4.787221908569336,963.87890625,12.905700000000001
2024-09-27 07:42:01,20599.6123046875,196.36044982910158,3.643,-1.1999999999999957,4.025,-90.0,4.82689094543457,963.5673217773438,12.950800000000001
2024-09-27 06:42:01,20608.767578125,196.4548150634766,3.665,-1.1999999999999957,4.021,-91.0,4.867919921875,963.2860717773438,12.881100000000002
2024-09-27 05:42:01,20608.767578125,196.45527099609376,3.691,-1.1999999999999957,4.021,-91.0,4.835450649261475,963.240478515625,12.8032
2024-09-27 04:42:01,20611.8193359375,196.4828369140625,3.712,-1.1999999999999957,4.021,-91.0,4.594781398773193,963.53564453125,12.913900000000002
2024-09-27 03:42:01,20614.87109375,196.50891845703126,3.728,-1.1999999999999957,4.025,-90.0,4.356423377990723,963.979248046875,12.9672
2024-09-27 02:42:01,20614.87109375,196.50998596191408,3.733,-1.1999999999999957,4.025,-91.0,4.596071720123291,963.8724975585938,12.827800000000002
2024-09-27 01:42:01,20614.87109375,196.50632995605469,3.736,-1.1499999999999986,4.025,-91.0,4.842514514923096,964.2380981445312,12.9303
2024-09-27 00:42:01,20614.87109375,196.50182006835936,3.737,-1.1499999999999986,4.021,-90.0,4.816497802734375,964.6890869140625,13.205
2024-09-26 23:42:01,20605.7158203125,196.40823486328128,3.742,-1.1499999999999986,4.021,-90.0,5.059679985046387,964.892333984375,13.0205
2024-09-26 22:42:01,20596.560546875,196.31549926757813,3.754,-1.1499999999999986,4.025,-92.0,5.493535041809082,965.0106201171875,13.131200000000002
2024-09-26 21:42:01,20572.146484375,196.07239013671875,3.761,-1.1999999999999957,4.021,-91.0,7.861975193023682,964.907470703125,13.3116
2024-09-26 20:42:01,20547.732421875,195.82954284667971,3.761,-1.1499999999999986,4.021,-92.0,9.257891654968262,964.7781372070312,14.041400000000001
2024-09-26 19:42:01,20498.904296875,195.3440710449219,3.755,-1.1499999999999986,4.025,-92.0,10.7777099609375,964.4971923828125,14.1767
2024-09-26 18:42:01,20434.8173828125,194.69982849121095,3.744,-1.1499999999999986,4.021,-92.0,12.14917278289795,964.8345336914062,13.824100000000001
2024-09-26 17:42:01,20370.73046875,194.05676391601563,3.645,-1.1499999999999986,4.021,-92.0,13.138337135314941,965.0540771484375,14.1644
2024-09-26 16:42:01,20303.591796875,193.38161193847657,3.452,-1.1499999999999986,4.025,-91.0,12.4823579788208,965.4306030273438,13.8733
2024-09-26 15:42:01,20248.66015625,192.82728271484376,3.434,-1.1999999999999957,4.021,-91.0,10.9852294921875,965.931884765625,14.221800000000002
2024-09-26 14:42:01,20215.0908203125,192.48636901855468,3.415,-1.1999999999999957,4.021,-91.0,10.034442901611328,966.4539184570312,14.082400000000002
2024-09-26 13:42:01,20205.935546875,192.3910943603516,3.389,-1.1499999999999986,4.025,-91.0,8.672082901000977,966.8261108398438,14.1644
2024-09-26 12:42:01,20184.5732421875,192.16976989746092,3.387,-1.1499999999999986,4.025,-91.0,7.292943000793457,967.5962524414062,14.504700000000001
2024-09-26 11:42:01,20166.2626953125,191.98316467285156,3.412,-1.1999999999999957,4.021,-92.0,6.130765438079834,967.9462280273438,14.459600000000002
2024-09-26 10:42:01,20154.0556640625,191.85396606445312,3.483,-1.1999999999999957,4.021,-91.0,4.405127048492432,968.6590576171875,13.110700000000001
2024-09-26 09:42:01,20138.796875,191.69984863281252,3.581,-1.1499999999999986,4.021,-92.0,4.338014125823975,968.81201171875,12.766300000000001
2024-09-26 08:42:01,20135.7451171875,191.6703009033203,3.639,-1.1499999999999986,4.025,-91.0,4.469318866729736,968.7150268554688,12.762200000000002
2024-09-26 07:42:01,20126.58984375,191.5781298828125,3.674,-1.1999999999999957,4.025,-92.0,4.473462104797363,968.77685546875,13.024600000000001
2024-09-26 06:42:01,20123.5380859375,191.54382751464846,3.7,-1.1499999999999986,4.021,-91.0,4.504437446594238,969.1553344726562,12.946700000000002
2024-09-26 05:42:01,20132.693359375,191.63265380859374,3.722,-1.1999999999999957,4.021,-92.0,4.644708156585693,969.427978515625,12.8237
2024-09-26 04:42:01,20138.796875,191.6910174560547,3.741,-1.1999999999999957,4.021,-92.0,4.898147106170654,969.6951293945312,13.041
2024-09-26 03:42:01,20154.0556640625,191.8394189453125,3.749,-1.1999999999999957,4.021,-92.0,5.007511138916016,970.11376953125,12.8114
2024-09-26 02:42:01,20172.3662109375,192.01664672851564,3.751,-1.1499999999999986,4.021,-92.0,5.21258544921875,970.7015380859375,13.205
2024-09-26 01:42:01,20199.83203125,192.28957946777345,3.749,-1.1499999999999986,4.025,-91.0,5.478183746337891,970.8740844726562,13.155800000000001
2024-09-26 00:42:01,20218.142578125,192.46962402343752,3.746,-1.1499999999999986,4.021,-92.0,5.624295711517334,971.18017578125,12.971300000000001
2024-09-25 23:42:01,20242.556640625,192.71163818359378,3.744,-1.1499999999999986,4.021,-92.0,5.82400369644165,971.392822265625,12.979500000000002
2024-09-25 22:42:01,20270.0224609375,192.98074951171878,3.74,-1.1499999999999986,4.021,-92.0,6.296237945556641,971.947509765625,13.143500000000001
2024-09-25 21:42:01,20282.2294921875,193.1067041015625,3.738,-1.1499999999999986,4.021,-92.0,8.183341026306152,971.55908203125,13.184500000000002
2024-09-25 20:42:01,20279.177734375,193.07831176757813,3.746,-1.1499999999999986,4.021,-92.0,10.37496566772461,971.3465576171875,13.7872
2024-09-25 19:42:01,20248.66015625,192.77058593750002,3.763,-1.1499999999999986,4.021,-92.0,11.758858680725098,971.6015625,14.020900000000001
2024-09-25 18:42:01,20163.2109375,191.91588928222657,3.761,-1.1499999999999986,4.021,-92.0,12.301806449890137,971.6220092773438,13.934800000000001
2024-09-25 17:42:01,20059.451171875,190.8766961669922,3.745,-1.1499999999999986,4.025,-92.0,12.123088836669922,971.7815551757812,14.070100000000002
2024-09-25 16:42:01,19980.10546875,190.0790313720703,3.616,-1.1999999999999957,4.025,-92.0,11.718170166015625,972.2023315429688,13.8938
2024-09-25 15:42:01,19925.173828125,189.52678833007812,3.269,-1.1499999999999986,4.025,-92.0,11.214552879333496,972.4949951171875,14.020900000000001
2024-09-25 14:42:01,19885.5009765625,189.12716918945313,3.233,-1.1999999999999957,4.021,-92.0,10.465716361999512,972.7840576171875,13.861
2024-09-25 13:42:01,19891.6044921875,189.18633850097655,3.249,-1.1499999999999986,4.021,-92.0,9.207693099975586,972.9706420898438,14.2382
2024-09-25 12:42:01,19909.9150390625,189.36896606445313,3.313,-1.1499999999999986,4.025,-93.0,8.197470664978027,973.0184326171875,14.463700000000001
2024-09-25 11:42:01,19937.380859375,189.64144775390625,3.386,-1.1999999999999957,4.021,-92.0,6.526784896850586,973.236083984375,14.4883
2024-09-25 10:42:01,19961.794921875,189.88436950683595,3.426,-1.1499999999999986,4.021,-92.0,4.419256687164307,973.3579711914062,13.459200000000001
2024-09-25 09:42:01,19980.10546875,190.0714404296875,3.485,-1.1999999999999957,4.021,-92.0,4.107263088226318,972.96142578125,12.9098
2024-09-25 08:42:01,20007.5712890625,190.35006896972658,3.594,-1.1999999999999957,4.021,-92.0,3.877667188644409,972.5643920898438,12.7048
2024-09-25 07:42:01,20038.0888671875,190.65942626953125,3.712,-1.1999999999999957,4.021,-92.0,4.078530311584473,972.146240234375,13.036900000000001
2024-09-25 06:42:01,20068.6064453125,190.97033447265628,3.733,-1.1499999999999986,4.025,-92.0,4.018006801605225,971.572998046875,13.0943
2024-09-25 04:42:01,20141.8486328125,191.7100115966797,3.756,-1.1499999999999986,4.021,-92.0,4.53602409362793,970.8474731445312,13.045100000000001
2024-09-25 03:42:02,20181.521484375,192.1121600341797,3.762,-1.1999999999999957,4.025,-92.0,5.174817085266113,970.3054809570312,12.8155
2024-09-25 02:42:02,20218.142578125,192.48149902343752,3.762,-1.1499999999999986,4.025,-92.0,5.399795055389404,969.99267578125,12.971300000000001
2024-09-25 01:42:02,20266.970703125,192.97265380859375,3.762,-1.1999999999999957,4.025,-92.0,5.487285137176514,969.705322265625,12.9303
2024-09-25 00:42:02,20321.90234375,193.52681396484374,3.761,-1.1999999999999957,4.025,-92.0,5.561122894287109,969.220947265625,12.918000000000001
2024-09-24 23:42:02,20385.9892578125,194.1705157470703,3.758,-1.1499999999999986,4.021,-92.0,5.113818168640137,968.9376831054688,12.950800000000001
2024-09-24 22:42:02,20459.2314453125,194.90385009765623,3.754,-1.0999999999999943,4.025,-92.0,5.929495811462402,968.846435546875,13.0861
2024-09-24 21:42:02,20520.2666015625,195.52191162109378,3.749,-1.1499999999999986,4.025,-92.0,8.457091331481934,968.075439453125,13.7749
2024-09-24 20:42:02,20584.353515625,196.16885375976562,3.744,-1.1499999999999986,4.025,-92.0,10.67459487915039,967.4681396484375,13.750300000000001
2024-09-24 19:42:02,20590.45703125,196.23242797851563,3.739,-1.1499999999999986,4.025,-92.0,12.160516738891602,967.2142333984375,15.283700000000001
2024-09-24 18:42:02,20559.939453125,195.93176513671875,3.749,-1.1499999999999986,4.021,-93.0,12.84692668914795,966.762939453125,14.070100000000002
2024-09-24 17:42:02,20495.8525390625,195.28818481445313,3.753,-1.1499999999999986,4.021,-92.0,12.795777320861816,967.0340576171875,15.1689
2024-09-24 16:42:02,20407.3515625,194.39816223144533,3.753,-1.1499999999999986,4.021,-93.0,12.889451026916504,967.5353393554688,13.9799
2024-09-24 15:42:02,20419.55859375,194.51756591796877,3.737,-1.1999999999999957,4.025,-92.0,12.184833526611328,967.802001953125,13.9184
2024-09-24 14:42:02,20483.6455078125,195.15502075195315,3.664,-1.1499999999999986,4.021,-92.0,11.27514362335205,968.1434326171875,12.4793
2024-09-24 13:42:02,20477.5419921875,195.09130615234375,3.68,-1.1999999999999957,4.025,-92.0,10.399079322814941,968.411376953125,14.4555
2024-09-24 12:42:02,20505.0078125,195.36523742675783,3.701,-1.1999999999999957,4.025,-92.0,9.057979583740234,968.4840698242188,14.439100000000002
2024-09-24 11:42:02,20529.421875,195.60501586914063,3.719,-1.1999999999999957,4.025,-92.0,7.516901969909668,968.9202880859375,14.504700000000001
2024-09-24 10:42:02,20566.04296875,195.9683642578125,3.733,-1.1499999999999986,4.025,-92.0,5.715794563293457,969.20654296875,13.401800000000001
2024-09-24 09:42:02,20590.45703125,196.21319091796877,3.744,-1.1499999999999986,4.021,-92.0,5.630477428436279,969.137939453125,12.745800000000001
2024-09-24 08:42:02,20624.0263671875,196.54887329101564,3.751,-1.1999999999999957,4.025,-93.0,5.554941177368164,969.1390380859375,12.8237
2024-09-24 07:42:02,20651.4921875,196.82458923339846,3.755,-1.1499999999999986,4.021,-92.0,5.496252536773682,969.0332641601562,12.852400000000001
2024-09-24 06:42:02,20682.009765625,197.13089477539063,3.758,-1.1999999999999957,4.021,-92.0,5.795677661895752,968.9202880859375,12.9016
2024-09-24 05:42:02,20709.4755859375,197.40696838378906,3.76,-1.1499999999999986,4.021,-92.0,5.987166881561279,968.7787475585938,12.831900000000001
2024-09-24 04:42:02,20746.0966796875,197.7751495361328,3.762,-1.1499999999999986,4.021,-92.0,6.422040939331055,968.5817260742188,12.9098
2024-09-24 03:42:02,20776.6142578125,198.08011779785159,3.762,-1.1499999999999986,4.021,-92.0,6.479779243469238,968.6024780273438,12.872900000000001
2024-09-24 02:42:02,20797.9765625,198.29529846191406,3.762,-1.1499999999999986,4.021,-92.0,6.873420238494873,968.4467163085938,13.045100000000001
2024-09-24 01:42:02,20825.4423828125,198.57057556152344,3.762,-1.1499999999999986,4.025,-93.0,6.932110786437988,968.3848266601562,13.032800000000002
2024-09-24 00:42:02,20852.908203125,198.84565368652343,3.761,-1.1999999999999957,4.025,-91.0,6.898961067199707,968.3428344726562,13.082
2024-09-23 23:42:02,20883.42578125,199.1524890136719,3.76,-1.1499999999999986,4.021,-92.0,7.318891525268555,968.1768798828125,13.131200000000002
2024-09-23 22:42:02,20929.2021484375,199.60898376464843,3.757,-1.1999999999999957,4.021,-91.0,7.952725887298584,968.3037719726562,13.3444
2024-09-23 21:42:02,20971.9267578125,200.04107055664065,3.753,-1.1499999999999986,4.025,-92.0,9.664575576782227,967.8197021484375,13.492
2024-09-23 20:42:02,21014.6513671875,200.47113403320313,3.748,-1.1499999999999986,4.021,-91.0,10.596477508544922,967.5379638671875,11.663400000000001
2024-09-23 19:42:02,21023.806640625,200.5663787841797,3.738,-1.1499999999999986,4.025,-91.0,12.385153770446777,967.1687622070312,13.9799
2024-09-23 18:42:02,20950.564453125,199.8344567871094,3.728,-1.1499999999999986,4.021,-90.0,13.58407974243164,967.1187744140625,14.5416
2024-09-23 17:42:02,20804.080078125,198.36739318847657,3.738,-1.1499999999999986,4.021,-90.0,14.288016319274902,967.3407592773438,13.988100000000001
2024-09-23 16:42:02,20624.0263671875,196.5636779785156,3.741,-1.1499999999999986,4.025,-89.0,14.595389366149902,967.6585693359375,13.8938
2024-09-23 15:42:02,20526.3701171875,195.57819519042968,3.732,-1.1999999999999957,4.021,-89.0,14.441941261291504,968.5505981445312,13.861
2024-09-23 14:42:02,20477.5419921875,195.08669494628907,3.697,-1.1999999999999957,4.025,-90.0,13.331999778747559,968.8724975585938,14.070100000000002
2024-09-23 13:42:02,20447.0244140625,194.7787579345703,3.706,-1.1999999999999957,4.021,-90.0,12.019634246826172,969.1486206054688,14.7917
2024-09-23 12:42:02,20456.1796875,194.86298767089846,3.72,-1.1999999999999957,4.025,-90.0,10.423805236816406,969.8809204101562,14.4555
2024-09-23 11:42:02,20486.697265625,195.16541320800783,3.731,-1.1999999999999957,4.021,-89.0,8.539148330688477,970.1559448242188,14.4145
2024-09-23 10:42:02,20514.1630859375,195.4326934814453,3.741,-1.1499999999999986,4.021,-89.0,5.796288967132568,970.8937377929688,13.615
2024-09-23 09:42:02,20553.8359375,195.82547790527343,3.747,-1.1499999999999986,4.021,-90.0,5.844382286071777,971.2881469726562,12.8688
2024-09-23 08:42:02,20581.3017578125,196.0984020996094,3.749,-1.1499999999999986,4.021,-89.0,6.029621601104736,971.4615478515625,12.918000000000001
2024-09-23 07:42:02,20614.87109375,196.43197021484377,3.752,-1.1499999999999986,4.025,-90.0,6.513199329376221,971.674072265625,12.721200000000001
2024-09-23 06:42:02,20645.388671875,196.73834899902346,3.754,-1.1499999999999986,4.021,-90.0,6.958331108093262,971.5537719726562,12.8975
2024-09-23 05:42:02,20675.90625,197.03923461914061,3.754,-1.1499999999999986,4.025,-90.0,6.672286510467529,971.9827880859375,12.9754
2024-09-23 04:42:02,20724.734375,197.52370605468752,3.754,-1.1499999999999986,4.025,-90.0,6.844822883605957,972.36376953125,12.926200000000001
2024-09-23 03:42:02,20764.4072265625,197.91521118164064,3.755,-1.1499999999999986,4.021,-90.0,7.167412281036377,972.8861083984375,12.9877
2024-09-23 02:42:02,20828.494140625,198.5565087890625,3.754,-1.1499999999999986,4.025,-89.0,7.369225978851318,972.84326171875,13.077900000000001
2024-09-23 01:42:02,20889.529296875,199.16530883789065,3.754,-1.1499999999999986,4.025,-89.0,7.581772327423096,972.9984130859375,12.950800000000001
2024-09-23 00:42:02,20959.7197265625,199.86448974609374,3.753,-1.1499999999999986,4.025,-89.0,7.780800819396973,973.270751953125,12.9672
2024-09-22 23:42:02,21063.4794921875,200.9008917236328,3.75,-1.1499999999999986,4.025,-89.0,7.897025108337402,973.3903198242188,13.0082
2024-09-22 22:42:02,21167.2392578125,201.9351348876953,3.749,-1.1499999999999986,4.021,-89.0,8.442961692810059,973.7257690429688,13.155800000000001
2024-09-22 21:42:02,21264.8955078125,202.91486450195316,3.746,-1.1499999999999986,4.025,-89.0,10.222602844238281,973.4090576171875,13.389500000000002
2024-09-22 20:42:02,21350.3447265625,203.77219116210938,3.741,-1.1499999999999986,4.025,-90.0,11.664098739624023,973.1256103515625,14.029100000000001
2024-09-22 19:42:02,21390.017578125,204.16789306640626,3.729,-1.1499999999999986,4.021,-90.0,12.788033485412598,973.228271484375,14.0455
2024-09-22 18:42:02,21377.810546875,204.0429962158203,3.717,-1.1499999999999986,4.025,-89.0,13.480422019958496,973.5109252929688,14.0004
2024-09-22 17:42:02,21667.7275390625,206.94107666015626,3.745,-1.0999999999999943,4.021,-91.0,14.193256378173828,973.619873046875,14.312000000000001
2024-09-22 16:42:02,20556.8876953125,195.8264959716797,3.735,-1.1499999999999986,4.025,-90.0,15.100500106811523,974.2380981445312,14.041400000000001
2024-09-22 15:42:02,19742.068359375,187.67426025390625,3.699,-1.1499999999999986,4.025,-90.0,14.390722274780273,974.642333984375,13.9184
2024-09-22 14:42:02,19473.513671875,184.98824768066407,3.674,-1.1499999999999986,4.025,-90.0,14.438000679016113,974.6889038085938,13.7995
2024-09-22 13:42:02,19265.994140625,182.91218200683596,3.668,-1.1499999999999986,4.021,-91.0,13.377986907958984,974.7759399414062,13.856900000000001
2024-09-22 12:42:02,19195.8037109375,182.20641052246094,3.686,-1.1999999999999957,4.025,-91.0,11.640935897827148,975.1626586914062,14.7261
2024-09-22 11:42:02,19256.8388671875,182.81254516601564,3.697,-1.1499999999999986,4.025,-91.0,9.407605171203613,975.5843505859375,14.3366
2024-09-22 10:42:02,19351.443359375,183.7550115966797,3.706,-1.1499999999999986,4.025,-90.0,7.505013465881348,975.9421997070312,13.725700000000002
2024-09-22 09:42:02,19461.306640625,184.85053527832034,3.72,-1.1499999999999986,4.025,-90.0,6.940872669219971,976.2531127929688,12.9877
2024-09-22 08:42:02,19604.7392578125,186.28472229003907,3.729,-1.1499999999999986,4.025,-90.0,6.766298770904541,976.2670288085938,12.9303
2024-09-22 07:42:02,19760.37890625,187.84323730468748,3.734,-1.1499999999999986,4.025,-91.0,6.40791130065918,976.05517578125,12.938500000000001
2024-09-22 06:42:02,19885.5009765625,189.09423950195315,3.737,-1.0999999999999943,4.025,-90.0,6.437935829162598,976.0770263671875,12.9344
2024-09-22 05:42:02,20022.830078125,190.46653198242188,3.737,-1.1499999999999986,4.021,-90.0,6.537653923034668,976.1768798828125,12.840100000000001
2024-09-22 04:42:02,20175.41796875,191.99064086914063,3.735,-1.1499999999999986,4.025,-91.0,6.272871017456055,976.3538818359375,12.9549
2024-09-22 03:42:02,20370.73046875,193.9420782470703,3.734,-1.1999999999999957,4.025,-90.0,5.998849868774414,976.5226440429688,12.9959
2024-09-22 02:42:02,20599.6123046875,196.22656066894533,3.732,-1.1499999999999986,4.021,-91.0,5.722723484039307,976.9562377929688,12.819600000000001
2024-09-22 01:42:02,20843.7529296875,198.66672119140622,3.73,-1.1999999999999957,4.025,-91.0,5.759131908416748,977.080810546875,13.057400000000001
2024-09-22 00:42:02,21008.5478515625,200.3131787109375,3.734,-1.1999999999999957,4.021,-91.0,5.310605525970459,977.22998046875,13.065600000000002
2024-09-21 23:42:02,21054.32421875,200.77134399414064,3.737,-1.1499999999999986,4.025,-91.0,5.4715256690979,977.1898193359375,13.0861
2024-09-21 22:42:02,20962.771484375,199.8573522949219,3.733,-1.1999999999999957,4.025,-91.0,6.446426868438721,977.0362548828125,13.077900000000001
2024-09-21 21:42:02,20755.251953125,197.78833374023438,3.728,-1.1499999999999986,4.025,-90.0,8.716370582580566,976.4185791015625,13.2911
2024-09-21 20:42:02,20434.8173828125,194.58831298828127,3.709,-1.1999999999999957,4.025,-91.0,10.857795715332031,975.986083984375,14.127500000000001
2024-09-21 19:42:02,19870.2421875,188.94463623046875,3.65,-1.1499999999999986,4.025,-90.0,12.632002830505371,975.778564453125,14.061900000000001
2024-09-21 18:42:02,19186.6484375,182.11139709472658,3.51,-1.1999999999999957,4.025,-91.0,15.460722923278809,975.5087280273438,14.0783
2024-09-21 17:42:02,18866.2138671875,178.9058416748047,3.525,-1.1499999999999986,4.021,-90.0,14.37414836883545,975.6296997070312,14.5744
2024-09-21 16:42:02,18625.125,176.49071411132812,3.565,-1.1499999999999986,4.025,-90.0,12.530926704406738,976.0535888671875,14.582600000000001
2024-09-21 15:42:02,18524.4169921875,175.48036376953124,3.607,-1.1499999999999986,4.025,-91.0,12.063446998596191,976.380615234375,14.139800000000001
2024-09-21 14:42:02,18588.50390625,176.11823303222656,3.63,-1.0999999999999943,4.025,-90.0,12.36205768585205,976.6806030273438,14.074200000000001
2024-09-21 13:42:02,18692.263671875,177.15403808593751,3.64,-1.0999999999999943,4.025,-90.0,9.402578353881836,976.85986328125,15.1361
2024-09-21 12:42:02,18808.23046875,178.30799194335938,3.653,-1.1999999999999957,4.021,-91.0,7.043172836303711,977.4312744140625,14.5088
2024-09-21 11:42:02,18948.611328125,179.71069580078125,3.665,-1.1499999999999986,4.025,-92.0,5.07455587387085,977.541748046875,14.3817
2024-09-21 10:42:03,19104.2509765625,181.26395202636718,3.677,-1.1499999999999986,4.025,-91.0,3.385190486907959,977.8557739257812,14.025
2024-09-21 09:42:03,19290.408203125,183.12593811035157,3.694,-1.1499999999999986,4.025,-92.0,2.8506665229797363,977.8143920898438,12.983600000000001
2024-09-21 08:42:03,19516.23828125,185.38356567382812,3.705,-1.1499999999999986,4.025,-90.0,2.7299585342407227,977.8817138671875,12.9016
2024-09-21 07:42:03,19766.482421875,187.8872491455078,3.712,-1.1499999999999986,4.025,-92.0,2.258199453353882,977.7575073242188,12.959000000000001
2024-09-21 06:42:03,19952.6396484375,189.75194946289062,3.712,-1.1999999999999957,4.025,-91.0,2.2736878395080566,977.4447021484375,12.9016
2024-09-21 05:42:03,20218.142578125,192.40569458007812,3.713,-1.1499999999999986,4.025,-92.0,2.180694580078125,977.5731201171875,12.991800000000001
2024-09-21 04:42:03,20456.1796875,194.78957946777345,3.715,-1.1999999999999957,4.025,-91.0,2.1840906143188477,977.2217407226562,12.8442
2024-09-21 03:42:03,20608.767578125,196.3133380126953,3.717,-1.1499999999999986,4.025,-92.0,2.202906608581543,977.4337768554688,12.8975
2024-09-21 02:42:03,20727.7861328125,197.50706604003906,3.714,-1.1499999999999986,4.025,-92.0,2.5653014183044434,977.0795288085938,13.0492
2024-09-21 01:42:03,20788.8212890625,198.11980834960937,3.707,-1.1499999999999986,4.025,-91.0,3.0054736137390137,976.8404541015625,13.1066
2024-09-21 00:42:03,20779.666015625,198.03287292480468,3.692,-1.1499999999999986,4.025,-91.0,3.3994555473327637,976.3787231445312,13.032800000000002
2024-09-20 23:42:03,20663.69921875,196.87715942382812,3.668,-1.1999999999999957,4.025,-91.0,3.891796827316284,975.9832763671875,13.1722
2024-09-20 22:42:03,20450.076171875,194.74541625976565,3.632,-1.1999999999999957,4.025,-92.0,5.033935546875,975.5345458984375,13.0861
2024-09-20 21:42:03,20086.9169921875,191.12511352539062,3.57,-1.1999999999999957,4.025,-91.0,7.281124114990234,974.4056396484375,13.4428
2024-09-20 20:42:03,19714.6025390625,187.40730041503906,3.469,-1.1499999999999986,4.025,-90.0,9.444286346435547,973.8724975585938,13.984000000000002
2024-09-20 19:42:03,19058.474609375,180.85110412597658,3.405,-1.1499999999999986,4.025,-90.0,10.611489295959473,973.3641967773438,12.762200000000002
2024-09-20 18:42:03,18634.2802734375,176.61052307128904,3.419,-1.0999999999999943,4.025,-90.0,11.465070724487305,973.2279663085938,14.1767
2024-09-20 17:42:03,18411.501953125,174.38542602539061,3.458,-1.1499999999999986,4.025,-91.0,12.012704849243164,972.9593505859375,14.496500000000001
2024-09-20 16:42:03,18261.9658203125,172.88861938476566,3.494,-1.0999999999999943,4.025,-91.0,11.322627067565918,973.1038818359375,14.4678
2024-09-20 15:42:03,18255.8623046875,172.82849670410158,3.521,-1.1499999999999986,4.025,-90.0,10.18666934967041,973.0126342773438,14.135700000000002
2024-09-20 14:42:03,18335.2080078125,173.61846923828125,3.533,-1.1499999999999986,4.025,-91.0,9.834870338439941,973.361083984375,14.025
2024-09-20 13:42:03,18432.8642578125,174.59670959472658,3.538,-1.1999999999999957,4.025,-90.0,8.137218475341797,973.1932983398438,14.139800000000001
2024-09-20 12:42:03,18539.67578125,175.6651531982422,3.546,-1.1499999999999986,4.025,-92.0,6.165748119354248,973.1604614257812,14.5662
2024-09-20 11:42:03,18634.2802734375,176.60995605468753,3.55,-1.1499999999999986,4.025,-92.0,4.247737884521484,973.28466796875,14.3284
2024-09-20 10:42:03,18728.884765625,177.5566961669922,3.556,-1.1499999999999986,4.021,-92.0,2.2058959007263184,973.2151489257812,14.1521
2024-09-20 09:42:03,18844.8515625,178.7178466796875,3.56,-1.1499999999999986,4.025,-91.0,1.5074609518051147,973.06689453125,12.860600000000002
2024-09-20 08:42:03,18966.921875,179.94093933105466,3.56,-1.1499999999999986,4.025,-91.0,1.544345736503601,972.8279418945312,12.762200000000002
2024-09-20 07:42:03,19088.9921875,181.16650939941408,3.56,-1.1499999999999986,4.025,-92.0,1.5866650342941284,972.3412475585938,12.9631
2024-09-20 06:42:03,19201.9072265625,182.29988342285156,3.555,-1.1499999999999986,4.025,-91.0,1.6870629787445068,971.9188842773438,12.840100000000001
2024-09-20 05:42:03,19317.8740234375,183.4617840576172,3.55,-1.1499999999999986,4.025,-92.0,2.0860705375671387,971.6956176757812,12.836
2024-09-20 04:42:03,19424.685546875,184.5323132324219,3.551,-1.1999999999999957,4.025,-91.0,2.777508497238159,971.4542236328125,12.877
2024-09-20 03:42:03,19500.9794921875,185.29754028320312,3.549,-1.1999999999999957,4.025,-92.0,3.719327449798584,971.2254638671875,12.864700000000001
2024-09-20 02:42:03,19500.9794921875,185.29695739746097,3.525,-1.1499999999999986,4.025,-92.0,3.995318651199341,971.2837524414062,13.0287
2024-09-20 01:42:03,19427.7373046875,184.56222595214842,3.485,-1.1499999999999986,4.025,-92.0,3.960947275161743,971.5147094726562,13.1066
2024-09-20 00:42:03,19305.6669921875,183.3446746826172,3.397,-1.1499999999999986,4.025,-91.0,3.874882698059082,971.1995239257812,13.024600000000001
2024-09-19 23:42:03,19116.4580078125,181.45459106445313,3.266,-1.1499999999999986,4.025,-92.0,4.132668495178223,970.9989013671875,13.041
2024-09-19 22:42:03,18884.5244140625,179.13715637207034,3.094,-1.1499999999999986,4.025,-91.0,4.868598461151123,970.8087768554688,13.237800000000002
2024-09-19 21:42:03,18612.91796875,176.4233544921875,2.916,-1.0999999999999943,4.025,-90.0,5.639103889465332,970.58251953125,13.2583
2024-09-19 20:42:03,18231.4482421875,172.61142456054688,2.816,-1.1499999999999986,4.025,-91.0,6.876002311706543,970.3057861328125,13.697000000000001
2024-09-19 19:42:03,17871.3408203125,169.0120690917969,2.802,-1.1499999999999986,4.025,-90.0,8.277081489562988,970.1339111328125,14.258700000000001
2024-09-19 18:42:03,17526.4921875,165.56817810058592,2.81,-1.1499999999999986,4.025,-90.0,11.05173110961914,969.6743774414062,14.0127
2024-09-19 17:42:03,17221.31640625,162.52220336914064,2.826,-1.1499999999999986,4.025,-91.0,13.441363334655762,969.0960693359375,14.406300000000002
2024-09-19 16:42:03,16980.2275390625,160.10847839355472,2.846,-1.1999999999999957,4.025,-90.0,11.664575576782227,969.3796997070312,14.644100000000002
2024-09-19 15:42:03,16910.037109375,159.40405883789063,2.865,-1.1499999999999986,4.025,-92.0,10.498865127563477,969.6312255859375,14.016800000000002
2024-09-19 14:42:03,16903.93359375,159.34377014160157,2.869,-1.1499999999999986,4.025,-91.0,9.533203125,969.5565795898438,15.0418
2024-09-19 13:42:03,16913.0888671875,159.4310369873047,2.874,-1.1499999999999986,4.021,-91.0,7.210682392120361,969.9851684570312,14.644100000000002
2024-09-19 12:42:03,16925.2958984375,159.54945556640627,2.88,-1.1499999999999986,4.025,-91.0,4.354317665100098,970.350341796875,14.373500000000002
2024-09-19 11:42:03,16937.5029296875,159.66589477539063,2.887,-1.1499999999999986,4.025,-91.0,0.7624963521957397,970.9134521484375,14.529300000000001
2024-09-19 10:42:04,16949.7099609375,159.7814111328125,2.898,-1.1499999999999986,4.025,-91.0,-1.9824682474136353,971.56884765625,14.4801
2024-09-19 09:42:04,16961.9169921875,159.90232543945314,2.912,-1.1499999999999986,4.025,-92.0,-2.746655225753784,971.6844482421875,12.7499
2024-09-19 08:42:04,16977.17578125,160.05733886718753,2.928,-1.1499999999999986,4.025,-92.0,-0.7725366353988647,971.44189453125,12.8483
2024-09-19 07:42:04,16998.5380859375,160.2777215576172,2.946,-1.1499999999999986,4.025,-92.0,0.9728015065193176,970.7659301757812,12.918000000000001
2024-09-19 06:42:04,17010.7451171875,160.40288085937502,2.965,-1.1499999999999986,4.025,-92.0,2.375239372253418,970.45703125,12.885200000000001
2024-09-19 05:42:04,17022.9521484375,160.52776977539065,2.989,-1.1999999999999957,4.025,-91.0,2.6197803020477295,970.1751708984375,12.9016
2024-09-19 04:42:04,17041.2626953125,160.71182067871095,3.012,-1.1499999999999986,4.025,-91.0,2.9951488971710205,970.0806274414062,12.840100000000001
2024-09-19 03:42:04,17050.41796875,160.80739685058597,3.038,-1.1499999999999986,4.025,-91.0,3.626538038253784,969.6782836914062,12.864700000000001
2024-09-19 02:42:04,17056.521484375,160.87024169921875,3.061,-1.1499999999999986,4.025,-91.0,3.796765089035034,969.497314453125,12.9631
2024-09-19 01:42:04,17050.41796875,160.8137548828125,3.085,-1.1499999999999986,4.025,-91.0,3.8808605670928955,969.04248046875,12.991800000000001
2024-09-19 00:42:04,17047.3662109375,160.78508544921874,3.118,-1.1499999999999986,4.025,-91.0,3.896075487136841,968.857666015625,13.000000000000002
2024-09-18 23:42:04,17044.314453125,160.75660705566406,3.159,-1.1499999999999986,4.025,-91.0,4.068748950958252,968.6537475585938,13.1271
2024-09-18 22:42:04,17038.2109375,160.69996887207031,3.201,-1.1499999999999986,4.025,-91.0,4.461031436920166,968.2140502929688,13.340300000000001
2024-09-18 21:42:04,17032.107421875,160.64211975097658,3.249,-1.1499999999999986,4.025,-91.0,5.333971977233887,967.8954467773438,13.426400000000001
2024-09-18 20:42:04,17047.3662109375,160.80145141601562,3.293,-1.1999999999999957,4.025,-91.0,6.036821365356445,967.2210693359375,13.5904
2024-09-18 19:42:04,17062.625,160.95773254394533,3.338,-1.1499999999999986,4.025,-92.0,6.487454891204834,966.8517456054688,14.139800000000001
2024-09-18 18:42:04,17099.24609375,161.32806274414062,3.379,-1.1499999999999986,4.025,-92.0,6.297800064086914,966.4398193359375,14.266900000000001
2024-09-18 17:42:04,17148.07421875,161.81919982910156,3.412,-1.1499999999999986,4.025,-92.0,5.847574234008789,966.1542358398438,14.476
2024-09-18 16:42:04,17196.90234375,162.31256896972656,3.443,-1.0999999999999943,4.021,-92.0,5.404277324676514,965.6454467773438,14.562100000000001
2024-09-18 15:42:04,17248.7822265625,162.83185668945316,3.475,-1.1999999999999957,4.025,-91.0,4.675955772399902,965.5965576171875,14.410400000000001
2024-09-18 14:42:04,17306.765625,163.41249694824222,3.506,-1.1499999999999986,4.025,-92.0,3.925895929336548,965.5159301757812,13.102500000000001
2024-09-18 13:42:04,17373.904296875,164.0875555419922,3.536,-1.1999999999999957,4.025,-92.0,3.847099542617798,965.1487426757812,13.4387
2024-09-18 12:42:04,17468.5087890625,165.03555175781253,3.561,-1.1499999999999986,4.025,-92.0,4.074658393859863,964.95361328125,13.241900000000001
2024-09-18 11:42:04,17593.630859375,166.29178833007813,3.584,-1.1499999999999986,4.025,-92.0,3.655815362930298,964.4520263671875,13.098400000000002
2024-09-18 10:42:04,17706.5458984375,167.42432312011718,3.598,-1.1499999999999986,4.025,-91.0,3.4709839820861816,964.1135864257812,12.872900000000001
2024-09-18 09:42:04,17804.2021484375,168.40374328613282,3.606,-1.1499999999999986,4.025,-92.0,3.4921765327453613,963.8278198242188,12.946700000000002
2024-09-18 08:42:04,17923.220703125,169.59835571289062,3.612,-1.1499999999999986,4.025,-91.0,3.3644042015075684,963.3851318359375,12.8483
2024-09-18 07:42:04,18026.98046875,170.638828125,3.621,-1.1499999999999986,4.025,-92.0,2.323138475418091,963.09765625,12.9426
2024-09-18 06:42:04,18091.0673828125,171.28120483398436,3.626,-1.1499999999999986,4.025,-91.0,1.9788806438446045,962.9468994140625,12.926200000000001
2024-09-18 05:42:04,18142.947265625,171.80208679199217,3.626,-1.0999999999999943,4.025,-92.0,1.9322826862335205,962.7385864257812,12.950800000000001
2024-09-18 04:42:04,18164.3095703125,172.01854431152344,3.621,-1.1499999999999986,4.025,-91.0,1.7675573825836182,962.4551391601562,12.831900000000001
2024-09-18 03:42:04,18161.2578125,171.9879608154297,3.618,-1.1499999999999986,4.025,-92.0,1.5376209020614624,962.4617309570312,13.0082
2024-09-18 02:42:04,18142.947265625,171.80679443359378,3.614,-1.1499999999999986,4.025,-92.0,2.5778002738952637,962.267822265625,12.877
2024-09-18 01:42:04,18097.1708984375,171.35060302734377,3.607,-1.1499999999999986,4.025,-92.0,3.923382520675659,962.110595703125,13.0164
2024-09-18 00:42:04,18036.1357421875,170.7422967529297,3.594,-1.1499999999999986,4.025,-91.0,4.334482192993164,961.9060668945312,13.1722
2024-09-17 23:42:05,17938.4794921875,169.76746826171876,3.575,-1.1499999999999986,4.025,-92.0,4.613189697265625,961.732666015625,13.246
2024-09-17 22:42:05,17822.5126953125,168.60991455078124,3.549,-1.1499999999999986,4.025,-91.0,5.228683948516846,961.521240234375,13.1394
2024-09-17 21:42:05,17718.7529296875,167.57629028320312,3.53,-1.1499999999999986,4.025,-91.0,6.133278846740723,961.1239013671875,13.3116
2024-09-17 20:42:05,17599.734375,166.38769348144533,3.529,-1.1499999999999986,4.025,-92.0,7.275213718414307,960.9650268554688,14.631800000000002
2024-09-17 19:42:05,17453.25,164.92549072265626,3.546,-1.0999999999999943,4.025,-91.0,8.044971466064453,960.700927734375,14.2628
2024-09-17 18:42:05,17386.111328125,164.2587225341797,3.566,-1.1499999999999986,4.025,-91.0,8.598923683166504,960.2390747070312,14.2095
2024-09-17 17:42:05,17383.0595703125,164.22871459960936,3.59,-1.1499999999999986,4.025,-91.0,9.069934844970703,960.1881103515625,14.156200000000002
2024-09-17 16:42:05,17441.04296875,164.80892944335938,3.613,-1.1499999999999986,4.025,-91.0,9.18867301940918,960.1500244140625,14.648200000000001
2024-09-17 15:42:05,17560.0615234375,165.99562133789064,3.626,-1.1499999999999986,4.025,-90.0,9.688758850097656,960.4993896484375,14.4145
2024-09-17 14:42:05,17706.5458984375,167.45819519042968,3.626,-1.1999999999999957,4.025,-91.0,8.777098655700684,960.7263793945312,14.291500000000001
2024-09-17 13:42:05,17822.5126953125,168.61307556152343,3.642,-1.1499999999999986,4.025,-90.0,6.452675819396973,961.2051391601562,13.426400000000001
2024-09-17 12:42:05,17972.048828125,170.1080102539063,3.646,-1.1499999999999986,4.025,-91.0,5.39497184753418,961.247802734375,13.090200000000001
2024-09-17 11:42:05,18091.0673828125,171.2982208251953,3.653,-1.1999999999999957,4.025,-91.0,4.7882399559021,961.2453002929688,13.090200000000001
2024-09-17 10:42:05,18203.982421875,172.42452087402344,3.65,-1.1499999999999986,4.025,-97.0,4.025886058807373,961.5303344726562,12.9877
2024-09-17 09:42:05,18326.052734375,173.6425213623047,3.653,-1.1499999999999986,4.025,-90.0,3.5025696754455566,961.8005981445312,12.905700000000001
2024-09-17 08:42:05,18438.9677734375,174.7734948730469,3.662,-1.1499999999999986,4.025,-91.0,3.437426805496216,961.6182861328125,12.840100000000001
2024-09-17 07:42:05,18545.779296875,175.84223205566406,3.664,-1.1499999999999986,4.025,-91.0,3.544753313064575,961.5560913085938,12.7171
2024-09-17 06:42:05,18622.0732421875,176.60745727539063,3.666,-1.1499999999999986,4.025,-91.0,3.558270215988159,961.3275146484375,13.036900000000001
2024-09-17 05:42:05,18673.953125,177.1275030517578,3.668,-1.1499999999999986,4.025,-91.0,3.5759313106536865,961.2028198242188,13.0205
2024-09-17 04:42:05,18683.1083984375,177.21888732910156,3.665,-1.1999999999999957,4.025,-92.0,3.539522647857666,961.2196655273438,12.864700000000001
2024-09-17 03:42:05,18661.74609375,177.0061828613281,3.661,-1.1499999999999986,4.025,-91.0,3.525665283203125,961.1278076171875,13.045100000000001
2024-09-17 02:42:05,18600.7109375,176.39708129882814,3.649,-1.1499999999999986,4.025,-90.0,3.4667041301727295,961.0028076171875,13.0533
2024-09-17 01:42:05,18503.0546875,175.42014831542969,3.636,-1.1499999999999986,4.025,-90.0,2.876887321472168,961.0398559570312,13.1722
2024-09-17 00:42:05,18356.5703125,173.9587548828125,3.629,-1.1499999999999986,4.025,-91.0,2.183004140853882,960.69482421875,12.9303
2024-09-16 23:42:05,18173.46484375,172.12951904296875,3.616,-1.1499999999999986,4.025,-91.0,2.850801944732666,960.512939453125,13.0861
2024-09-16 22:42:05,17959.841796875,169.99887451171875,3.581,-1.1499999999999986,4.025,-90.0,4.553957462310791,959.954345703125,13.151700000000002
2024-09-16 21:42:05,17712.6494140625,167.53148193359377,3.511,-1.1499999999999986,4.021,-91.0,5.948854923248291,959.501220703125,13.467400000000001
2024-09-16 20:42:05,17441.04296875,164.82089233398438,3.493,-1.1499999999999986,4.025,-91.0,7.921411037445068,958.9537353515625,13.5576
2024-09-16 19:42:05,17230.4716796875,162.72138549804686,3.511,-1.1499999999999986,4.025,-91.0,10.537176132202148,958.3331298828125,14.1767
2024-09-16 18:42:05,17044.314453125,160.8635760498047,3.536,-1.1499999999999986,4.025,-90.0,10.763784408569336,957.9568481445312,14.722000000000001
2024-09-16 17:42:05,16940.5546875,159.82674377441407,3.562,-1.1499999999999986,4.025,-90.0,10.883745193481445,957.8803100585938,14.3612
2024-09-16 16:42:05,16961.9169921875,160.03675903320314,3.589,-1.1499999999999986,4.025,-90.0,10.788305282592773,958.2410888671875,13.967600000000001
2024-09-16 15:42:05,17062.625,161.0403546142578,3.614,-1.1499999999999986,4.025,-90.0,11.183305740356445,958.5895385742188,14.426800000000002
2024-09-16 14:42:05,17193.8505859375,162.3523779296875,3.622,-1.1499999999999986,4.025,-90.0,10.390045166015625,958.61279296875,14.1439
2024-09-16 13:42:05,17291.5068359375,163.32704345703124,3.632,-1.1499999999999986,4.025,-90.0,7.950552940368652,958.802490234375,14.373500000000002
2024-09-16 12:42:05,17416.62890625,164.57395141601563,3.633,-1.1499999999999986,4.025,-89.0,5.040319919586182,959.2337646484375,14.025
2024-09-16 11:42:05,17572.2685546875,166.12660095214846,3.639,-1.1499999999999986,4.025,-90.0,3.1135473251342773,959.6084594726562,13.151700000000002
2024-09-16 10:42:05,17718.7529296875,167.58927795410156,3.647,-1.1499999999999986,4.025,-90.0,1.716271996498108,959.8251342773438,12.9221
2024-09-16 09:42:05,17853.0302734375,168.93363525390626,3.653,-1.1999999999999957,4.025,-91.0,1.2577587366104126,959.666748046875,12.979500000000002
2024-09-16 08:42:05,18002.56640625,170.42891418457032,3.661,-1.1499999999999986,4.028,-90.0,2.1254687309265137,959.6749877929688,13.065600000000002
2024-09-16 07:42:05,18112.4296875,171.52946228027344,3.664,-1.1499999999999986,4.025,-91.0,3.0792431831359863,959.4834594726562,13.0861
2024-09-16 06:42:05,18200.9306640625,172.41433959960938,3.67,-1.1499999999999986,4.025,-89.0,3.5463831424713135,959.4967041015625,13.102500000000001
2024-09-16 05:42:05,18274.1728515625,173.1435235595703,3.67,-1.1499999999999986,4.025,-90.0,3.4304981231689453,959.8204956054688,12.9631
2024-09-16 04:42:05,18316.8974609375,173.57102294921876,3.671,-1.1999999999999957,4.025,-90.0,3.7761828899383545,959.795166015625,12.983600000000001
2024-09-16 03:42:05,18295.53515625,173.35567993164062,3.664,-1.1499999999999986,4.025,-90.0,3.878074884414673,959.9671630859375,12.893400000000002
2024-09-16 02:42:05,18234.5,172.7418719482422,3.653,-1.1999999999999957,4.025,-90.0,3.979219913482666,960.3128051757812,13.000000000000002
2024-09-16 01:42:05,18152.1025390625,171.9170050048828,3.643,-1.1499999999999986,4.025,-89.0,4.037230014801025,960.4020385742188,13.057400000000001
2024-09-16 00:42:05,18026.98046875,170.66473876953125,3.635,-1.1999999999999957,4.025,-90.0,4.086137771606445,960.506591796875,13.151700000000002
2024-09-15 23:42:05,17822.5126953125,168.61919433593752,3.609,-1.1499999999999986,4.025,-90.0,4.330542087554932,960.59326171875,13.036900000000001
2024-09-15 22:42:06,17584.4755859375,166.24096191406252,3.527,-1.1999999999999957,4.025,-90.0,5.028501033782959,960.37939453125,13.143500000000001
2024-09-15 21:42:06,17273.1962890625,163.12796142578125,3.381,-1.1499999999999986,4.025,-90.0,6.241148471832275,960.400146484375,13.270600000000002
2024-09-15 20:42:06,16961.9169921875,160.0192529296875,3.35,-1.1499999999999986,4.025,-90.0,7.275417327880859,959.99169921875,14.041400000000001
2024-09-15 19:42:06,16675.0517578125,157.15278503417971,3.362,-1.1999999999999957,4.025,-90.0,8.139052391052246,959.7732543945312,14.2382
2024-09-15 18:42:06,16406.4970703125,154.46920043945315,3.387,-1.1499999999999986,4.025,-90.0,10.011007308959961,959.5770263671875,14.299700000000001
2024-09-15 17:42:06,16180.6669921875,152.2142822265625,3.423,-1.1499999999999986,4.025,-90.0,11.585641860961914,959.23876953125,14.451400000000001
2024-09-15 16:42:06,16113.5283203125,151.54202392578125,3.458,-1.1499999999999986,4.025,-90.0,12.975717544555664,959.325927734375,14.603100000000001
2024-09-15 15:42:06,16031.130859375,150.71411804199218,3.49,-1.0999999999999943,4.025,-90.0,10.481542587280273,959.7190551757812,14.676900000000002
2024-09-15 14:42:06,16012.8203125,150.5271826171875,3.521,-1.1499999999999986,4.025,-89.0,7.268149375915527,960.10205078125,14.418600000000001
2024-09-15 13:42:06,16076.9072265625,151.16632568359375,3.553,-1.1499999999999986,4.025,-96.0,6.839252948760986,960.274658203125,14.291500000000001
2024-09-15 12:42:06,16128.787109375,151.68460083007812,3.584,-1.1499999999999986,4.025,-90.0,5.148936748504639,960.3270263671875,13.639600000000002
2024-09-15 11:42:06,16168.4599609375,152.07973388671877,3.61,-1.1499999999999986,4.025,-90.0,3.7230639457702637,960.486572265625,13.209100000000001
2024-09-15 10:42:06,16250.857421875,152.90515563964843,3.633,-1.1499999999999986,4.025,-90.0,3.334312677383423,960.3418579101562,13.1066
2024-09-15 09:42:06,16351.5654296875,153.91118225097657,3.651,-1.1499999999999986,4.025,-90.0,3.3656275272369385,960.4472045898438,12.877
2024-09-15 08:42:06,16510.2568359375,155.49671508789064,3.661,-1.1499999999999986,4.025,-90.0,3.519075870513916,960.5853271484375,12.8155
2024-09-15 07:42:06,16623.171875,156.62941406250002,3.669,-1.1499999999999986,4.025,-90.0,3.428868293762207,960.23046875,12.836
2024-09-15 06:42:06,16717.7763671875,157.57547607421876,3.681,-1.1499999999999986,4.025,-89.0,3.6072473526000977,960.228759765625,12.905700000000001
2024-09-15 05:42:06,16824.587890625,158.6447039794922,3.691,-1.0999999999999943,4.025,-90.0,3.6507885456085205,960.1174926757812,12.983600000000001
2024-09-15 04:42:06,16943.6064453125,159.8350537109375,3.703,-1.1499999999999986,4.025,-90.0,3.8856823444366455,960.10107421875,12.979500000000002
2024-09-15 03:42:06,17083.9873046875,161.23673095703126,3.712,-1.1499999999999986,4.028,-90.0,3.872030019760132,960.314208984375,12.9754
2024-09-15 02:42:06,17138.9189453125,161.7850848388672,3.715,-1.1499999999999986,4.025,-90.0,3.907827138900757,960.4104614257812,12.885200000000001
2024-09-15 01:42:06,17111.453125,161.51157653808596,3.715,-1.1499999999999986,4.025,-89.0,4.093813419342041,960.2954711914062,12.881100000000002
2024-09-15 00:42:06,17013.796875,160.53561401367188,3.712,-1.1499999999999986,4.025,-90.0,4.384613037109375,960.2354736328125,13.0492
2024-09-14 23:42:06,16867.3125,159.07088928222657,3.7,-1.1499999999999986,4.025,-90.0,4.792180061340332,960.2235717773438,12.9959
2024-09-14 22:42:06,16751.345703125,157.91562438964843,3.686,-1.1499999999999986,4.025,-89.0,5.241998195648193,959.7832641601562,13.1353
2024-09-14 21:42:06,16638.4306640625,156.79165649414062,3.66,-1.0999999999999943,4.025,-90.0,6.297731876373291,959.2650146484375,13.467400000000001
2024-09-14 20:42:06,16485.8427734375,155.26959045410158,3.62,-1.0999999999999943,4.025,-90.0,7.975346565246582,958.8837280273438,13.5699
2024-09-14 19:42:06,16281.375,153.23182678222656,3.545,-1.1499999999999986,4.025,-89.0,10.5762357711792,958.1923217773438,14.795800000000002
2024-09-14 18:42:06,16128.787109375,151.70774597167969,3.429,-1.1499999999999986,4.025,-90.0,11.93187141418457,958.0125122070312,14.299700000000001
2024-09-14 17:42:06,15869.3876953125,149.1158251953125,3.414,-1.1499999999999986,4.025,-90.0,11.56302261352539,957.80517578125,14.689200000000001
2024-09-14 16:42:06,15640.505859375,146.8228631591797,3.446,-1.1499999999999986,4.025,-90.0,10.563532829284668,958.2195434570312,14.246400000000001
2024-09-14 15:42:06,15585.57421875,146.27207946777344,3.479,-1.1499999999999986,4.025,-89.0,8.647085189819336,958.3662719726562,14.4473
2024-09-14 14:42:06,15573.3671875,146.14985778808597,3.51,-1.1499999999999986,4.025,-90.0,7.528585433959961,958.3814086914062,14.4145
2024-09-14 13:42:06,15570.3154296875,146.11254333496095,3.538,-1.1499999999999986,4.025,-90.0,5.630953311920166,959.0610961914062,14.353000000000002
2024-09-14 12:42:06,15576.4189453125,146.1726599121094,3.566,-1.1499999999999986,4.025,-90.0,4.321779727935791,959.1529541015625,13.574000000000002
2024-09-14 11:42:06,15597.78125,146.3856591796875,3.6,-1.1499999999999986,4.025,-90.0,3.113478899002075,959.21533203125,13.2255
2024-09-14 10:42:06,15622.1953125,146.62724548339844,3.632,-1.1499999999999986,4.025,-89.0,2.4939098358154297,959.4707641601562,12.9754
2024-09-14 09:42:06,15661.8681640625,147.02072692871096,3.668,-1.1499999999999986,4.025,-90.0,1.737668514251709,959.7954711914062,12.831900000000001
2024-09-14 08:42:06,15725.955078125,147.6656463623047,3.703,-1.1499999999999986,4.025,-90.0,2.7343738079071045,959.3904418945312,12.8565
2024-09-14 07:42:06,15906.0087890625,149.46357360839843,3.737,-1.0999999999999943,4.025,-89.0,3.3951756954193115,959.6514282226562,12.9344
2024-09-14 06:42:06,16168.4599609375,152.08731811523438,3.747,-1.1499999999999986,4.025,-89.0,3.6040539741516113,959.7281494140625,13.0492
2024-09-14 05:42:06,16403.4453125,154.43860961914064,3.752,-1.1499999999999986,4.025,-90.0,3.6838696002960205,959.5843505859375,12.971300000000001
2024-09-14 04:42:06,16647.5859375,156.87495910644532,3.752,-1.1499999999999986,4.025,-90.0,3.7701380252838135,960.0900268554688,12.926200000000001
2024-09-14 03:42:06,16800.173828125,158.39995056152344,3.75,-1.1499999999999986,4.025,-89.0,3.7157275676727295,960.1787719726562,12.9426
2024-09-14 02:42:06,16879.51953125,159.1904718017578,3.746,-1.1499999999999986,4.025,-90.0,3.7542431354522705,960.4723510742188,13.0492
2024-09-14 01:42:06,16925.2958984375,159.64642333984375,3.746,-1.1499999999999986,4.025,-89.0,3.995793342590332,960.653564453125,12.9754
2024-09-14 00:42:06,16906.9853515625,159.46321777343752,3.75,-1.1499999999999986,4.025,-89.0,4.149446964263916,960.66357421875,13.188600000000001
2024-09-13 23:42:06,16815.4326171875,158.5489764404297,3.756,-1.1499999999999986,4.025,-89.0,4.099926948547363,960.5349731445312,13.221400000000001
2024-09-13 22:42:06,16696.4140625,157.3603076171875,3.758,-1.1499999999999986,4.025,-90.0,4.476451396942139,960.38330078125,13.123000000000001
2024-09-13 21:42:06,16586.55078125,156.26473266601562,3.756,-1.1499999999999986,4.025,-89.0,5.62775993347168,960.0775146484375,13.389500000000002
2024-09-13 20:42:07,16403.4453125,154.43715759277345,3.75,-1.1499999999999986,4.025,-90.0,7.683935642242432,959.7295532226562,14.2095
2024-09-13 19:42:07,16217.2880859375,152.58265563964844,3.738,-1.1499999999999986,4.025,-89.0,9.961012840270996,959.0225219726562,13.967600000000001
2024-09-13 18:42:07,16110.4765625,151.51808898925782,3.741,-1.1499999999999986,4.025,-89.0,13.186430931091309,958.6676635742188,13.984000000000002
2024-09-13 17:42:07,15848.025390625,148.89840393066407,3.691,-1.0999999999999943,4.025,-89.0,14.487587928771973,958.1849975585938,12.655600000000002
2024-09-13 16:42:07,15561.16015625,146.02951721191405,3.607,-1.0999999999999943,4.025,-89.0,14.485210418701172,958.2084350585938,14.029100000000001
2024-09-13 15:42:07,15222.4150390625,142.6401239013672,3.675,-1.1499999999999986,4.025,-90.0,14.772002220153809,958.4026489257812,13.996300000000002
2024-09-13 14:42:07,14969.119140625,140.1072119140625,3.707,-1.0999999999999943,4.025,-89.0,13.933636665344238,958.39794921875,13.9389
2024-09-13 13:42:07,14773.806640625,138.14948852539064,3.737,-1.0999999999999943,4.025,-89.0,9.985671043395996,958.8577880859375,13.9184
2024-09-13 12:42:07,14953.8603515625,139.94710205078124,3.761,-1.0999999999999943,4.028,-89.0,7.563772201538086,959.150146484375,14.562100000000001
2024-09-13 11:42:07,15463.50390625,145.04161560058594,3.766,-1.1499999999999986,4.028,-89.0,4.734033107757568,959.3423461914062,14.6933
2024-09-13 10:42:07,16351.5654296875,153.9214764404297,3.767,-1.0999999999999943,4.025,-90.0,2.102102041244507,959.4177856445312,13.697000000000001
2024-09-13 09:42:07,16977.17578125,160.17416564941408,3.766,-1.1499999999999986,4.025,-89.0,1.312984585762024,959.7592163085938,12.9754
2024-09-13 08:42:07,17587.52734375,166.27603881835938,3.765,-1.1499999999999986,4.025,-90.0,1.0679004192352295,959.9234619140625,12.881100000000002
2024-09-13 07:42:07,18075.80859375,171.16165283203128,3.762,-1.1999999999999957,4.025,-89.0,1.395788550376892,959.643310546875,12.9303
2024-09-13 06:42:07,18393.19140625,174.33296386718752,3.76,-1.1499999999999986,4.025,-89.0,1.2288891077041626,959.89501953125,12.9303
2024-09-13 05:42:07,18628.1767578125,176.68139892578125,3.758,-1.1499999999999986,4.025,-90.0,1.6671594381332397,960.036865234375,12.959000000000001
2024-09-13 04:42:07,18814.333984375,178.54359130859376,3.755,-1.0999999999999943,4.025,-90.0,2.0139319896698,959.974853515625,13.004100000000001
2024-09-13 03:42:07,18951.6630859375,179.91964477539062,3.752,-1.1499999999999986,4.025,-90.0,2.1760754585266113,959.6986083984375,13.1599
2024-09-13 02:42:07,19040.1640625,180.80095458984374,3.747,-1.1499999999999986,4.025,-89.0,2.175463914871216,960.068603515625,12.979500000000002
2024-09-13 01:42:07,19092.0439453125,181.31978942871092,3.742,-1.1499999999999986,4.025,-90.0,2.6091148853302,960.0650024414062,13.0615
2024-09-13 00:42:07,19079.8369140625,181.19663818359373,3.749,-1.1499999999999986,4.025,-90.0,3.1785547733306885,960.173095703125,12.983600000000001
2024-09-12 23:42:07,19003.54296875,180.43213745117188,3.757,-1.1499999999999986,4.025,-90.0,3.3369617462158203,960.3292236328125,13.0861
2024-09-12 22:42:07,18796.0234375,178.3609655761719,3.757,-1.1999999999999957,4.025,-90.0,5.928137302398682,959.9268798828125,13.3444
2024-09-12 21:42:07,18493.8994140625,175.34284912109374,3.752,-1.1499999999999986,4.025,-89.0,8.772614479064941,959.614501953125,14.1234
2024-09-12 20:42:07,18060.5498046875,171.00924621582033,3.746,-1.1499999999999986,4.025,-90.0,11.075300216674805,959.6251831054688,13.8528
2024-09-12 19:42:07,17315.9208984375,163.56152954101563,3.728,-1.1499999999999986,4.025,-89.0,12.777029037475586,959.7679443359375,13.975800000000001
2024-09-12 18:42:07,16644.5341796875,156.84664489746095,3.645,-1.1499999999999986,4.025,-90.0,13.458684921264648,959.8696899414062,14.1111
2024-09-12 17:42:07,16385.134765625,154.24792907714843,3.504,-1.1499999999999986,4.025,-89.0,12.501852989196777,960.3418579101562,14.0578
2024-09-12 16:42:07,16162.3564453125,152.01761596679688,3.485,-1.1499999999999986,4.025,-89.0,12.240467071533203,960.5948486328125,13.943000000000001
2024-09-12 15:42:07,16021.9755859375,150.60806396484375,3.433,-1.1499999999999986,4.025,-90.0,11.655879974365234,961.169189453125,14.025
2024-09-12 14:42:07,15814.4560546875,148.52577941894532,3.425,-1.1499999999999986,4.025,-89.0,10.010939598083496,961.8781127929688,14.1439
2024-09-12 13:42:07,15567.263671875,146.05203491210938,3.482,-1.1499999999999986,4.028,-90.0,8.999834060668945,962.0601806640625,14.0783
2024-09-12 12:42:07,15478.7626953125,145.1613708496094,3.53,-1.1499999999999986,4.028,-89.0,6.292706489562988,962.6256103515625,14.377600000000001
2024-09-12 11:42:07,15426.8828125,144.64126586914062,3.596,-1.1499999999999986,4.025,-89.0,6.804813385009766,962.7562255859375,14.5088
2024-09-12 10:42:07,15249.880859375,142.86567260742189,3.65,-1.1499999999999986,4.025,-89.0,4.478421688079834,963.3135986328125,13.910200000000001
2024-09-12 09:42:07,15173.5869140625,142.09958618164063,3.682,-1.1499999999999986,4.028,-90.0,3.753155469894409,963.6282958984375,12.860600000000002
2024-09-12 08:42:07,15237.673828125,142.73621032714846,3.706,-1.0999999999999943,4.025,-90.0,4.347728252410889,964.0527954101562,12.9098
2024-09-12 07:42:07,14520.5107421875,135.56251831054686,3.752,-1.0999999999999943,4.025,-90.0,5.3692946434021,964.2589111328125,12.840100000000001
2024-09-12 06:42:07,14273.318359375,133.09031005859376,3.762,-1.0999999999999943,4.025,-90.0,5.78148078918457,964.287353515625,12.852400000000001
2024-09-12 05:42:07,15194.94921875,142.30466735839843,3.76,-1.1499999999999986,4.028,-89.0,5.488168716430664,964.4824829101562,13.024600000000001
2024-09-12 04:42:07,15988.40625,150.23502014160155,3.758,-1.0999999999999943,4.025,-90.0,4.950927734375,964.9042358398438,13.057400000000001
2024-09-12 03:42:07,16327.1513671875,153.6183416748047,3.756,-1.1499999999999986,4.028,-90.0,4.763379096984863,965.3171997070312,13.000000000000002
2024-09-12 02:42:07,16482.791015625,155.17162109375,3.753,-1.0999999999999943,4.025,-89.0,5.103901386260986,965.62890625,12.950800000000001
2024-09-12 01:42:07,16568.240234375,156.0238134765625,3.75,-1.0999999999999943,4.028,-90.0,3.6202893257141113,965.85888671875,12.872900000000001
2024-09-12 00:42:07,16485.8427734375,155.19578857421874,3.749,-1.1499999999999986,4.028,-90.0,3.004387140274048,966.263916015625,13.012300000000002
2024-09-11 23:42:07,16449.2216796875,154.83011352539063,3.742,-1.1499999999999986,4.028,-89.0,3.431856632232666,966.2103271484375,12.9754
2024-09-11 22:42:07,16516.3603515625,155.50354125976563,3.739,-1.0999999999999943,4.028,-90.0,4.967569351196289,966.0062255859375,13.221400000000001
2024-09-11 21:42:07,16375.9794921875,154.10218688964844,3.74,-1.0999999999999943,4.025,-89.0,7.520772933959961,965.7608032226562,13.500200000000001
2024-09-11 20:42:07,15857.1806640625,148.9186456298828,3.733,-1.1499999999999986,4.028,-89.0,11.530756950378418,965.3161010742188,13.9922
2024-09-11 19:42:07,14987.4296875,140.2265643310547,3.728,-1.0999999999999943,4.028,-90.0,13.366778373718262,964.7732543945312,13.9922
2024-09-11 18:42:07,14972.1708984375,140.07572143554688,3.714,-1.0999999999999943,4.028,-90.0,14.705431938171387,964.5987548828125,14.0045
2024-09-11 17:42:07,14770.7548828125,138.06181884765624,3.684,-1.0999999999999943,4.025,-89.0,15.326972961425781,964.572998046875,13.996300000000002
2024-09-11 16:42:07,14633.42578125,136.68963439941408,3.59,-1.0999999999999943,4.025,-89.0,14.77927017211914,964.4623413085938,14.016800000000002
2024-09-11 15:42:07,13769.7783203125,128.05021606445314,3.616,-1.0999999999999943,4.025,-89.0,13.684069633483887,964.7567138671875,14.0045
2024-09-11 14:42:07,13220.4619140625,122.5537908935547,3.618,-1.0999999999999943,4.025,-87.0,12.00265121459961,965.0828247070312,13.988100000000001
2024-09-11 13:42:07,12109.6220703125,111.44546630859375,3.696,-1.0999999999999943,4.025,-87.0,10.279865264892578,965.075439453125,14.061900000000001
2024-09-11 12:42:07,12259.158203125,112.9411181640625,3.722,-1.0999999999999943,4.025,-87.0,7.592844009399414,965.04638671875,14.049600000000002
2024-09-11 11:42:07,13308.962890625,123.43925231933595,3.623,-1.0499999999999972,4.025,-86.0,5.56098747253418,965.0376586914062,14.418600000000001
2024-09-11 10:42:07,12805.4228515625,118.40305847167969,3.642,-1.0499999999999972,4.025,-87.0,2.492210626602173,965.1170043945312,14.3366
2024-09-11 09:42:08,11081.1796875,101.15681701660156,3.725,-1.0999999999999943,4.028,-86.0,0.7681347727775574,965.4979858398438,12.8155
2024-09-11 08:42:08,11850.22265625,108.85184997558595,3.734,-1.0999999999999943,4.028,-84.0,0.2524951100349426,965.0376586914062,12.913900000000002
2024-09-11 07:42:08,12585.6962890625,116.20994384765625,3.74,-1.0999999999999943,4.028,-85.0,0.43080565333366394,964.701904296875,12.8975
2024-09-11 06:42:08,13223.513671875,122.59016174316407,3.742,-1.0999999999999943,4.025,-84.0,0.7025170922279358,964.4974975585938,12.827800000000002
2024-09-11 05:42:08,13968.142578125,130.04137573242187,3.739,-1.0999999999999943,4.025,-84.0,0.8109289407730103,964.0050048828125,12.905700000000001
2024-09-11 04:42:08,14566.287109375,136.02734130859375,3.737,-1.0999999999999943,4.025,-85.0,0.542614758014679,963.552978515625,12.959000000000001
2024-09-11 03:42:08,14779.91015625,138.1670983886719,3.73,-1.0999999999999943,4.025,-84.0,1.7810070514678955,963.2003173828125,13.057400000000001
2024-09-11 02:42:08,14853.15234375,138.90787048339843,3.728,-1.0999999999999943,4.028,-85.0,2.113173723220825,962.3652954101562,13.041
2024-09-11 01:42:08,14853.15234375,138.91484985351562,3.722,-1.0999999999999943,4.025,-84.0,4.005372524261475,961.6673583984375,12.926200000000001
2024-09-11 00:42:08,14633.42578125,136.7287127685547,3.719,-1.1499999999999986,4.025,-85.0,5.62775993347168,960.5545043945312,13.274700000000001
2024-09-10 23:42:08,14569.3388671875,136.09575134277344,3.708,-1.0999999999999943,4.025,-85.0,6.209969520568848,959.7637329101562,13.196800000000001
2024-09-10 22:42:08,14645.6328125,136.86649047851563,3.712,-1.0999999999999943,4.028,-91.0,8.361244201660156,958.9837646484375,13.467400000000001
2024-09-10 21:42:08,14911.1357421875,139.5292059326172,3.703,-1.1499999999999986,4.025,-85.0,10.525561332702637,958.2151489257812,14.086500000000001
2024-09-10 20:42:08,14532.7177734375,135.7503466796875,3.683,-1.0999999999999943,4.028,-85.0,12.510820388793945,957.68310546875,14.061900000000001
2024-09-10 19:42:08,13592.7763671875,126.3529901123047,3.7,-1.0999999999999943,4.025,-85.0,13.876781463623047,957.4773559570312,13.9922
2024-09-10 18:42:08,14331.3017578125,133.73810363769533,3.693,-1.1499999999999986,4.028,-84.0,14.657951354980469,957.4913940429688,14.029100000000001
2024-09-10 17:42:08,14666.9951171875,137.0965118408203,3.57,-1.0999999999999943,4.025,-85.0,16.137895584106445,957.3439331054688,13.955300000000001
2024-09-10 16:42:08,14169.55859375,132.11619873046877,3.466,-1.0999999999999943,4.028,-83.0,14.780832290649414,957.938720703125,13.934800000000001
2024-09-10 15:42:08,13196.0478515625,122.36864746093751,3.521,-1.0999999999999943,4.025,-84.0,12.358185768127441,959.18310546875,14.037300000000002
2024-09-10 14:42:08,12851.19921875,118.91198730468751,3.59,-1.0999999999999943,4.025,-84.0,10.970488548278809,960.00048828125,14.053700000000001
2024-09-10 13:42:08,11703.73828125,107.42689514160156,3.687,-1.0999999999999943,4.028,-84.0,7.754444599151611,961.0487670898438,14.246400000000001
2024-09-10 12:42:08,12506.3505859375,115.44405883789062,3.69,-1.0999999999999943,4.028,-84.0,6.025545597076416,961.9447021484375,14.094700000000001
2024-09-10 11:42:08,13122.8056640625,121.5998974609375,3.686,-1.0499999999999972,4.025,-83.0,3.5520215034484863,962.81591796875,14.418600000000001
2024-09-10 10:42:08,13580.5693359375,126.16831848144531,3.694,-1.1499999999999986,4.025,-84.0,1.402309536933899,963.7374877929688,14.4883
2024-09-10 09:42:08,14737.185546875,137.7264666748047,3.683,-1.0999999999999943,4.025,-83.0,-0.37672120332717896,964.5388793945312,12.9221
2024-09-10 08:42:08,15661.8681640625,146.96823974609376,3.665,-1.0999999999999943,4.028,-84.0,-0.446075439453125,965.044189453125,12.8893
2024-09-10 07:42:08,16168.4599609375,152.03103027343752,3.566,-1.1499999999999986,4.025,-84.0,0.36491575837135315,965.35693359375,12.8442
2024-09-10 06:42:08,15930.4228515625,149.6541033935547,3.591,-1.1499999999999986,4.025,-84.0,1.2028735876083374,965.0125122070312,12.807300000000001
2024-09-10 05:42:08,15216.3115234375,142.5106463623047,3.632,-1.0999999999999943,4.028,-84.0,1.5370776653289795,965.2468872070312,12.9672
2024-09-10 04:42:08,14486.94140625,135.21170471191408,3.659,-1.0999999999999943,4.025,-84.0,2.061480760574341,965.7709350585938,12.9016
2024-09-10 03:42:08,14108.5234375,131.42940917968753,3.659,-1.0999999999999943,4.025,-84.0,2.484807014465332,965.58251953125,12.979500000000002
2024-09-10 02:42:08,14175.662109375,132.09417236328125,3.655,-1.0999999999999943,4.028,-83.0,2.9486865997314453,966.244873046875,13.155800000000001
2024-09-10 01:42:08,14227.5419921875,132.60832153320314,3.653,-1.1499999999999986,4.028,-84.0,3.228889226913452,966.7098388671875,13.250100000000002
2024-09-10 00:42:08,14380.1298828125,134.13387207031252,3.651,-1.0999999999999943,4.028,-83.0,3.1513147354125977,966.74267578125,13.2583
2024-09-09 23:42:08,14486.94140625,135.19900024414062,3.645,-1.0999999999999943,4.025,-84.0,2.3491551876068115,967.0413818359375,13.0492
2024-09-09 22:42:08,14538.8212890625,135.71577087402343,3.638,-1.0999999999999943,4.028,-84.0,4.336112022399902,967.2442016601562,13.479700000000001
2024-09-09 21:42:08,14413.69921875,134.46681701660157,3.637,-1.0999999999999943,4.025,-84.0,6.860378265380859,967.0175170898438,14.340700000000002
2024-09-09 20:42:08,14380.1298828125,134.1321533203125,3.632,-1.0999999999999943,4.025,-84.0,8.502466201782227,966.91455078125,14.0906
2024-09-09 19:42:08,14364.87109375,133.97802490234375,3.625,-1.0999999999999943,4.028,-84.0,10.159770011901855,967.068603515625,14.0127
2024-09-09 18:42:08,14401.4921875,134.34219970703126,3.586,-1.0999999999999943,4.028,-84.0,11.998847961425781,967.272216796875,13.963500000000002
2024-09-09 17:42:08,14346.560546875,133.78960876464845,3.541,-1.1499999999999986,4.028,-84.0,11.41385269165039,967.5996704101562,14.107000000000001
2024-09-09 16:42:08,14395.388671875,134.27327392578124,3.506,-1.0999999999999943,4.028,-84.0,11.396123886108398,968.061279296875,14.094700000000001
2024-09-09 15:42:08,14233.6455078125,132.642314453125,3.545,-1.0499999999999972,4.025,-84.0,6.2044677734375,969.4140625,14.1439
2024-09-09 14:42:08,14193.97265625,132.23724060058595,3.571,-1.0999999999999943,4.025,-84.0,4.165817737579346,970.2485961914062,14.070100000000002
2024-09-09 13:42:09,14218.38671875,132.47525756835938,3.595,-1.0499999999999972,4.025,-84.0,2.5076305866241455,970.8609619140625,14.291500000000001
2024-09-09 12:42:09,14258.0595703125,132.86464599609377,3.617,-1.0999999999999943,4.028,-84.0,0.8244470357894897,971.594970703125,14.3571
2024-09-09 11:42:09,14322.146484375,133.49975952148438,3.63,-1.0999999999999943,4.025,-84.0,-0.4166626036167145,972.1705322265625,14.512900000000002
2024-09-09 10:42:09,14367.9228515625,133.95167541503906,3.636,-1.0999999999999943,4.025,-85.0,-1.315822720527649,972.7553100585938,14.385800000000001
2024-09-09 09:42:09,14435.0615234375,134.61962829589845,3.639,-1.0999999999999943,4.028,-85.0,-2.1531689167022705,973.0986938476562,13.024600000000001
2024-09-09 08:42:09,14505.251953125,135.3197314453125,3.642,-1.1499999999999986,4.025,-84.0,-1.261142611503601,973.27880859375,12.885200000000001
2024-09-09 07:42:09,14520.5107421875,135.47397521972658,3.646,-1.0999999999999943,4.028,-85.0,0.15352417528629303,973.1132202148438,12.9959
2024-09-09 06:42:09,14605.9599609375,136.33044555664065,3.651,-1.0499999999999972,4.025,-86.0,0.05591186508536339,972.9154052734375,12.860600000000002
2024-09-09 05:42:09,14648.6845703125,136.76013732910155,3.664,-1.0999999999999943,4.028,-85.0,0.2823144495487213,972.6708374023438,12.9549
2024-09-09 04:42:09,14685.3056640625,137.12847717285158,3.684,-1.1499999999999986,4.025,-86.0,1.38641357421875,972.4579467773438,12.893400000000002
2024-09-09 03:42:09,14734.1337890625,137.62250183105468,3.705,-1.1499999999999986,4.025,-85.0,2.4608960151672363,971.8836059570312,12.9303
2024-09-09 02:42:09,14804.32421875,138.32147521972655,3.717,-1.1499999999999986,4.028,-85.0,2.5786828994750977,972.1766967773438,12.9426
2024-09-09 01:42:09,14850.1005859375,138.78179321289062,3.722,-1.0999999999999943,4.028,-84.0,2.3706884384155273,971.9212646484375,13.0492
2024-09-09 00:42:09,14850.1005859375,138.78182434082032,3.721,-1.1499999999999986,4.028,-86.0,2.641652822494507,971.9181518554688,13.000000000000002
2024-09-08 23:42:09,14837.8935546875,138.66091186523437,3.722,-1.0999999999999943,4.028,-84.0,3.296544075012207,971.8023681640625,13.1066
2024-09-08 22:42:09,14831.7900390625,138.60464416503908,3.717,-1.0999999999999943,4.028,-86.0,5.067695140838623,971.3256225585938,13.205
2024-09-08 21:42:09,14792.1171875,138.2144061279297,3.709,-1.0999999999999943,4.031,-86.0,6.608027458190918,970.6765747070312,14.156200000000002
2024-09-08 20:42:09,14755.49609375,137.8524108886719,3.693,-1.0999999999999943,4.028,-86.0,8.183952331542969,970.2550048828125,14.094700000000001
2024-09-08 19:42:09,14782.9619140625,138.131650390625,3.63,-1.0999999999999943,4.028,-86.0,10.099041938781738,969.796875,14.094700000000001
2024-09-08 18:42:09,14755.49609375,137.86520629882813,3.563,-1.1499999999999986,4.028,-85.0,15.753220558166504,968.9754638671875,13.869200000000001
2024-09-08 17:42:09,14786.013671875,138.17259277343751,3.546,-1.0999999999999943,4.025,-86.0,15.029379844665527,968.75439453125,13.910200000000001
2024-09-08 16:42:09,14764.6513671875,137.9586932373047,3.57,-1.1499999999999986,4.028,-85.0,10.964578628540039,968.7820434570312,12.7704
2024-09-08 15:42:09,14798.220703125,138.29320556640627,3.602,-1.1499999999999986,4.031,-85.0,8.889383316040039,968.900146484375,14.066
2024-09-08 14:42:09,14840.9453125,138.71844665527345,3.63,-1.1499999999999986,4.028,-86.0,8.112357139587402,969.1006469726562,14.4883
2024-09-08 13:42:09,14880.6181640625,139.11362243652346,3.661,-1.0499999999999972,4.028,-86.0,6.276131629943848,969.2559204101562,14.4022
2024-09-08 12:42:09,14871.462890625,139.02097290039063,3.685,-1.0999999999999943,4.025,-86.0,5.052751541137695,969.3656005859375,13.943000000000001
2024-09-08 11:42:09,14920.291015625,139.50933959960938,3.701,-1.0999999999999943,4.028,-86.0,4.910645961761475,969.3570556640625,13.783100000000001
2024-09-08 10:42:09,15057.6201171875,140.88075927734377,3.689,-1.0999999999999943,4.028,-85.0,4.097414493560791,969.544189453125,13.0492
2024-09-08 09:42:09,15155.2763671875,141.85691223144534,3.681,-1.1499999999999986,4.028,-85.0,3.6040539741516113,969.5851440429688,12.8688
2024-09-08 08:42:09,15191.8974609375,142.22320922851563,3.691,-1.1499999999999986,4.025,-86.0,3.5567760467529297,969.5765380859375,12.9959
2024-09-08 07:42:09,15222.4150390625,142.5288690185547,3.702,-1.1499999999999986,4.025,-86.0,3.6541173458099365,969.5281372070312,12.8155
2024-09-08 06:42:09,15289.5537109375,143.20228576660156,3.706,-1.0999999999999943,4.028,-85.0,3.7394347190856934,969.3251342773438,12.8237
2024-09-08 05:42:09,15359.744140625,143.90059448242187,3.712,-1.0999999999999943,4.025,-86.0,3.8166003227233887,969.6846923828125,12.913900000000002
2024-09-08 04:42:09,15420.779296875,144.50511962890627,3.719,-1.0999999999999943,4.028,-84.0,3.6007251739501953,970.267333984375,13.036900000000001
2024-09-08 03:42:09,15524.5390625,145.53933105468752,3.725,-1.1499999999999986,4.028,-86.0,3.709002733230591,970.60595703125,12.926200000000001
2024-09-08 02:42:09,15631.3505859375,146.60660278320313,3.728,-1.1499999999999986,4.025,-85.0,3.651127815246582,970.6903076171875,12.9426
2024-09-08 01:42:09,15713.748046875,147.4279071044922,3.728,-1.1499999999999986,4.025,-86.0,3.823664665222168,970.9573364257812,13.1271
2024-09-08 00:42:09,15774.783203125,148.03329162597657,3.73,-1.0499999999999972,4.028,-86.0,4.122479438781738,971.4540405273438,12.9959
2024-09-07 23:42:10,15811.404296875,148.40237548828125,3.733,-1.0999999999999943,4.028,-86.0,4.816770076751709,971.166748046875,13.209100000000001
2024-09-07 22:42:10,15902.95703125,149.31872497558595,3.735,-1.0999999999999943,4.028,-85.0,5.84628438949585,971.0845336914062,13.176300000000001
2024-09-07 21:42:10,16009.7685546875,150.38768859863282,3.735,-1.0999999999999943,4.031,-85.0,7.356115818023682,970.9996948242188,13.856900000000001
2024-09-07 20:42:10,16079.958984375,151.09101196289063,3.735,-1.0999999999999943,4.028,-85.0,7.768709659576416,970.8577880859375,14.115200000000002
2024-09-07 19:42:10,16140.994140625,151.70065368652345,3.741,-1.1499999999999986,4.031,-86.0,9.066062927246094,970.9287719726562,14.127500000000001
2024-09-07 18:42:10,16208.1328125,152.37387329101563,3.737,-1.1499999999999986,4.025,-86.0,10.311588287353516,970.7454833984375,14.3366
2024-09-07 17:42:10,16247.8056640625,152.76858642578128,3.742,-1.1499999999999986,4.028,-86.0,9.932619094848633,970.947021484375,14.307900000000002
2024-09-07 16:42:10,16379.03125,154.0833642578125,3.741,-1.0999999999999943,4.028,-85.0,9.812862396240234,970.69482421875,14.537500000000001
2024-09-07 15:42:10,16501.1015625,155.30097839355471,3.744,-1.1499999999999986,4.028,-86.0,7.38430643081665,971.0037231445312,14.590800000000002
2024-09-07 14:42:10,16635.37890625,156.6403955078125,3.746,-1.0999999999999943,4.028,-86.0,5.724693775177002,971.33935546875,13.811800000000002
2024-09-07 13:42:10,16739.138671875,157.6779150390625,3.747,-1.1499999999999986,4.028,-85.0,5.221890926361084,971.34716796875,13.401800000000001
2024-09-07 12:42:10,16864.2607421875,158.9326544189453,3.748,-1.0999999999999943,4.028,-85.0,4.664271354675293,970.9953002929688,13.2993
2024-09-07 11:42:10,17001.58984375,160.31114685058594,3.749,-1.0999999999999943,4.028,-86.0,4.350038051605225,970.4751586914062,13.012300000000002
2024-09-07 10:42:10,17138.9189453125,161.68656433105468,3.75,-1.0999999999999943,4.028,-85.0,3.9731738567352295,970.2625122070312,12.881100000000002
2024-09-07 09:42:10,17209.109375,162.39388732910157,3.753,-1.0999999999999943,4.031,-86.0,3.6073827743530273,969.7206420898438,13.0943
2024-09-07 08:42:10,17364.7490234375,163.95859985351564,3.755,-1.0999999999999943,4.031,-85.0,3.6057519912719727,968.8890380859375,12.913900000000002
2024-09-07 07:42:10,17706.5458984375,167.384248046875,3.755,-1.1499999999999986,4.028,-86.0,3.6348254680633545,968.12109375,12.881100000000002
2024-09-07 06:42:10,17871.3408203125,169.04104858398438,3.757,-1.0999999999999943,4.028,-85.0,3.669672966003418,967.2359619140625,13.0205
2024-09-07 05:42:10,18066.6533203125,171.00370056152343,3.758,-1.1499999999999986,4.028,-85.0,3.703364372253418,966.2832641601562,12.893400000000002
2024-09-07 04:42:10,18225.3447265625,172.59975524902345,3.758,-1.1499999999999986,4.028,-85.0,3.758997917175293,965.3692016601562,12.959000000000001
2024-09-07 03:42:10,18371.8291015625,174.07421142578127,3.76,-1.1499999999999986,4.031,-86.0,3.7687108516693115,964.407958984375,12.946700000000002
2024-09-07 02:42:10,18503.0546875,175.39237365722656,3.759,-1.0999999999999943,4.028,-85.0,3.7807347774505615,963.8173217773438,12.971300000000001
2024-09-07 01:42:10,18588.50390625,176.25362060546877,3.76,-1.1499999999999986,4.028,-85.0,3.845741033554077,963.141845703125,13.0164
2024-09-07 00:42:10,18817.3857421875,178.55525451660156,3.758,-1.0999999999999943,4.028,-84.0,3.993756055831909,961.8602905273438,12.979500000000002
2024-09-06 23:42:10,18954.71484375,179.9414825439453,3.758,-1.1499999999999986,4.031,-85.0,4.192919731140137,960.5665893554688,13.143500000000001
2024-09-06 22:42:10,19119.509765625,181.5968475341797,3.758,-1.0999999999999943,4.028,-85.0,4.357578277587891,959.8250122070312,13.1271
2024-09-06 21:42:10,19168.337890625,182.09525207519533,3.758,-1.1499999999999986,4.031,-84.0,4.555926322937012,958.8126831054688,13.1148
2024-09-06 20:42:10,19378.9091796875,184.20947631835935,3.755,-1.1499999999999986,4.028,-86.0,4.718545913696289,957.9615478515625,13.2009
2024-09-06 19:42:10,19504.03125,185.47288574218751,3.753,-1.0999999999999943,4.031,-85.0,5.233914852142334,956.74267578125,13.3649
2024-09-06 18:42:10,19647.4638671875,186.9207214355469,3.752,-1.0999999999999943,4.028,-86.0,6.463341236114502,955.3917236328125,13.545300000000001
2024-09-06 17:42:10,19873.2939453125,189.19778137207032,3.75,-1.0999999999999943,4.031,-86.0,7.375679969787598,953.5158081054688,12.971300000000001
2024-09-06 16:42:10,19845.828125,188.93454040527345,3.749,-1.1499999999999986,4.028,-86.0,6.921989917755127,952.3740844726562,14.4022
2024-09-06 15:42:10,19830.5693359375,188.79128540039062,3.749,-1.0999999999999943,4.028,-86.0,6.420749664306641,951.4407958984375,14.2095
2024-09-06 14:42:10,19830.5693359375,188.8039337158203,3.746,-1.1499999999999986,4.031,-86.0,6.638254165649414,950.1759643554688,13.996300000000002
2024-09-06 13:42:10,19854.9833984375,189.06410095214846,3.74,-1.1499999999999986,4.031,-86.0,7.704110145568848,948.5733032226562,13.943000000000001
2024-09-06 12:42:10,19824.4658203125,188.76920043945313,3.734,-1.1499999999999986,4.028,-86.0,8.07200813293457,947.5457763671875,13.902000000000001
2024-09-06 11:42:10,19906.86328125,189.60651245117188,3.732,-1.0999999999999943,4.028,-86.0,7.790243148803711,946.2120361328125,12.147200000000002
2024-09-06 10:42:10,20068.6064453125,191.23237060546876,3.725,-1.1499999999999986,4.031,-85.0,7.03033447265625,945.369384765625,13.0861
2024-09-06 09:42:10,20233.4013671875,192.8880291748047,3.717,-1.1499999999999986,4.028,-86.0,7.165850639343262,944.5984497070312,12.9016
2024-09-06 08:42:10,20282.2294921875,193.3890185546875,3.706,-1.1499999999999986,4.028,-86.0,7.835211277008057,943.32763671875,12.8442
2024-09-06 07:42:10,20309.6953125,193.67027954101562,3.698,-1.1499999999999986,4.028,-85.0,7.882216930389404,942.6673583984375,12.893400000000002
2024-09-06 06:42:10,20416.5068359375,194.741396484375,3.689,-1.0999999999999943,4.028,-86.0,8.053462982177734,942.3671875,12.946700000000002
2024-09-06 05:42:10,20486.697265625,195.4478662109375,3.665,-1.1499999999999986,4.031,-86.0,8.44533920288086,941.91064453125,12.905700000000001
2024-09-06 04:42:10,20462.283203125,195.20961486816407,3.648,-1.1499999999999986,4.028,-84.0,8.080362319946289,941.3217163085938,13.1681
2024-09-06 03:42:10,20480.59375,195.39575439453125,3.641,-1.1499999999999986,4.028,-86.0,7.63095235824585,941.018310546875,13.032800000000002
2024-09-06 02:42:10,20575.1982421875,196.34139038085937,3.633,-1.0999999999999943,4.028,-84.0,7.587817192077637,941.0592041015625,12.9221
2024-09-06 01:42:10,20770.5107421875,198.29383850097656,3.614,-1.1499999999999986,4.031,-84.0,7.230313777923584,941.1268920898438,12.9426
2024-09-06 00:42:10,20709.4755859375,197.67520568847658,3.581,-1.1499999999999986,4.028,-84.0,7.080939769744873,941.9550170898438,13.036900000000001
2024-09-05 23:42:10,20614.87109375,196.72631408691404,3.561,-1.0999999999999943,4.025,-85.0,7.382879734039307,942.2396850585938,13.143500000000001
2024-09-05 22:42:10,20532.4736328125,195.89959228515625,3.564,-1.1499999999999986,4.025,-86.0,7.329692363739014,942.514404296875,13.1066
2024-09-05 21:42:10,20712.52734375,197.68469055175783,3.554,-1.1499999999999986,4.031,-86.0,7.230517387390137,944.0582885742188,13.2132
2024-09-05 20:42:10,20669.802734375,197.24504943847654,3.543,-1.0999999999999943,4.028,-86.0,8.797748565673828,945.2977905273438,13.459200000000001
2024-09-05 19:42:10,20782.7177734375,198.37740112304687,3.536,-1.1499999999999986,4.031,-85.0,11.059745788574219,944.9776611328125,13.381300000000001
2024-09-05 18:42:10,20730.837890625,197.84533508300783,3.455,-1.1499999999999986,4.028,-86.0,10.375848770141602,946.3043823242188,13.922500000000001
2024-09-05 17:42:10,20117.4345703125,191.6967266845703,3.477,-1.0999999999999943,4.031,-85.0,10.671945571899414,947.7619018554688,13.943000000000001
2024-09-05 16:42:10,18661.74609375,177.13237792968752,3.479,-1.0999999999999943,4.028,-86.0,11.856131553649902,948.50830078125,14.484200000000001
2024-09-05 15:42:10,18182.6201171875,172.32771972656252,3.483,-1.1499999999999986,4.028,-86.0,10.584454536437988,949.84814453125,14.3899
2024-09-05 14:42:10,18155.154296875,172.04602111816405,3.485,-1.1499999999999986,4.028,-86.0,10.215605735778809,950.5521850585938,14.545700000000002
2024-09-05 13:42:10,18246.70703125,172.95362487792968,3.489,-1.1499999999999986,4.031,-84.0,8.635061264038086,951.3445434570312,14.873700000000001
2024-09-05 12:42:10,18387.087890625,174.3505432128906,3.489,-1.0999999999999943,4.028,-86.0,8.174306869506836,952.0335693359375,13.869200000000001
2024-09-05 11:42:10,18573.2451171875,176.20579833984377,3.491,-1.0999999999999943,4.028,-85.0,7.077679634094238,952.665283203125,13.475600000000002
2024-09-05 10:42:11,18750.2470703125,177.9697332763672,3.492,-1.0999999999999943,4.028,-86.0,5.887311935424805,953.2737426757812,12.881100000000002
2024-09-05 09:42:11,18924.197265625,179.70641479492187,3.493,-1.0999999999999943,4.031,-86.0,5.442453384399414,953.5557861328125,12.864700000000001
2024-09-05 08:42:11,19119.509765625,181.66539794921874,3.493,-1.1499999999999986,4.025,-85.0,5.292060375213623,952.969970703125,13.082
2024-09-05 07:42:11,19311.7705078125,183.58522521972657,3.494,-1.1499999999999986,4.031,-86.0,5.337708950042725,953.2479858398438,12.8114
2024-09-05 06:42:11,19500.9794921875,185.47942138671874,3.494,-1.1499999999999986,4.031,-86.0,5.157767295837402,953.037353515625,12.9959
2024-09-05 05:42:11,19668.826171875,187.15500854492188,3.494,-1.0999999999999943,4.028,-86.0,4.589619159698486,953.3253173828125,12.946700000000002
2024-09-05 04:42:11,19803.103515625,188.49472106933592,3.489,-1.1499999999999986,4.031,-85.0,3.624432325363159,953.6314086914062,12.9877
2024-09-05 03:42:11,19983.1572265625,190.29625366210936,3.478,-1.1499999999999986,4.031,-85.0,2.655306339263916,953.5318603515625,13.0164
2024-09-05 02:42:11,20291.384765625,193.37932250976564,3.45,-1.1499999999999986,4.028,-86.0,2.9111902713775635,953.4525146484375,13.0287
2024-09-05 01:42:11,20572.146484375,196.18886474609377,3.379,-1.1499999999999986,4.031,-86.0,3.200970411300659,953.260009765625,12.9877
2024-09-05 00:42:11,20663.69921875,197.1057421875,3.344,-1.0999999999999943,4.031,-86.0,3.734611749649048,953.125,12.926200000000001
2024-09-04 23:42:11,20682.009765625,197.29108825683593,3.352,-1.0999999999999943,4.028,-86.0,4.884833812713623,952.9009399414062,13.205
2024-09-04 22:42:11,20587.4052734375,196.35097290039062,3.36,-1.0999999999999943,4.028,-86.0,7.61967658996582,952.3079833984375,13.401800000000001
2024-09-04 21:42:11,20096.072265625,191.44375854492188,3.366,-1.1499999999999986,4.031,-86.0,10.229259490966797,951.6964111328125,14.4555
2024-09-04 20:42:11,19592.5322265625,186.41204711914065,3.37,-1.1499999999999986,4.028,-86.0,13.545632362365723,951.3275146484375,14.148000000000001
2024-09-04 19:42:11,19070.681640625,181.1925494384766,3.373,-1.1499999999999986,4.031,-86.0,12.483036994934082,951.4266967773438,12.528500000000001
2024-09-04 18:42:11,18857.05859375,179.05915771484376,3.377,-1.1499999999999986,4.031,-85.0,12.655303001403809,951.142822265625,14.0127
2024-09-04 17:42:11,18847.9033203125,178.96447998046875,3.379,-1.0999999999999943,4.031,-84.0,10.57738971710205,951.455322265625,14.020900000000001
2024-09-04 16:42:11,18908.9384765625,179.5759881591797,3.381,-1.1499999999999986,4.028,-86.0,10.689199447631836,951.3396606445312,14.426800000000002
2024-09-04 15:42:11,19012.6982421875,180.61476501464847,3.381,-1.1499999999999986,4.028,-85.0,10.65353775024414,951.2217407226562,14.644100000000002
2024-09-04 14:42:11,19137.8203125,181.85998413085937,3.382,-1.1499999999999986,4.031,-86.0,9.594610214233398,951.8218994140625,14.656400000000001
2024-09-04 13:42:11,19284.3046875,183.32531066894532,3.383,-1.1499999999999986,4.031,-85.0,9.017563819885254,951.7736206054688,14.2956
2024-09-04 12:42:11,19409.4267578125,184.57748168945312,3.384,-1.0999999999999943,4.031,-86.0,8.116908073425293,951.6785888671875,14.0578
2024-09-04 11:42:11,19510.134765625,185.58623962402345,3.383,-1.1499999999999986,4.031,-86.0,7.05125617980957,951.5108032226562,13.656
2024-09-04 10:42:11,19598.6357421875,186.47132751464846,3.383,-1.1499999999999986,4.028,-86.0,5.409643650054932,951.5029907226562,13.0205
2024-09-04 09:42:11,19681.033203125,187.29311645507812,3.381,-1.1499999999999986,4.031,-86.0,3.6933789253234863,951.7215576171875,12.8114
2024-09-04 08:42:11,19754.275390625,188.0284899902344,3.38,-1.1499999999999986,4.031,-86.0,3.38641357421875,951.4263916015625,12.9016
2024-09-04 07:42:11,19812.2587890625,188.61148498535158,3.377,-1.1499999999999986,4.031,-85.0,3.677144765853882,951.1102905273438,12.938500000000001
2024-09-04 06:42:11,19864.138671875,189.13307556152344,3.374,-1.1499999999999986,4.031,-85.0,3.4931957721710205,950.8311157226562,13.0533
2024-09-04 05:42:11,19882.44921875,189.31876403808593,3.373,-1.1999999999999957,4.031,-86.0,4.057065486907959,950.5728149414062,13.1148
2024-09-04 04:42:11,19900.759765625,189.50290405273438,3.367,-1.1499999999999986,4.031,-86.0,4.22763204574585,950.4693603515625,13.041
2024-09-04 03:42:11,19980.10546875,190.29812683105467,3.362,-1.1499999999999986,4.031,-86.0,4.490987777709961,950.2927856445312,12.9877
2024-09-04 02:42:11,20077.76171875,191.27453125000002,3.354,-1.1499999999999986,4.031,-86.0,5.284657001495361,950.30859375,13.0082
2024-09-04 01:42:11,20233.4013671875,192.83443237304687,3.348,-1.1499999999999986,4.031,-86.0,6.118811130523682,949.9581298828125,13.045100000000001
2024-09-04 00:42:11,20471.4384765625,195.21603454589842,3.337,-1.0999999999999943,4.028,-86.0,6.987675666809082,949.8350219726562,12.959000000000001
2024-09-03 23:42:11,20801.0283203125,198.51300048828125,3.312,-1.1499999999999986,4.031,-85.0,7.778830528259277,949.728271484375,13.110700000000001
2024-09-03 22:42:11,21243.533203125,202.94211181640628,3.277,-1.1499999999999986,4.028,-86.0,9.759063720703125,949.322021484375,13.5904
2024-09-03 21:42:11,22223.1474609375,212.7446405029297,3.496,-1.1499999999999986,4.031,-86.0,11.825156211853027,948.6834106445312,13.996300000000002
2024-09-03 20:42:11,21194.705078125,202.46081970214846,3.49,-1.1499999999999986,4.031,-86.0,13.46948528289795,948.6231079101562,14.0455
2024-09-03 19:42:11,20099.1240234375,191.50720275878908,3.494,-1.0999999999999943,4.031,-86.0,16.034849166870117,948.4037475585938,14.496500000000001
2024-09-03 18:42:11,18939.4560546875,179.91792907714847,3.506,-1.0999999999999943,4.031,-87.0,16.121320724487305,947.6631469726562,14.463700000000001
2024-09-03 17:42:11,17779.7880859375,168.31613891601563,3.513,-1.0999999999999943,4.031,-87.0,15.812792778015137,948.1741943359375,13.889700000000001
2024-09-03 16:42:11,16510.2568359375,155.62725402832032,3.511,-1.1499999999999986,4.031,-87.0,15.8441743850708,947.5314331054688,14.5744
2024-09-03 15:42:11,14969.119140625,140.2159539794922,3.509,-1.0999999999999943,4.028,-87.0,11.496657371520996,947.5237426757812,14.558000000000002
2024-09-03 14:42:11,14377.078125,134.30059204101562,3.525,-1.1499999999999986,4.031,-86.0,8.439157485961914,947.0189208984375,14.094700000000001
2024-09-03 13:42:11,14111.5751953125,131.64798767089846,3.536,-1.1499999999999986,4.031,-86.0,7.517920017242432,946.7764282226562,13.6888
2024-09-03 12:42:11,14050.5400390625,131.04549865722657,3.556,-1.0999999999999943,4.031,-87.0,6.340458869934082,945.9901733398438,13.077900000000001
2024-09-03 11:42:11,14023.07421875,130.77724975585937,3.575,-1.0999999999999943,4.031,-87.0,6.109572887420654,945.3492431640625,13.188600000000001
2024-09-03 10:42:11,14047.48828125,131.02759399414063,3.578,-1.0499999999999972,4.031,-86.0,5.714231967926025,944.7288818359375,12.991800000000001
2024-09-03 09:42:11,14062.7470703125,131.1746612548828,3.575,-1.0,4.031,-87.0,5.9942307472229,945.2809448242188,12.8565
2024-09-03 08:42:11,14047.48828125,131.01748901367188,3.573,-1.1499999999999986,4.031,-86.0,6.477129936218262,945.7393798828125,12.991800000000001
2024-09-03 07:42:11,14050.5400390625,131.04391906738283,3.553,-1.1499999999999986,4.031,-87.0,6.551307201385498,946.1481323242188,12.9672
2024-09-03 06:42:11,14023.07421875,130.7503076171875,3.545,-1.0999999999999943,4.031,-87.0,5.209392070770264,948.04345703125,12.9754
2024-09-03 05:42:11,13998.66015625,130.49523437500002,3.488,-1.1499999999999986,4.031,-86.0,3.9743969440460205,949.13671875,13.000000000000002
2024-09-03 04:42:11,13870.486328125,129.19782287597658,3.476,-1.1499999999999986,4.031,-87.0,3.4804930686950684,950.7040405273438,13.123000000000001
2024-09-03 03:42:11,13724.001953125,127.72665100097656,3.438,-1.0999999999999943,4.031,-86.0,2.801351308822632,951.3368530273438,13.045100000000001
2024-09-03 02:42:11,13540.896484375,125.88029907226563,3.392,-1.1499999999999986,4.031,-87.0,2.305885076522827,952.8665771484375,13.0492
2024-09-03 01:42:11,13385.2568359375,124.31261352539065,3.243,-1.0999999999999943,4.028,-87.0,1.7140978574752808,953.9954833984375,12.950800000000001
2024-09-03 00:42:11,13272.341796875,123.16550842285156,3.063,-1.0999999999999943,4.028,-87.0,1.570430874824524,955.7909545898438,13.036900000000001
2024-09-02 23:42:12,13043.4599609375,120.87809509277344,3.0,-1.0999999999999943,4.031,-87.0,2.893664598464966,955.6504516601562,13.1271
2024-09-02 22:42:12,12710.818359375,117.54833984375,3.051,-1.0999999999999943,4.031,-87.0,6.032474517822266,955.984375,13.6683
2024-09-02 21:42:12,12359.8662109375,114.03921203613281,2.961,-1.1499999999999986,4.028,-89.0,8.409745216369629,955.9450073242188,14.0127
2024-09-02 20:42:12,12066.8974609375,111.10576965332031,2.751,-1.0999999999999943,4.034,-87.0,9.48748779296875,956.3204956054688,14.008600000000001
2024-09-02 19:42:12,11715.9453125,107.59372192382813,2.421,-1.0999999999999943,4.031,-87.0,11.64113998413086,956.5731201171875,14.107000000000001
2024-09-02 18:42:12,11361.94140625,104.04511535644532,2.235,-1.0999999999999943,4.031,-87.0,13.162179946899414,957.4298706054688,14.0578
2024-09-02 17:42:12,11111.697265625,101.53680847167969,2.129,-1.0999999999999943,4.031,-87.0,10.736408233642578,958.0164184570312,14.082400000000002
2024-09-02 16:42:12,10986.5751953125,100.28186584472657,2.09,-1.0999999999999943,4.031,-87.0,9.999120712280273,958.3886108398438,14.008600000000001
2024-09-02 15:42:12,10833.9873046875,98.74725097656251,2.106,-1.0499999999999972,4.031,-86.0,7.603509426116943,959.26220703125,14.385800000000001
2024-09-02 14:42:12,10660.037109375,97.0009521484375,2.143,-1.1499999999999986,4.031,-87.0,5.699627876281738,959.94189453125,14.037300000000002
2024-09-02 13:42:12,10534.9150390625,95.7466455078125,2.165,-1.0999999999999943,4.031,-87.0,4.630444526672363,960.25048828125,14.275100000000002
2024-09-02 12:42:12,10681.3994140625,97.20492065429688,1.997,-1.0999999999999943,4.031,-87.0,4.343313217163086,960.9073486328125,14.5416
2024-09-02 11:42:12,10876.7119140625,99.16241455078125,1.954,-1.0999999999999943,4.031,-86.0,4.128729343414307,960.470458984375,14.529300000000001
2024-09-02 10:42:12,10937.7470703125,99.76823791503907,1.942,-1.0999999999999943,4.031,-86.0,2.598586320877075,960.9232788085938,13.004100000000001
2024-09-02 09:42:12,10922.48828125,99.61615783691407,1.944,-1.0999999999999943,4.031,-87.0,1.6472570896148682,960.8724975585938,12.872900000000001
2024-09-02 08:42:12,10895.0224609375,99.34271362304688,1.943,-1.0499999999999972,4.031,-87.0,1.656156063079834,960.7510986328125,13.1271
2024-09-02 07:42:12,10797.3662109375,98.3699139404297,1.945,-1.0999999999999943,4.028,-87.0,2.175938606262207,960.3748168945312,12.8155
2024-09-02 06:42:12,10629.51953125,96.6978094482422,1.952,-1.0999999999999943,4.034,-86.0,2.630444288253784,959.7385864257812,13.090200000000001
2024-09-02 05:42:12,10495.2421875,95.3587030029297,1.961,-1.0999999999999943,4.028,-87.0,2.826484441757202,959.3718872070312,12.893400000000002
2024-09-02 04:42:12,10394.5341796875,94.3553778076172,1.97,-1.0999999999999943,4.031,-87.0,2.800400495529175,958.9963989257812,13.131200000000002
2024-09-02 03:42:12,10348.7578125,93.90201904296875,1.974,-1.0999999999999943,4.031,-86.0,2.736208438873291,958.555908203125,13.0082
2024-09-02 02:42:12,10159.548828125,92.01470886230469,1.985,-1.0999999999999943,4.031,-86.0,2.7282605171203613,958.0779418945312,13.0287
2024-09-02 01:42:12,9939.822265625,89.82122863769533,2.009,-1.0499999999999972,4.028,-86.0,2.570871591567993,957.6994018554688,13.077900000000001
2024-09-02 00:42:12,9738.40625,87.81341064453125,2.049,-1.0999999999999943,4.031,-87.0,2.591726064682007,957.065185546875,13.246
2024-09-01 23:42:12,9616.3359375,86.5979736328125,2.11,-1.0999999999999943,4.031,-86.0,3.0716357231140137,956.53857421875,13.118900000000002
2024-09-01 22:42:12,9634.646484375,86.78990844726563,2.157,-1.0999999999999943,4.028,-87.0,3.8308653831481934,955.6556396484375,13.393600000000001
2024-09-01 21:42:12,9839.1142578125,88.84386108398438,2.165,-1.0499999999999972,4.031,-87.0,4.984007358551025,954.7281494140625,14.3571
2024-09-01 20:42:12,9958.1328125,90.040390625,2.216,-1.0999999999999943,4.031,-86.0,5.529943943023682,954.09375,14.3366
2024-09-01 19:42:12,10092.41015625,91.3922314453125,2.276,-1.0999999999999943,4.031,-86.0,6.070582389831543,953.18701171875,14.201300000000002
2024-09-01 18:42:12,10251.1015625,92.98501098632813,2.34,-1.0999999999999943,4.031,-86.0,7.4444899559021,952.6004638671875,14.0988
2024-09-01 17:42:12,10379.275390625,94.27620056152344,2.421,-1.0999999999999943,4.031,-86.0,8.086339950561523,951.6553344726562,14.23
2024-09-01 16:42:12,10556.27734375,96.04856079101563,2.542,-1.0499999999999972,4.031,-86.0,8.191559791564941,951.4212646484375,14.139800000000001
2024-09-01 15:42:12,10690.5546875,97.39595947265626,2.712,-1.0999999999999943,4.031,-86.0,7.332884311676025,950.958740234375,14.074200000000001
2024-09-01 14:42:12,10785.1591796875,98.34317321777345,2.917,-1.0999999999999943,4.031,-86.0,7.281599044799805,950.8418579101562,14.676900000000002
2024-09-01 13:42:12,10864.5048828125,99.13702514648438,3.117,-1.0499999999999972,4.031,-86.0,5.967874526977539,950.8023681640625,14.4883
2024-09-01 12:42:12,10965.212890625,100.14338684082033,3.284,-1.0999999999999943,4.031,-86.0,5.063144683837891,950.8742065429688,14.4801
2024-09-01 11:42:12,11032.3515625,100.81724243164062,3.402,-1.0999999999999943,4.031,-86.0,3.5080726146698,950.6273193359375,13.2993
2024-09-01 10:42:12,11154.421875,102.04034545898438,3.489,-1.0999999999999943,4.031,-87.0,2.1300878524780273,950.3873291015625,13.0082
2024-09-01 09:42:12,11279.5439453125,103.29185058593751,3.541,-1.0999999999999943,4.031,-86.0,1.1477831602096558,950.35888671875,13.0615
2024-09-01 08:42:12,11502.322265625,105.52408996582031,3.572,-1.0999999999999943,4.031,-87.0,1.396059513092041,949.9132690429688,12.8032
2024-09-01 07:42:12,11792.2392578125,108.42599853515625,3.592,-1.0499999999999972,4.031,-87.0,2.02384877204895,949.639404296875,12.918000000000001
2024-09-01 06:42:12,11984.5,110.35424072265626,3.597,-1.0499999999999972,4.031,-87.0,2.0114855766296387,949.075927734375,12.831900000000001
2024-09-01 05:42:12,12018.0693359375,110.69107299804688,3.605,-1.0999999999999943,4.031,-87.0,1.831545352935791,948.9620361328125,13.077900000000001
2024-09-01 04:42:13,12057.7421875,111.08684387207032,3.604,-1.1499999999999986,4.031,-88.0,1.4455114603042603,949.0578002929688,13.0492
2024-09-01 03:42:13,12033.328125,110.84162963867188,3.604,-1.0499999999999972,4.034,-87.0,1.0875316858291626,949.1651611328125,12.9631
2024-09-01 02:42:13,12018.0693359375,110.6882275390625,3.6,-1.0999999999999943,4.031,-88.0,1.2225719690322876,949.24658203125,12.926200000000001
2024-09-01 01:42:13,12005.8623046875,110.56125915527345,3.593,-1.0999999999999943,4.034,-87.0,1.176517367362976,949.7363891601562,13.0943
2024-09-01 00:42:13,12008.9140625,110.58988769531251,3.578,-1.0999999999999943,4.031,-88.0,1.2362256050109863,949.92529296875,12.959000000000001
2024-08-31 23:42:13,11972.29296875,110.22712646484376,3.559,-1.0999999999999943,4.031,-88.0,1.8113025426864624,949.580322265625,13.196800000000001
2024-08-31 22:42:13,11862.4296875,109.13112060546877,3.533,-1.0999999999999943,4.031,-87.0,3.262784481048584,949.317626953125,13.5248
2024-08-31 21:42:13,11841.0673828125,108.91826782226562,3.451,-1.0999999999999943,4.031,-88.0,6.244273662567139,949.2406005859375,14.1521
2024-08-31 20:42:13,11743.4111328125,107.94581787109377,3.354,-1.0999999999999943,4.031,-87.0,8.103797912597656,948.829345703125,14.1234
2024-08-31 19:42:13,11651.8583984375,107.02903686523439,3.283,-1.0999999999999943,4.031,-86.0,10.605579376220703,948.9547119140625,14.037300000000002
2024-08-31 18:42:13,11569.4609375,106.21202209472656,3.306,-1.0999999999999943,4.028,-87.0,18.751554489135742,948.2587280273438,13.815900000000001
2024-08-31 17:42:13,11581.66796875,106.32963439941406,3.354,-1.0999999999999943,4.031,-87.0,16.699657440185547,948.7045288085938,13.856900000000001
2024-08-31 16:42:13,11618.2890625,106.69290954589843,3.415,-1.0999999999999943,4.031,-87.0,16.041166305541992,948.9981079101562,13.8815
2024-08-31 15:42:13,11636.599609375,106.87311340332032,3.476,-1.0499999999999972,4.034,-87.0,15.144247055053711,949.2882690429688,13.910200000000001
2024-08-31 14:42:13,11737.3076171875,107.88074951171876,3.507,-1.0999999999999943,4.031,-87.0,14.335633277893066,949.232666015625,13.943000000000001
2024-08-31 13:42:13,11844.119140625,108.93538696289063,3.547,-1.0999999999999943,4.031,-87.0,6.243185997009277,950.5804443359375,14.1767
2024-08-31 12:42:13,11929.568359375,109.79028076171875,3.584,-1.0999999999999943,4.031,-87.0,6.1987624168396,950.540283203125,14.4227
2024-08-31 11:42:13,12005.8623046875,110.54410888671876,3.602,-1.0999999999999943,4.031,-87.0,1.7763196229934692,951.451416015625,14.443200000000001
2024-08-31 10:42:13,12106.5703125,111.54813293457032,3.612,-1.0999999999999943,4.031,-89.0,0.44303223490715027,951.7570190429688,13.3854
2024-08-31 09:42:13,12176.7607421875,112.25236206054689,3.621,-1.0999999999999943,4.031,-89.0,0.96295166015625,951.5245361328125,12.7499
2024-08-31 08:42:13,12222.537109375,112.71570678710938,3.632,-1.0999999999999943,4.031,-88.0,0.9930444359779358,950.9664306640625,12.799100000000001
2024-08-31 07:42:13,12353.7626953125,114.03259582519532,3.643,-1.0999999999999943,4.031,-88.0,1.0884143114089966,950.5031127929688,12.893400000000002
2024-08-31 06:42:13,12509.40234375,115.59586730957031,3.653,-1.0999999999999943,4.031,-88.0,1.0844067335128784,949.8156127929688,12.938500000000001
2024-08-31 05:42:13,12564.333984375,116.14231811523439,3.664,-1.0999999999999943,4.031,-89.0,0.9232141375541687,950.1021728515625,13.0164
2024-08-31 04:42:13,12701.6630859375,117.51155517578125,3.674,-1.0999999999999943,4.031,-88.0,-0.106231689453125,950.507568359375,12.9877
2024-08-31 03:42:13,12762.6982421875,118.12180725097656,3.687,-1.0999999999999943,4.031,-87.0,-0.8274902105331421,950.5175170898438,12.9877
2024-08-31 02:42:13,12866.4580078125,119.16193298339846,3.697,-1.0999999999999943,4.031,-88.0,-0.42223265767097473,950.2647094726562,12.9877
2024-08-31 01:42:13,12973.26953125,120.23457580566406,3.701,-1.0999999999999943,4.031,-88.0,-0.9537011981010437,949.8119506835938,13.0287
2024-08-31 00:42:13,13046.51171875,120.97083618164064,3.705,-1.0499999999999972,4.031,-87.0,-0.36659911274909973,949.4281005859375,12.9959
2024-08-30 23:42:13,13153.3232421875,122.05274047851563,3.705,-1.0999999999999943,4.031,-87.0,2.06671142578125,948.0491943359375,13.155800000000001
2024-08-30 22:42:13,13257.0830078125,123.10540344238282,3.702,-1.0999999999999943,4.031,-87.0,3.4995813369750977,946.5426635742188,14.570300000000001
2024-08-30 21:42:13,13348.6357421875,124.03011840820312,3.696,-1.0999999999999943,4.031,-88.0,3.33512806892395,945.6239013671875,13.729800000000001
2024-08-30 20:42:13,13482.9130859375,125.38491210937501,3.693,-1.0499999999999972,4.031,-87.0,3.855522394180298,944.421875,14.332500000000001
2024-08-30 19:42:13,13571.4140625,126.28385314941406,3.698,-1.0999999999999943,4.031,-88.0,4.211260795593262,943.0287475585938,14.160300000000001
2024-08-30 18:42:13,13714.8466796875,127.73207641601562,3.703,-1.0999999999999943,4.031,-87.0,4.608707427978516,941.6390380859375,14.201300000000002
2024-08-30 17:42:13,13894.900390625,129.54956176757813,3.703,-1.0999999999999943,4.031,-87.0,5.201649188995361,939.9442138671875,14.3489
2024-08-30 16:42:14,14013.9189453125,130.74745361328124,3.696,-1.1499999999999986,4.034,-87.0,5.749487400054932,939.173583984375,14.6195
2024-08-30 15:42:14,14087.1611328125,131.48899597167969,3.691,-1.0499999999999972,4.031,-88.0,5.993687629699707,938.2615356445312,14.644100000000002
2024-08-30 14:42:14,14187.869140625,132.49952880859377,3.689,-1.0999999999999943,4.031,-87.0,5.786168098449707,937.916259765625,14.365300000000001
2024-08-30 13:42:14,14264.1630859375,133.26244934082033,3.703,-1.0999999999999943,4.031,-88.0,5.302249908447266,937.9181518554688,13.963500000000002
2024-08-30 12:42:14,14413.69921875,134.7545593261719,3.738,-1.0999999999999943,4.031,-87.0,4.866357326507568,938.2432861328125,13.389500000000002
2024-08-30 11:42:14,14541.873046875,136.0357958984375,3.774,-1.0999999999999943,4.031,-87.0,5.104715347290039,938.29345703125,12.9631
2024-08-30 10:42:14,14392.3369140625,134.53390991210938,3.759,-1.0999999999999943,4.031,-87.0,4.747211933135986,938.9459228515625,12.8442
2024-08-30 09:42:14,14468.630859375,135.29253662109375,3.744,-1.0999999999999943,4.031,-86.0,4.7882399559021,939.377197265625,12.946700000000002
2024-08-30 08:42:14,14602.908203125,136.62988037109375,3.741,-1.1499999999999986,4.031,-87.0,4.710054874420166,939.920166015625,12.7786
2024-08-30 07:42:14,14639.529296875,136.99023071289062,3.733,-1.1499999999999986,4.031,-87.0,4.919205188751221,940.5062255859375,12.946700000000002
2024-08-30 06:42:14,14868.4111328125,139.27729431152343,3.738,-1.0999999999999943,4.031,-87.0,5.02191162109375,940.6817016601562,12.885200000000001
2024-08-30 05:42:14,15008.7919921875,140.67560913085939,3.746,-1.0999999999999943,4.031,-87.0,5.4131760597229,941.2310791015625,12.959000000000001
2024-08-30 04:42:14,15155.2763671875,142.1321307373047,3.752,-1.1499999999999986,4.031,-87.0,5.521656513214111,942.0632934570312,12.991800000000001
2024-08-30 03:42:14,15304.8125,143.6213690185547,3.761,-1.0999999999999943,4.031,-87.0,5.469012260437012,942.6755981445312,13.077900000000001
2024-08-30 02:42:14,15350.5888671875,144.07159973144533,3.774,-1.0999999999999943,4.034,-87.0,5.607789516448975,943.4288940429688,12.9754
2024-08-30 01:42:14,15591.677734375,146.4742401123047,3.771,-1.1499999999999986,4.031,-86.0,5.215234279632568,944.2537231445312,13.069700000000001
2024-08-30 00:42:14,15729.0068359375,147.83335876464844,3.781,-1.0999999999999943,4.031,-87.0,4.667872428894043,945.6709594726562,13.0164
2024-08-29 23:42:14,15896.853515625,149.50761962890627,3.792,-1.0999999999999943,4.034,-87.0,4.803931713104248,946.091552734375,13.196800000000001
2024-08-29 22:42:14,16159.3046875,152.13038269042968,3.792,-1.1499999999999986,4.034,-87.0,6.899301528930664,946.2664184570312,13.4182
2024-08-29 21:42:14,16641.482421875,156.9477880859375,3.789,-1.0999999999999943,4.034,-87.0,9.079581260681152,946.70361328125,13.791300000000001
2024-08-29 20:42:14,16925.2958984375,159.7899090576172,3.786,-1.0999999999999943,4.031,-87.0,9.930852890014648,946.3049926757812,14.5334
2024-08-29 19:42:14,17373.904296875,164.27620361328124,3.782,-1.1499999999999986,4.031,-88.0,9.375882148742676,946.283935546875,14.504700000000001
2024-08-29 18:42:14,16873.416015625,159.27117126464844,3.781,-1.1499999999999986,4.031,-87.0,9.468807220458984,946.2988891601562,14.6523
2024-08-29 17:42:14,16736.0869140625,157.89907836914062,3.779,-1.0999999999999943,4.031,-87.0,9.628778457641602,946.1790771484375,14.258700000000001
2024-08-29 16:42:14,16589.6025390625,156.43548156738282,3.782,-1.0999999999999943,4.031,-88.0,9.405770301818848,946.0543823242188,14.3571
2024-08-29 15:42:14,16369.8759765625,154.23936584472656,3.784,-1.1499999999999986,4.031,-88.0,7.966990947723389,945.9393920898438,14.025
2024-08-29 14:42:14,16534.6708984375,155.8906591796875,3.78,-1.0999999999999943,4.031,-87.0,7.489118576049805,945.60498046875,13.651900000000001
2024-08-29 13:42:14,16610.96484375,156.6605438232422,3.776,-1.0999999999999943,4.031,-87.0,7.652077674865723,944.9104614257812,13.574000000000002
2024-08-29 12:42:14,16403.4453125,154.58919677734374,3.775,-1.0999999999999943,4.031,-88.0,6.555450439453125,944.525634765625,13.356700000000002
2024-08-29 11:42:14,16317.99609375,153.739921875,3.776,-1.1499999999999986,4.034,-87.0,5.619064807891846,944.00390625,13.131200000000002
2024-08-29 10:42:14,16519.412109375,155.75692443847657,3.773,-1.0999999999999943,4.031,-88.0,5.065454006195068,943.7196655273438,12.983600000000001
2024-08-29 09:42:14,16708.62109375,157.6545330810547,3.769,-1.1499999999999986,4.031,-87.0,4.883882999420166,943.1677856445312,12.8893
2024-08-29 08:42:14,16806.27734375,158.6343377685547,3.764,-1.1499999999999986,4.034,-88.0,4.935372352600098,942.8435668945312,12.9098
2024-08-29 07:42:14,16903.93359375,159.6140905761719,3.758,-1.0999999999999943,4.031,-88.0,5.195602893829346,942.5245361328125,12.983600000000001
2024-08-29 06:42:14,16964.96875,160.22552673339845,3.751,-1.0999999999999943,4.034,-87.0,5.434640884399414,942.4160766601562,12.745800000000001
2024-08-29 05:42:14,16964.96875,160.22833740234375,3.746,-1.1499999999999986,4.031,-88.0,5.658327579498291,942.135009765625,13.045100000000001
2024-08-29 04:42:14,17068.728515625,161.26211181640625,3.741,-1.0999999999999943,4.034,-88.0,5.895599365234375,942.517333984375,13.000000000000002
2024-08-29 03:42:14,17184.6953125,162.41729553222658,3.753,-1.1499999999999986,4.031,-88.0,5.906060695648193,942.9657592773438,13.004100000000001
2024-08-29 02:42:14,17090.0908203125,161.46808776855468,3.772,-1.0999999999999943,4.031,-88.0,5.848525524139404,943.2820434570312,12.827800000000002
2024-08-29 01:42:14,16678.103515625,157.34720520019533,3.776,-1.0999999999999943,4.031,-87.0,6.071533203125,943.3829956054688,12.9754
2024-08-29 00:42:14,16641.482421875,156.9808056640625,3.776,-1.0999999999999943,4.031,-88.0,6.22280740737915,943.40185546875,13.077900000000001
2024-08-28 23:42:14,16461.4287109375,155.18169494628907,3.776,-1.0999999999999943,4.031,-88.0,6.41185188293457,943.2592163085938,13.0205
2024-08-28 22:42:14,16498.0498046875,155.55089965820312,3.778,-1.0999999999999943,4.031,-88.0,6.780291557312012,942.9598388671875,13.155800000000001
2024-08-28 21:42:14,16229.4951171875,152.86499633789063,3.776,-1.0999999999999943,4.031,-89.0,7.139086723327637,942.9954833984375,13.422300000000002
2024-08-28 20:42:14,16119.6318359375,151.76894348144532,3.776,-1.0999999999999943,4.031,-87.0,7.553582668304443,942.7374877929688,13.512500000000001
2024-08-28 19:42:14,16043.337890625,151.00274780273438,3.773,-1.0999999999999943,4.034,-88.0,7.787458419799805,943.0631103515625,14.529300000000001
2024-08-28 18:42:14,16110.4765625,151.67696105957032,3.766,-1.0999999999999943,4.031,-88.0,8.72744369506836,942.7804565429688,14.234100000000002
2024-08-28 17:42:14,16128.787109375,151.85901794433593,3.753,-1.0999999999999943,4.031,-89.0,9.540675163269043,942.8853149414062,13.996300000000002
2024-08-28 16:42:14,16046.3896484375,151.03664672851562,3.73,-1.0999999999999943,4.031,-89.0,10.766501426696777,942.7249755859375,14.529300000000001
2024-08-28 15:42:14,16086.0625,151.4295251464844,3.703,-1.0999999999999943,4.031,-89.0,9.66158676147461,943.1099853515625,14.353000000000002
2024-08-28 14:42:14,16052.4931640625,151.0890740966797,3.717,-1.1499999999999986,4.034,-88.0,8.095782279968262,943.5857543945312,14.312000000000001
2024-08-28 13:42:14,15613.0400390625,146.69241760253908,3.76,-1.0999999999999943,4.031,-88.0,7.519278526306152,943.7982788085938,13.4305
2024-08-28 12:42:14,15573.3671875,146.29232788085938,3.766,-1.0999999999999943,4.031,-88.0,7.804711818695068,944.1343994140625,13.3526
2024-08-28 11:42:14,15637.4541015625,146.9351678466797,3.771,-1.0999999999999943,4.031,-87.0,8.673169136047363,943.9373168945312,13.9266
2024-08-28 10:42:14,15741.2138671875,147.96788696289065,3.773,-1.1499999999999986,4.031,-88.0,8.110795021057129,944.4251708984375,13.356700000000002
2024-08-28 09:42:14,15887.6982421875,149.42731201171875,3.767,-1.0999999999999943,4.031,-87.0,7.224404335021973,944.967041015625,13.196800000000001
2024-08-28 08:42:14,16083.0107421875,151.37274169921875,3.777,-1.1999999999999957,4.034,-87.0,6.712839126586914,945.736572265625,12.877
2024-08-28 07:42:14,16250.857421875,153.0451788330078,3.778,-1.1499999999999986,4.034,-88.0,6.637372016906738,946.3395385742188,12.9877
2024-08-28 06:42:14,16424.8076171875,154.7772607421875,3.781,-1.1499999999999986,4.031,-89.0,6.545669078826904,947.08154296875,12.8442
2024-08-28 05:42:14,16620.1201171875,156.7249401855469,3.782,-1.0999999999999943,4.034,-87.0,6.742863655090332,947.6260986328125,13.176300000000001
2024-08-28 04:42:15,16775.759765625,158.2723583984375,3.786,-1.0999999999999943,4.031,-87.0,6.435965538024902,948.52392578125,12.877
2024-08-28 03:42:15,17010.7451171875,160.6202227783203,3.787,-1.0999999999999943,4.031,-87.0,6.654625415802002,948.7228393554688,12.950800000000001
2024-08-28 02:42:15,17123.66015625,161.74422180175782,3.789,-1.0999999999999943,4.031,-89.0,6.832257270812988,949.2379760742188,13.0943
2024-08-28 01:42:15,17206.0576171875,162.56362609863282,3.792,-1.1499999999999986,4.034,-89.0,6.723979473114014,949.6950073242188,13.1066
2024-08-28 00:42:15,17315.9208984375,163.66144958496093,3.792,-1.0999999999999943,4.031,-88.0,6.972255706787109,949.7759399414062,13.205
2024-08-27 23:42:15,17431.8876953125,164.82017395019534,3.792,-1.1499999999999986,4.031,-89.0,7.695822715759277,949.8703002929688,13.295200000000001
2024-08-27 22:42:15,17672.9765625,167.2308514404297,3.789,-1.0999999999999943,4.031,-87.0,9.532116889953613,949.8914184570312,13.446900000000001
2024-08-27 21:42:15,18417.60546875,174.67724365234375,3.789,-1.1499999999999986,4.031,-89.0,11.501479148864746,949.881103515625,13.988100000000001
2024-08-27 20:42:15,20389.041015625,194.3903942871094,3.792,-1.1499999999999986,4.031,-89.0,13.337026596069336,950.0015869140625,14.020900000000001
2024-08-27 19:42:15,21502.9326171875,205.52515563964846,3.793,-1.1499999999999986,4.031,-89.0,15.013893127441406,950.4170532226562,14.037300000000002
2024-08-27 18:42:15,21219.119140625,202.68444946289063,3.793,-1.1499999999999986,4.031,-89.0,14.790274620056152,950.6741943359375,13.9922
2024-08-27 17:42:15,20080.8134765625,191.2937048339844,3.792,-1.1499999999999986,4.031,-89.0,14.577253341674805,951.4429931640625,14.537500000000001
2024-08-27 16:42:15,19717.654296875,187.6576007080078,3.792,-1.0999999999999943,4.034,-89.0,14.75393295288086,951.8942260742188,14.4678
2024-08-27 15:42:15,18506.1064453125,175.54144287109378,3.782,-1.0999999999999943,4.031,-90.0,14.388616561889648,951.962158203125,14.008600000000001
2024-08-27 14:42:15,17050.41796875,160.98236083984375,3.771,-1.0999999999999943,4.034,-89.0,13.254289627075195,952.181884765625,14.094700000000001
2024-08-27 13:42:15,16397.341796875,154.4443786621094,3.739,-1.0999999999999943,4.031,-89.0,11.0465669631958,952.9039306640625,14.525200000000002
2024-08-27 12:42:15,15997.5615234375,150.44380615234377,3.712,-1.0999999999999943,4.031,-89.0,7.832358360290527,953.180908203125,14.4145
2024-08-27 11:42:15,15896.853515625,149.43104736328127,3.687,-1.0999999999999943,4.031,-89.0,6.571889877319336,953.748779296875,13.360800000000001
2024-08-27 10:42:15,15912.1123046875,149.57644775390628,3.696,-1.1499999999999986,4.031,-89.0,5.825023174285889,954.467529296875,12.950800000000001
2024-08-27 09:42:15,15963.9921875,150.09405029296875,3.709,-1.1499999999999986,4.031,-89.0,5.412700176239014,954.587158203125,13.0615
2024-08-27 08:42:15,16025.02734375,150.70510009765624,3.721,-1.1499999999999986,4.034,-89.0,5.297019004821777,954.517333984375,12.852400000000001
2024-08-27 07:42:15,16168.4599609375,152.1406964111328,3.738,-1.1499999999999986,4.031,-88.0,5.508751392364502,954.3903198242188,12.9877
2024-08-27 06:42:15,16305.7890625,153.51220642089845,3.751,-1.1499999999999986,4.034,-89.0,5.817143440246582,954.5684204101562,12.918000000000001
2024-08-27 05:42:15,16400.3935546875,154.45742919921878,3.76,-1.0999999999999943,4.031,-88.0,5.793708324432373,954.650634765625,13.065600000000002
2024-08-27 04:42:15,16443.1181640625,154.88503662109375,3.767,-1.1499999999999986,4.034,-89.0,5.7647705078125,954.614501953125,12.918000000000001
2024-08-27 03:42:15,16543.826171875,155.89375854492187,3.766,-1.0999999999999943,4.031,-89.0,5.778696060180664,954.4503173828125,12.872900000000001
2024-08-27 02:42:15,16610.96484375,156.56710937500003,3.772,-1.0999999999999943,4.034,-90.0,5.783858776092529,954.25390625,12.8893
2024-08-27 01:42:15,16864.2607421875,159.09895874023437,3.773,-1.0999999999999943,4.034,-89.0,5.871824741363525,954.3648681640625,13.082
2024-08-27 00:42:15,17093.142578125,161.38784301757812,3.766,-1.1499999999999986,4.034,-88.0,5.745411396026611,954.3582763671875,13.110700000000001
2024-08-26 23:42:15,17859.1337890625,169.0479754638672,3.76,-1.1499999999999986,4.034,-89.0,5.896618843078613,954.3362426757812,13.0738
2024-08-26 22:42:15,17993.4111328125,170.39120849609375,3.765,-1.0999999999999943,4.034,-90.0,6.070106029510498,954.290283203125,13.274700000000001
2024-08-26 21:42:15,17672.9765625,167.19178100585938,3.762,-1.0999999999999943,4.031,-90.0,6.480661392211914,953.7984619140625,13.221400000000001
2024-08-26 20:42:15,17538.69921875,165.8507000732422,3.757,-1.1499999999999986,4.034,-89.0,6.556877613067627,953.6292114257812,13.2993
2024-08-26 19:42:15,17520.388671875,165.66920532226564,3.76,-1.1499999999999986,4.031,-89.0,6.770237922668457,953.4681396484375,13.5494
2024-08-26 18:42:15,17129.763671875,161.76229125976562,3.757,-1.1499999999999986,4.034,-89.0,6.988897800445557,953.5345458984375,14.992600000000001
2024-08-26 17:42:15,17114.5048828125,161.6166192626953,3.757,-1.0999999999999943,4.034,-88.0,7.153758525848389,952.8429565429688,13.9061
2024-08-26 16:42:15,16839.8466796875,158.8726092529297,3.74,-1.1499999999999986,4.034,-87.0,7.808515548706055,952.5857543945312,14.1316
2024-08-26 15:42:15,16693.3623046875,157.4066619873047,3.719,-1.0999999999999943,4.034,-88.0,8.195093154907227,952.6961059570312,14.029100000000001
2024-08-26 14:42:15,16650.6376953125,156.9820068359375,3.691,-1.1499999999999986,4.031,-87.0,8.425707817077637,952.43701171875,14.094700000000001
2024-08-26 13:42:15,16363.7724609375,154.11590881347655,3.61,-1.0999999999999943,4.031,-89.0,8.695448875427246,952.1815795898438,14.291500000000001
2024-08-26 12:42:15,16159.3046875,152.06965942382814,3.42,-1.1499999999999986,4.034,-88.0,7.631563663482666,952.3387451171875,13.9266
2024-08-26 11:42:15,16110.4765625,151.58549377441406,3.381,-1.0999999999999943,4.031,-89.0,6.240605354309082,951.9271850585938,13.5494
2024-08-26 10:42:15,16122.68359375,151.7067547607422,3.412,-1.1499999999999986,4.034,-88.0,5.268286228179932,952.0081176757812,12.959000000000001
2024-08-26 09:42:15,16156.2529296875,152.04113708496095,3.437,-1.1499999999999986,4.031,-89.0,4.807735443115234,952.1392211914062,12.8565
2024-08-26 08:42:15,16238.650390625,152.86817138671876,3.464,-1.0999999999999943,4.034,-90.0,4.458518028259277,951.833251953125,12.872900000000001
2024-08-26 07:42:15,16382.0830078125,154.30225646972656,3.489,-1.1499999999999986,4.031,-89.0,4.407505035400391,951.8573608398438,12.762200000000002
2024-08-26 06:42:15,16482.791015625,155.31057434082032,3.515,-1.1499999999999986,4.034,-89.0,4.579633712768555,951.7335815429688,12.852400000000001
2024-08-26 05:42:15,16583.4990234375,156.31862609863282,3.55,-1.1499999999999986,4.034,-88.0,4.664339542388916,951.6364135742188,13.032800000000002
2024-08-26 04:42:15,16733.03515625,157.81178466796877,3.577,-1.1499999999999986,4.034,-88.0,4.666852951049805,951.856689453125,12.926200000000001
2024-08-26 03:42:15,16876.4677734375,159.24299194335939,3.621,-1.1499999999999986,4.034,-89.0,4.632073879241943,952.1685791015625,12.983600000000001
2024-08-26 01:42:15,17108.4013671875,161.55671997070314,3.707,-1.1499999999999986,4.031,-90.0,4.981766223907471,952.7293701171875,13.123000000000001
2024-08-26 00:42:15,17282.3515625,163.29496276855468,3.754,-1.1499999999999986,4.031,-88.0,5.023201942443848,952.8552856445312,13.1353
2024-08-25 23:42:15,17593.630859375,166.40765075683592,3.777,-1.1499999999999986,4.034,-89.0,5.873387336730957,952.8657836914062,13.217300000000002
2024-08-25 22:42:15,17587.52734375,166.34412170410158,3.778,-1.0999999999999943,4.034,-89.0,6.852090835571289,953.1151733398438,13.426400000000001
2024-08-25 21:42:15,17654.666015625,167.0169226074219,3.785,-1.1499999999999986,4.031,-89.0,7.946476936340332,952.9737548828125,13.729800000000001
2024-08-25 20:42:15,18100.22265625,171.4724920654297,3.793,-1.1499999999999986,4.034,-89.0,8.807123184204102,952.9734497070312,14.0455
2024-08-25 19:42:15,18847.9033203125,178.95154418945313,3.792,-1.1499999999999986,4.034,-89.0,10.616447448730469,952.7489013671875,13.9717
2024-08-25 18:42:15,18994.3876953125,180.41608337402346,3.786,-1.1499999999999986,4.034,-90.0,11.161025047302246,952.7793579101562,14.074200000000001
2024-08-25 17:42:15,18838.748046875,178.8590411376953,3.77,-1.0999999999999943,4.034,-88.0,10.63573932647705,952.8439331054688,14.2423
2024-08-25 16:42:15,18075.80859375,171.22963439941407,3.745,-1.1499999999999986,4.034,-89.0,10.762764930725098,952.8451538085938,14.4801
2024-08-25 15:42:15,17450.1982421875,164.97008728027345,3.722,-1.1499999999999986,4.034,-87.0,9.492445945739746,953.1895141601562,14.4555
2024-08-25 14:42:15,17373.904296875,164.20448486328127,3.722,-1.0999999999999943,4.031,-88.0,8.14265251159668,953.455810546875,14.0988
2024-08-25 13:42:15,17358.6455078125,164.0493408203125,3.714,-1.0999999999999943,4.034,-88.0,6.388756275177002,953.71142578125,13.6355
2024-08-25 12:42:15,17288.455078125,163.34645874023437,3.691,-1.0999999999999943,4.034,-87.0,6.010058403015137,953.8092041015625,13.446900000000001
2024-08-25 11:42:15,17370.8525390625,164.1707360839844,3.685,-1.1499999999999986,4.031,-86.0,5.888603687286377,953.7789306640625,13.270600000000002
2024-08-25 10:42:15,17401.3701171875,164.48198242187502,3.685,-1.1499999999999986,4.034,-87.0,5.299057483673096,953.171875,12.913900000000002
2024-08-25 09:42:15,17486.8193359375,165.3361071777344,3.701,-1.1499999999999986,4.034,-87.0,5.207898139953613,953.2086181640625,13.077900000000001
2024-08-25 08:42:16,17557.009765625,166.04435546874998,3.728,-1.1499999999999986,4.034,-87.0,5.268082141876221,952.57421875,12.946700000000002
2024-08-25 07:42:16,17767.5810546875,168.15173583984375,3.729,-1.1499999999999986,4.034,-87.0,5.552088737487793,952.407470703125,12.8565
2024-08-25 06:42:16,17883.5478515625,169.31573303222655,3.728,-1.1499999999999986,4.034,-86.0,5.873456001281738,951.9745483398438,12.8688
2024-08-25 05:42:16,17740.115234375,167.88567138671877,3.721,-1.1499999999999986,4.034,-87.0,6.15032958984375,951.548095703125,12.9754
2024-08-25 04:42:16,17791.9951171875,168.40785095214844,3.714,-1.1499999999999986,4.031,-87.0,6.262750148773193,951.2100219726562,12.9426
2024-08-25 03:42:16,17694.3388671875,167.432685546875,3.722,-1.1499999999999986,4.034,-87.0,5.749962329864502,951.0703125,12.938500000000001
2024-08-25 02:42:16,18188.7236328125,172.37649108886717,3.723,-1.1499999999999986,4.034,-87.0,5.9581618309021,951.0745239257812,12.840100000000001
2024-08-25 01:42:16,18063.6015625,171.12757202148435,3.741,-1.0999999999999943,4.034,-87.0,6.008970737457275,950.8443603515625,13.0287
2024-08-25 00:42:16,17746.21875,167.95668273925781,3.77,-1.1499999999999986,4.034,-96.0,6.222603797912598,950.5504760742188,13.102500000000001
2024-08-24 23:42:16,17267.0927734375,163.16755432128906,3.753,-1.0999999999999943,4.034,-86.0,6.488948822021484,950.3373413085938,13.0533
2024-08-24 22:42:16,17178.591796875,162.28582580566408,3.766,-1.1499999999999986,4.034,-87.0,7.205384731292725,950.0092163085938,13.1722
2024-08-24 21:42:16,17654.666015625,167.04783813476564,3.78,-1.1499999999999986,4.034,-86.0,8.279187202453613,949.8822021484375,13.475600000000002
2024-08-24 20:42:16,18155.154296875,172.0553729248047,3.78,-1.0999999999999943,4.034,-87.0,10.087833404541016,949.6170043945312,14.0906
2024-08-24 19:42:16,18414.5537109375,174.65172912597654,3.778,-1.0999999999999943,4.031,-87.0,10.29773235321045,949.3807983398438,13.9799
2024-08-24 18:42:16,18304.6904296875,173.554287109375,3.772,-1.1499999999999986,4.034,-88.0,11.21142864227295,949.26171875,14.476
2024-08-24 17:42:16,17801.150390625,168.5198712158203,3.76,-1.1499999999999986,4.034,-88.0,10.797883033752441,949.1632690429688,14.4801
2024-08-24 16:42:16,17480.7158203125,165.31538940429687,3.755,-1.1499999999999986,4.031,-88.0,10.278303146362305,949.1768798828125,14.1521
2024-08-24 15:42:16,17135.8671875,161.86343566894533,3.742,-1.0499999999999972,4.034,-89.0,9.842615127563477,949.5236206054688,13.934800000000001
2024-08-24 14:42:16,17001.58984375,160.51895629882813,3.735,-1.0999999999999943,4.034,-89.0,8.912614822387695,949.6942138671875,13.856900000000001
2024-08-24 13:42:16,16678.103515625,157.28275390625,3.713,-1.0999999999999943,4.034,-89.0,8.683289527893066,949.828125,13.5494
2024-08-24 12:42:16,16534.6708984375,155.8436962890625,3.706,-1.0999999999999943,4.034,-89.0,7.768574237823486,950.30126953125,13.2132
2024-08-24 11:42:16,16559.0849609375,156.0862713623047,3.702,-1.1499999999999986,4.034,-89.0,7.699355602264404,950.4578247070312,13.012300000000002
2024-08-24 10:42:16,16598.7578125,156.48222961425782,3.691,-1.1499999999999986,4.034,-89.0,7.72340202331543,950.5348510742188,11.597800000000001
2024-08-24 09:42:16,16595.7060546875,156.44919311523438,3.666,-1.0999999999999943,4.034,-89.0,7.277048110961914,950.7867431640625,12.8893
2024-08-24 08:42:16,16540.7744140625,155.89595520019532,3.65,-1.1499999999999986,4.034,-90.0,6.886530876159668,951.1788940429688,12.983600000000001
2024-08-24 07:42:16,16562.13671875,156.10427368164062,3.658,-1.0999999999999943,4.034,-89.0,6.547910213470459,951.7093505859375,12.9221
2024-08-24 06:42:16,16678.103515625,157.26167419433594,3.656,-1.0999999999999943,4.034,-89.0,6.63485860824585,951.9360961914062,12.983600000000001
2024-08-24 05:42:16,16690.310546875,157.3831463623047,3.664,-1.1499999999999986,4.034,-90.0,6.403903961181641,951.9959106445312,12.860600000000002
2024-08-24 04:42:16,16601.8095703125,156.49361267089844,3.69,-1.1499999999999986,4.031,-89.0,6.241692066192627,952.4483032226562,13.024600000000001
2024-08-24 03:42:16,16763.552734375,158.10803833007813,3.691,-1.0999999999999943,4.034,-89.0,6.360633373260498,952.7489013671875,13.077900000000001
2024-08-24 02:42:16,16824.587890625,158.71637451171875,3.706,-1.0999999999999943,4.034,-90.0,6.434402942657471,952.950439453125,12.9959
2024-08-24 01:42:16,16842.8984375,158.8982891845703,3.72,-1.0999999999999943,4.034,-89.0,6.853586196899414,953.0695190429688,12.9344
2024-08-24 00:42:16,17032.107421875,160.79128173828124,3.717,-1.1499999999999986,4.034,-90.0,7.098804950714111,952.979248046875,13.151700000000002
2024-08-23 23:42:16,16861.208984375,159.08285400390625,3.731,-1.0999999999999943,4.034,-90.0,7.041745662689209,952.923583984375,13.0738
2024-08-23 22:42:16,16989.3828125,160.36200622558596,3.728,-1.0999999999999943,4.034,-89.0,7.660296440124512,953.1821899414062,13.3526
2024-08-23 21:42:16,16913.0888671875,159.5989324951172,3.729,-1.0999999999999943,4.034,-90.0,7.75002908706665,953.1956176757812,13.684700000000001
2024-08-23 20:42:16,16839.8466796875,158.86575744628908,3.716,-1.1499999999999986,4.034,-90.0,8.627385139465332,953.2709350585938,13.9266
2024-08-23 19:42:16,16614.0166015625,156.6107067871094,3.702,-1.0999999999999943,4.034,-91.0,8.598788261413574,952.9459228515625,14.0783
2024-08-23 18:42:16,16522.4638671875,155.69487915039065,3.682,-1.1499999999999986,4.034,-91.0,8.616787910461426,952.9759521484375,14.23
2024-08-23 17:42:16,16552.9814453125,156.002314453125,3.658,-1.0999999999999943,4.034,-90.0,8.152637481689453,952.75,14.086500000000001
2024-08-23 16:42:16,16546.8779296875,155.94312927246094,3.703,-1.0999999999999943,4.034,-91.0,8.062226295471191,952.5650024414062,13.865100000000002
2024-08-23 15:42:16,15423.8310546875,144.71179504394533,3.732,-1.0999999999999943,4.034,-92.0,7.747787952423096,952.6515502929688,13.4387
2024-08-23 14:42:16,15075.9306640625,141.2350329589844,3.728,-1.0999999999999943,4.034,-92.0,8.13844108581543,952.4273681640625,13.315700000000001
2024-08-23 13:42:16,15115.603515625,141.63652282714844,3.719,-1.1499999999999986,4.034,-92.0,8.242981910705566,951.9512329101562,13.303400000000002
2024-08-23 12:42:16,15237.673828125,142.85663696289063,3.698,-1.0999999999999943,4.034,-92.0,7.716812610626221,952.0101318359375,12.950800000000001
2024-08-23 11:42:16,14099.3681640625,131.4734704589844,3.683,-1.0999999999999943,4.034,-92.0,7.473292350769043,952.0211181640625,13.1148
2024-08-23 10:42:16,13833.865234375,128.81921508789063,3.648,-1.0,4.034,-92.0,7.117893218994141,951.9437255859375,12.8237
2024-08-23 09:42:16,14078.005859375,131.26315673828125,3.6,-1.0999999999999943,4.034,-92.0,6.845570087432861,951.690185546875,12.8442
2024-08-23 08:42:16,17929.32421875,169.77716430664063,3.581,-1.0999999999999943,4.031,-92.0,6.878786563873291,951.6077880859375,12.9016
2024-08-23 07:42:16,15133.9140625,141.82083251953125,3.642,-1.0999999999999943,4.034,-92.0,6.852363109588623,951.830810546875,12.836
2024-08-23 06:42:16,13852.17578125,129.00400939941406,3.635,-1.0999999999999943,4.034,-93.0,7.359852313995361,951.7748413085938,12.9631
2024-08-23 05:42:16,14142.0927734375,131.9047607421875,3.634,-1.0999999999999943,4.034,-93.0,7.710699558258057,951.61669921875,12.991800000000001
2024-08-23 04:42:16,14071.90234375,131.20296386718752,3.67,-1.1499999999999986,4.034,-92.0,7.387974739074707,951.60595703125,12.918000000000001
2024-08-23 03:42:16,13406.619140625,124.54487548828126,3.695,-1.0499999999999972,4.034,-92.0,7.532932281494141,952.131591796875,13.036900000000001
2024-08-23 02:42:16,13061.7705078125,121.09008483886718,3.714,-1.0499999999999972,4.034,-92.0,7.883712291717529,952.7620239257812,13.090200000000001
2024-08-23 01:42:16,13003.787109375,120.50920837402344,3.729,-1.0999999999999943,4.034,-92.0,7.945457935333252,952.8662719726562,12.9426
2024-08-23 00:42:16,12930.544921875,119.7752197265625,3.741,-1.0999999999999943,4.034,-92.0,8.350715637207031,953.02294921875,13.045100000000001
2024-08-22 23:42:16,12796.267578125,118.43446350097658,3.741,-1.0999999999999943,4.034,-92.0,8.025544166564941,952.8212280273438,13.0287
2024-08-22 22:42:16,12774.9052734375,118.21180603027344,3.748,-1.0999999999999943,4.034,-92.0,7.808515548706055,953.7246704101562,13.1353
2024-08-22 21:42:16,12884.7685546875,119.31341857910157,3.754,-1.0999999999999943,4.034,-92.0,7.865031719207764,953.4266967773438,13.3854
2024-08-22 20:42:16,13455.447265625,125.01514587402343,3.767,-1.1499999999999986,4.034,-93.0,9.029314994812012,953.9326782226562,14.029100000000001
2024-08-22 19:42:16,17294.55859375,163.40609863281253,3.765,-1.1499999999999986,4.034,-92.0,10.605307579040527,953.94873046875,14.070100000000002
2024-08-22 18:42:16,18231.4482421875,172.7711199951172,3.757,-1.0999999999999943,4.034,-92.0,13.734200477600098,954.3362426757812,14.037300000000002
2024-08-22 17:42:16,17779.7880859375,168.25319335937502,3.737,-1.0999999999999943,4.034,-92.0,12.284893035888672,954.46875,14.049600000000002
2024-08-22 16:42:16,16858.1572265625,159.0312048339844,3.704,-1.0999999999999943,4.034,-92.0,14.67486572265625,955.0367431640625,13.996300000000002
2024-08-22 15:42:16,14529.666015625,135.7404931640625,3.65,-1.0999999999999943,4.034,-92.0,15.318889617919922,955.61669921875,13.943000000000001
2024-08-22 14:42:16,11645.7548828125,106.89315185546876,3.479,-1.0499999999999972,4.034,-92.0,13.513842582702637,956.439697265625,13.963500000000002
2024-08-22 13:42:16,10928.591796875,99.71846618652344,3.24,-1.0999999999999943,4.034,-92.0,10.529365539550781,956.7451782226562,14.127500000000001
2024-08-22 12:42:16,10959.109375,100.01557678222656,3.271,-1.0999999999999943,4.034,-93.0,8.010396957397461,957.5516967773438,14.1521
2024-08-22 11:42:16,11032.3515625,100.74223449707033,3.302,-1.0999999999999943,4.034,-93.0,4.827094554901123,958.1281127929688,14.525200000000002
2024-08-22 10:42:16,11084.2314453125,101.25245361328126,3.335,-1.0999999999999943,4.034,-94.0,3.107365608215332,958.986083984375,14.644100000000002
2024-08-22 09:42:16,11255.1298828125,102.95776916503908,3.365,-1.0999999999999943,4.034,-93.0,1.3672583103179932,959.3529663085938,14.2095
2024-08-22 08:42:17,11355.837890625,103.96208435058595,3.397,-1.0999999999999943,4.034,-93.0,0.3344152867794037,959.6294555664062,13.004100000000001
2024-08-22 07:42:17,11493.1669921875,105.34053161621095,3.427,-1.0499999999999972,4.034,-92.0,0.37544432282447815,959.1138305664062,12.991800000000001
2024-08-22 06:42:17,11725.1005859375,107.66019287109376,3.458,-1.0999999999999943,4.034,-91.0,0.29780274629592896,959.081298828125,12.819600000000001
2024-08-22 05:42:17,11905.154296875,109.4675146484375,3.491,-1.0999999999999943,4.034,-91.0,0.9542565941810608,958.40283203125,12.885200000000001
2024-08-22 04:42:17,11969.2412109375,110.10980285644533,3.529,-1.0499999999999972,4.034,-90.0,1.1149059534072876,958.2609252929688,12.9754
2024-08-22 03:42:17,12066.8974609375,111.08971984863281,3.569,-1.0999999999999943,4.034,-89.0,1.1934984922409058,957.9254760742188,13.065600000000002
2024-08-22 02:42:17,12140.1396484375,111.83085876464844,3.611,-1.0999999999999943,4.034,-89.0,2.2629554271698,957.0537719726562,13.1148
2024-08-22 01:42:17,12250.0029296875,112.9344775390625,3.659,-1.0999999999999943,4.034,-90.0,4.217782020568848,956.55517578125,13.1271
2024-08-22 00:42:17,12317.1416015625,113.61370971679689,3.706,-1.0999999999999943,4.034,-90.0,5.094798564910889,955.7706298828125,13.0082
2024-08-21 23:42:17,12481.9365234375,115.26938537597657,3.732,-1.0999999999999943,4.034,-89.0,6.031930923461914,954.9979858398438,13.2132
2024-08-21 22:42:17,12701.6630859375,117.47232177734375,3.746,-1.0999999999999943,4.034,-89.0,6.8550124168396,954.430908203125,13.545300000000001
2024-08-21 21:42:17,12939.7001953125,119.85980346679689,3.755,-1.0999999999999943,4.038,-88.0,8.260711669921875,953.7198486328125,13.713400000000002
2024-08-21 20:42:17,13037.3564453125,120.8390350341797,3.76,-1.0999999999999943,4.034,-89.0,8.54104995727539,953.4529418945312,14.201300000000002
2024-08-21 19:42:17,14081.0576171875,131.28391235351563,3.766,-1.0999999999999943,4.034,-88.0,9.608603477478027,952.6663818359375,14.0004
2024-08-21 18:42:17,17557.009765625,166.04410522460938,3.758,-1.1499999999999986,4.034,-88.0,11.038212776184082,952.5992431640625,14.1644
2024-08-21 17:42:17,18417.60546875,174.65157470703127,3.733,-1.0999999999999943,4.034,-89.0,10.52902603149414,952.447998046875,14.189000000000002
2024-08-21 16:42:17,17953.73828125,170.01270935058596,3.691,-1.1499999999999986,4.034,-88.0,10.797204971313477,952.4673461914062,14.254600000000002
2024-08-21 15:42:17,16540.7744140625,155.88122863769533,3.661,-1.1499999999999986,4.034,-88.0,11.102675437927246,952.6515502929688,14.6277
2024-08-21 13:42:17,12350.7109375,113.97523742675781,3.482,-1.1499999999999986,4.034,-90.0,7.738006591796875,953.1871948242188,14.398100000000001
2024-08-21 12:42:17,12106.5703125,111.53181884765627,3.27,-1.0499999999999972,4.034,-90.0,5.995589733123779,953.388427734375,14.201300000000002
2024-08-21 11:42:17,12088.259765625,111.34482238769533,3.162,-1.0999999999999943,4.034,-89.0,4.99290657043457,953.7775268554688,13.6232
2024-08-21 10:42:17,12121.8291015625,111.68058349609376,3.106,-1.0999999999999943,4.034,-89.0,4.401187896728516,953.770751953125,13.3526
2024-08-21 09:42:17,12201.1748046875,112.47598999023438,3.165,-1.0999999999999943,4.034,-89.0,3.676668643951416,953.5758056640625,12.9303
2024-08-21 08:42:17,12311.0380859375,113.57532775878907,3.274,-1.0999999999999943,4.034,-90.0,3.4217357635498047,953.5053100585938,12.8975
2024-08-21 07:42:17,12350.7109375,113.97311279296875,3.392,-1.0999999999999943,4.034,-89.0,3.4815807342529297,953.399658203125,13.082
2024-08-21 06:42:17,12463.6259765625,115.10478942871094,3.469,-1.1499999999999986,4.034,-89.0,3.8515148162841797,953.1470336914062,13.0492
2024-08-21 05:42:17,12500.2470703125,115.47499267578125,3.53,-1.0999999999999943,4.034,-90.0,4.170233249664307,952.747802734375,13.012300000000002
2024-08-21 04:42:17,12536.8681640625,115.8430487060547,3.58,-1.0999999999999943,4.034,-89.0,4.265332221984863,952.5632934570312,13.069700000000001
2024-08-21 03:42:17,12628.4208984375,116.75948547363282,3.625,-1.0999999999999943,4.034,-90.0,4.339915752410889,952.4723510742188,13.032800000000002
2024-08-21 02:42:17,12665.0419921875,117.12802001953125,3.658,-1.0999999999999943,4.034,-90.0,4.315598011016846,952.239990234375,13.004100000000001
2024-08-21 01:42:17,12732.1806640625,117.79921752929688,3.688,-1.0999999999999943,4.034,-91.0,4.420139312744141,952.2589111328125,13.036900000000001
2024-08-21 00:42:17,12860.3544921875,119.08581970214843,3.731,-1.0999999999999943,4.034,-91.0,4.959078311920166,951.7725219726562,13.184500000000002
2024-08-20 23:42:17,13025.1494140625,120.73915832519532,3.746,-1.0999999999999943,4.034,-91.0,5.401220798492432,951.2335815429688,13.369000000000002
2024-08-20 22:42:17,13330.3251953125,123.79915527343752,3.757,-1.0499999999999972,4.034,-92.0,5.9722900390625,950.40966796875,13.545300000000001
2024-08-20 21:42:17,13748.416015625,127.98475830078125,3.762,-1.0999999999999943,4.034,-91.0,6.7305006980896,949.940185546875,14.1849
2024-08-20 20:42:17,14200.076171875,132.50505676269532,3.769,-1.1499999999999986,4.031,-92.0,7.584285736083984,949.5704956054688,14.180800000000001
2024-08-20 19:42:17,14981.326171875,140.32441040039063,3.773,-1.0999999999999943,4.034,-91.0,8.699933052062988,948.8851318359375,14.377600000000001
2024-08-20 18:42:17,15521.4873046875,145.73403259277345,3.765,-1.0999999999999943,4.034,-92.0,9.943284034729004,948.0840454101562,14.156200000000002
2024-08-20 17:42:17,14895.876953125,139.4829052734375,3.764,-1.0999999999999943,4.034,-92.0,11.822915077209473,947.58642578125,13.9471
2024-08-20 16:42:17,16198.9775390625,152.5122833251953,3.761,-1.1499999999999986,4.034,-90.0,11.133718490600586,947.7492065429688,14.053700000000001
2024-08-20 15:42:17,16147.09765625,151.99477661132812,3.739,-1.0999999999999943,4.034,-90.0,11.455561637878418,947.6199951171875,14.558000000000002
2024-08-20 14:42:17,14059.6953125,131.1200750732422,3.709,-1.0999999999999943,4.034,-90.0,10.672693252563477,947.6878051757812,14.537500000000001
2024-08-20 13:42:17,12866.4580078125,119.18600219726564,3.639,-1.0999999999999943,4.034,-90.0,8.085253715515137,947.8577880859375,14.6605
2024-08-20 12:42:17,12222.537109375,112.74425231933594,3.492,-1.0999999999999943,4.034,-91.0,7.675173282623291,948.1118774414062,14.353000000000002
2024-08-20 11:42:17,12021.12109375,110.7302325439453,3.287,-1.0499999999999972,4.034,-90.0,6.916419506072998,948.0978393554688,13.713400000000002
2024-08-20 10:42:17,11981.4482421875,110.3322509765625,3.262,-1.0499999999999972,4.034,-92.0,6.168465614318848,948.22314453125,13.0943
2024-08-20 09:42:17,12024.1728515625,110.76005981445313,3.287,-1.0499999999999972,4.034,-92.0,5.490274429321289,948.1668701171875,13.110700000000001
2024-08-20 08:42:17,12054.6904296875,111.06269653320312,3.325,-1.0999999999999943,4.034,-93.0,5.14309549331665,948.4207763671875,13.057400000000001
2024-08-20 07:42:17,12158.4501953125,112.09843322753906,3.36,-1.0499999999999972,4.034,-92.0,5.070140361785889,948.6068725585938,12.8483
2024-08-20 06:42:17,12182.8642578125,112.34275634765625,3.405,-1.0999999999999943,4.034,-92.0,5.0065598487854,948.588623046875,12.7909
2024-08-20 05:42:17,12231.6923828125,112.82927856445313,3.456,-1.0999999999999943,4.034,-93.0,5.181610107421875,948.7645263671875,12.831900000000001
2024-08-20 04:42:18,12277.46875,113.28128112792969,3.515,-1.0999999999999943,4.034,-93.0,5.138747692108154,949.3406372070312,12.950800000000001
2024-08-20 03:42:18,12399.5390625,114.50001892089844,3.561,-1.0999999999999943,4.034,-92.0,5.202396392822266,949.5371704101562,12.913900000000002
2024-08-20 02:42:18,12451.4189453125,115.01561462402344,3.611,-1.0999999999999943,4.034,-92.0,5.293758392333984,949.8574829101562,13.0738
2024-08-20 01:42:18,12579.5927734375,116.29211853027344,3.654,-1.0999999999999943,4.034,-92.0,5.509157657623291,950.3809204101562,13.098400000000002
2024-08-20 00:42:18,12665.0419921875,117.14390869140627,3.701,-1.0,4.038,-92.0,5.891252517700195,950.651123046875,13.000000000000002
2024-08-19 23:42:18,12808.474609375,118.58011779785157,3.735,-1.0999999999999943,4.034,-92.0,6.631393909454346,950.4628295898438,13.295200000000001
2024-08-19 22:42:18,12976.3212890625,120.25333618164063,3.752,-1.0999999999999943,4.034,-92.0,7.330847263336182,950.9876708984375,13.606800000000002
2024-08-19 21:42:18,13192.99609375,122.4203125,3.765,-1.0999999999999943,4.034,-92.0,7.795269966125488,950.96484375,13.9061
2024-08-19 20:42:18,13595.828125,126.44510620117188,3.771,-1.0999999999999943,4.038,-92.0,8.942231178283691,951.3175048828125,14.127500000000001
2024-08-19 19:42:18,14642.5810546875,136.91242431640626,3.781,-1.0999999999999943,4.034,-92.0,9.731688499450684,951.338623046875,14.2177
2024-08-19 18:42:18,16473.6357421875,155.21815124511718,3.778,-1.0999999999999943,4.034,-93.0,10.79272174835205,951.8206176757812,14.066
2024-08-19 17:42:18,16980.2275390625,160.28424438476563,3.767,-1.0999999999999943,4.034,-94.0,13.223518371582031,951.8031005859375,13.9266
2024-08-19 16:42:18,17181.6435546875,162.293388671875,3.738,-1.0999999999999943,4.038,-95.0,12.230141639709473,952.3046875,13.996300000000002
2024-08-19 15:42:18,15033.2060546875,140.8024871826172,3.697,-1.0999999999999943,4.034,-96.0,10.894477844238281,952.9573364257812,14.4801
2024-08-19 14:42:18,13080.0810546875,121.2659356689453,3.62,-1.0999999999999943,4.034,-96.0,9.955511093139648,953.4874877929688,14.570300000000001
2024-08-19 13:42:18,11822.7568359375,108.68943847656251,3.434,-1.0499999999999972,4.034,-95.0,8.804948806762695,953.81298828125,14.451400000000001
2024-08-19 12:42:18,11346.6826171875,103.92336669921875,3.045,-1.0499999999999972,4.038,-95.0,7.985332012176514,954.345947265625,14.476
2024-08-19 11:42:18,11383.3037109375,104.28838073730469,2.92,-1.1499999999999986,4.038,-94.0,6.779272556304932,954.4656372070312,13.832300000000002
2024-08-19 10:42:18,11572.5126953125,106.17990966796876,2.911,-1.0999999999999943,4.034,-93.0,5.331323146820068,954.521728515625,13.307500000000001
2024-08-19 09:42:18,11657.9619140625,107.03262207031251,2.956,-1.0999999999999943,4.034,-92.0,4.824173450469971,954.69970703125,13.1353
2024-08-19 08:42:18,11712.8935546875,107.58121520996096,3.021,-1.0999999999999943,4.034,-92.0,4.942368030548096,954.7720336914062,12.9549
2024-08-19 07:42:18,11783.083984375,108.27969482421877,3.089,-1.0999999999999943,4.034,-92.0,4.66087532043457,955.114501953125,13.110700000000001
2024-08-19 06:42:18,11831.912109375,108.76681457519531,3.183,-1.0499999999999972,4.038,-90.0,4.303235054016113,955.2306518554688,12.9754
2024-08-19 05:42:18,11880.740234375,109.2543182373047,3.284,-1.0999999999999943,4.034,-90.0,4.347524642944336,955.3084106445312,12.9426
2024-08-19 04:42:18,11880.740234375,109.25476196289063,3.382,-1.0999999999999943,4.038,-90.0,4.318450927734375,955.2640380859375,12.9754
2024-08-19 03:42:18,11889.8955078125,109.34550537109375,3.479,-1.0999999999999943,4.034,-89.0,4.285642147064209,955.344970703125,13.090200000000001
2024-08-19 02:42:18,11908.2060546875,109.52886657714843,3.56,-1.0499999999999972,4.034,-90.0,4.813509464263916,955.3193969726562,13.0861
2024-08-19 01:42:18,11880.740234375,109.25319274902344,3.621,-1.0499999999999972,4.034,-90.0,5.250556468963623,955.4209594726562,13.0533
2024-08-19 00:42:18,11978.396484375,110.23215698242188,3.659,-1.0999999999999943,4.034,-91.0,5.260338306427002,955.1807861328125,13.2583
2024-08-18 23:42:18,12216.43359375,112.61732055664064,3.696,-1.0999999999999943,4.034,-90.0,5.835483551025391,954.7015380859375,13.3731
2024-08-18 22:42:18,12399.5390625,114.45013610839844,3.739,-1.0999999999999943,4.034,-90.0,7.194311618804932,954.5254516601562,13.664200000000001
2024-08-18 21:42:18,12909.1826171875,119.55117004394532,3.758,-1.0999999999999943,4.038,-91.0,8.651161193847656,954.0656127929688,14.0578
2024-08-18 20:42:18,13910.1591796875,129.5661462402344,3.765,-1.0499999999999972,4.034,-92.0,10.305135726928711,953.5445556640625,14.517000000000001
2024-08-18 19:42:18,15094.2412109375,141.40991394042967,3.763,-1.0999999999999943,4.034,-91.0,12.112422943115234,953.2498168945312,14.107000000000001
2024-08-18 18:42:18,15872.439453125,149.19503540039062,3.752,-1.0999999999999943,4.038,-91.0,12.662707328796387,952.9359130859375,14.041400000000001
2024-08-18 17:42:18,17779.7880859375,168.26949462890624,3.732,-1.1499999999999986,4.034,-92.0,13.188739776611328,952.838623046875,13.9143
2024-08-18 16:42:18,18377.9326171875,174.2520526123047,3.68,-1.0999999999999943,4.034,-92.0,14.563396453857422,952.7273559570312,13.9389
2024-08-18 15:42:18,17294.55859375,163.42059387207033,3.501,-1.0999999999999943,4.038,-92.0,14.211325645446777,952.4992065429688,13.9471
2024-08-18 14:42:18,13540.896484375,125.87734008789063,3.322,-1.0499999999999972,4.034,-91.0,10.441330909729004,953.1624755859375,14.0906
2024-08-18 13:42:18,10638.6748046875,96.85236083984375,2.801,-1.0499999999999972,4.038,-92.0,8.729480743408203,953.438720703125,14.570300000000001
2024-08-18 12:42:18,10345.7060546875,93.92113708496095,2.611,-1.0999999999999943,4.034,-92.0,6.888772964477539,953.5923461914062,14.6933
2024-08-18 11:42:18,10330.447265625,93.76535888671876,2.618,-1.0999999999999943,4.038,-91.0,5.140988826751709,953.911376953125,14.193100000000001
2024-08-18 10:42:18,10330.447265625,93.76534423828126,2.659,-1.0999999999999943,4.034,-91.0,4.183138370513916,953.912841796875,14.221800000000002
2024-08-18 09:42:18,10440.310546875,94.8666650390625,2.699,-1.0999999999999943,4.034,-91.0,4.716304779052734,953.64404296875,14.5539
2024-08-18 08:42:18,10467.7763671875,95.13911376953125,2.769,-1.0999999999999943,4.034,-92.0,3.86116099357605,953.864990234375,12.983600000000001
2024-08-18 07:42:18,10428.103515625,94.74560546875,2.891,-1.0499999999999972,4.034,-93.0,4.238296031951904,953.54296875,12.938500000000001
2024-08-18 06:42:18,10632.5712890625,96.78871154785156,3.005,-1.0499999999999972,4.034,-92.0,4.640904426574707,953.7001342773438,13.0082
2024-08-18 05:42:18,10678.34765625,97.24689392089844,3.187,-1.0999999999999943,4.038,-93.0,4.722757339477539,953.6582641601562,12.9344
2024-08-18 04:42:18,10687.5029296875,97.33577148437502,3.361,-1.0499999999999972,4.034,-93.0,4.687366962432861,953.92578125,12.9549
2024-08-18 03:42:18,10641.7265625,96.8762860107422,3.424,-1.0499999999999972,4.038,-94.0,4.76072883605957,954.0979614257812,12.9549
2024-08-18 02:42:18,10791.2626953125,98.37058166503907,3.465,-1.0499999999999972,4.034,-96.0,4.750880241394043,954.2045288085938,13.024600000000001
2024-08-18 01:42:18,10989.626953125,100.35278503417969,3.524,-1.0499999999999972,4.038,-96.0,4.706455230712891,954.3484497070312,13.1353
2024-08-18 00:42:18,11322.2685546875,103.67641967773437,3.625,-1.0999999999999943,4.034,-96.0,5.088481426239014,954.6265869140625,13.0615
2024-08-17 23:42:18,12939.7001953125,119.8563299560547,3.732,-1.0999999999999943,4.034,-96.0,6.355063438415527,954.0671997070312,13.3444
2024-08-17 22:42:18,17978.15234375,170.24216430664063,3.722,-1.1499999999999986,4.038,-97.0,6.858205795288086,953.9359130859375,13.541200000000002
2024-08-17 21:42:18,19912.966796875,189.5919775390625,3.706,-1.1499999999999986,4.034,-96.0,8.054957389831543,953.76904296875,14.061900000000001
2024-08-17 20:42:18,20990.2373046875,200.3649432373047,3.693,-1.1999999999999957,4.034,-96.0,8.964035987854004,953.7429809570312,13.7954
2024-08-17 19:42:18,21167.2392578125,202.13942687988282,3.585,-1.1499999999999986,4.038,-96.0,10.980813026428223,953.2965698242188,14.582600000000001
2024-08-17 18:42:18,20410.4033203125,194.56623779296876,3.493,-1.1499999999999986,4.038,-96.0,10.684444427490234,953.779541015625,14.107000000000001
2024-08-17 17:42:18,18838.748046875,178.8523583984375,3.381,-1.1499999999999986,4.034,-96.0,13.185344696044922,953.51220703125,14.029100000000001
2024-08-17 16:42:18,16733.03515625,157.7935955810547,3.249,-1.0999999999999943,4.034,-97.0,13.441771507263184,953.6755981445312,14.5211
2024-08-17 15:42:18,14157.3515625,132.02850463867188,3.085,-1.0999999999999943,4.034,-96.0,10.712498664855957,954.5010986328125,14.492400000000002
2024-08-17 14:42:18,10507.44921875,95.52679077148439,2.979,-1.0499999999999972,4.038,-96.0,10.121662139892578,954.7701416015625,14.5662
2024-08-17 13:42:18,9118.8994140625,81.63618347167969,2.962,-1.0499999999999972,4.038,-97.0,8.991750717163086,955.2810668945312,14.512900000000002
2024-08-17 12:42:18,8694.705078125,77.39609130859375,2.969,-1.0,4.034,-96.0,8.316344261169434,955.095947265625,14.320200000000002
2024-08-17 11:42:18,8499.392578125,75.43649291992188,2.981,-1.0499999999999972,4.038,-95.0,6.522709846496582,955.7432861328125,13.578100000000001
2024-08-17 10:42:18,8325.4423828125,73.69830993652344,3.009,-1.0499999999999972,4.034,-93.0,5.321677207946777,955.6113891601562,13.41
2024-08-17 09:42:19,8310.18359375,73.54370300292969,3.056,-1.0499999999999972,4.034,-92.0,4.499682426452637,955.8132934570312,12.9959
2024-08-17 08:42:19,8453.6162109375,74.98027587890626,3.108,-1.0999999999999943,4.034,-91.0,4.036618709564209,955.588623046875,12.881100000000002
2024-08-17 07:42:19,8517.703125,75.62006225585938,3.162,-1.0999999999999943,4.038,-90.0,3.985740900039673,955.6968994140625,12.9426
2024-08-17 06:42:19,8642.8251953125,76.87298645019533,3.221,-1.0499999999999972,4.038,-91.0,3.7790355682373047,955.5265502929688,13.0861
2024-08-17 05:42:19,8767.947265625,78.12416320800781,3.281,-1.0499999999999972,4.038,-92.0,3.9731054306030273,955.5309448242188,12.852400000000001
2024-08-17 04:42:19,8944.94921875,79.89418273925781,3.345,-1.0499999999999972,4.038,-91.0,3.9255566596984863,955.5309448242188,12.9754
2024-08-17 03:42:19,9146.365234375,81.90870239257814,3.41,-1.0499999999999972,4.038,-93.0,3.599299430847168,955.4949951171875,13.1271
2024-08-17 02:42:19,9335.57421875,83.79936096191408,3.49,-1.0999999999999943,4.038,-93.0,3.5018224716186523,955.6381225585938,12.9959
2024-08-17 01:42:19,10281.619140625,93.26116027832032,3.675,-1.0999999999999943,4.038,-96.0,3.2484521865844727,955.5031127929688,13.2009
2024-08-17 00:42:19,16852.0537109375,158.96836059570313,3.688,-1.1499999999999986,4.034,-98.0,3.2566027641296387,955.2176513671875,13.1599
2024-08-16 23:42:19,18606.814453125,176.52157409667967,3.688,-1.0999999999999943,4.038,-98.0,5.459230899810791,954.6570434570312,13.3444
2024-08-16 22:42:19,19482.6689453125,185.28393493652345,3.693,-1.1499999999999986,4.038,-98.0,7.489798545837402,954.2754516601562,13.7216
2024-08-16 21:42:19,19925.173828125,189.71617126464847,3.712,-1.1999999999999957,4.034,-98.0,9.237513542175293,953.5567016601562,14.0578
2024-08-16 20:42:19,20273.07421875,193.19508605957031,3.724,-1.1499999999999986,4.038,-97.0,10.458992004394531,953.5656127929688,14.1439
2024-08-16 19:42:19,20736.94140625,197.83942993164064,3.724,-1.1499999999999986,4.038,-96.0,11.502431869506836,952.9984130859375,14.061900000000001
2024-08-16 18:42:19,21231.326171875,202.78441040039064,3.707,-1.1499999999999986,4.034,-96.0,11.90279769897461,952.8851318359375,14.0988
2024-08-16 17:42:19,21368.6552734375,204.15696228027343,3.674,-1.0999999999999943,4.034,-96.0,12.418437957763672,952.9590454101562,14.016800000000002
2024-08-16 16:42:19,21243.533203125,202.90845703125,3.426,-1.1999999999999957,4.038,-94.0,13.722992897033691,952.6875,13.955300000000001
2024-08-16 15:42:19,18719.7294921875,177.6689025878906,3.281,-1.0999999999999943,4.034,-94.0,11.367866516113281,952.8392333984375,14.037300000000002
2024-08-16 14:42:19,16168.4599609375,152.15492126464846,3.053,-1.0999999999999943,4.038,-93.0,10.979863166809082,952.9678344726562,14.5334
2024-08-16 13:42:19,12164.5537109375,112.11364807128908,2.965,-1.0499999999999972,4.038,-92.0,9.268759727478027,953.1889038085938,14.418600000000001
2024-08-16 12:42:19,9665.1640625,87.11587951660157,2.978,-1.0999999999999943,4.038,-93.0,6.965870380401611,953.5761108398438,14.4883
2024-08-16 11:42:19,9244.021484375,82.90369140625,3.021,-1.0499999999999972,4.038,-93.0,5.79771614074707,953.65234375,14.5211
2024-08-16 10:42:19,9030.3984375,80.76589660644531,3.074,-1.0499999999999972,4.038,-95.0,4.527260780334473,953.8087768554688,13.492
2024-08-16 09:42:19,8795.4130859375,78.41707153320313,3.121,-1.0499999999999972,4.034,-96.0,4.044566631317139,953.7059326171875,12.9754
2024-08-16 08:42:19,8624.5146484375,76.70971069335937,3.171,-1.0499999999999972,4.038,-101.0,3.891864061355591,953.5435791015625,12.926200000000001
2024-08-16 07:42:19,8450.564453125,74.97188049316406,3.223,-1.0499999999999972,4.034,-105.0,3.731351375579834,953.3764038085938,12.9672
2024-08-16 06:42:19,8288.8212890625,73.35505676269533,3.277,-1.0499999999999972,4.034,-99.0,3.408897638320923,953.3156127929688,13.0287
2024-08-16 05:42:19,8200.3203125,72.47033569335939,3.329,-1.0499999999999972,4.038,-97.0,3.7805981636047363,953.2867431640625,12.918000000000001
2024-08-16 04:42:19,8294.9248046875,73.41708740234375,3.373,-1.0499999999999972,4.034,-95.0,4.022353649139404,953.216064453125,13.0205
2024-08-16 03:42:19,8432.25390625,74.79022521972657,3.419,-1.0499999999999972,4.034,-95.0,4.115890026092529,953.2313842773438,12.9754
2024-08-16 02:42:19,8575.6865234375,76.22204833984375,3.461,-1.0999999999999943,4.038,-95.0,4.196384429931641,953.481689453125,13.0205
2024-08-16 01:42:19,8798.46484375,78.449453125,3.509,-1.0499999999999972,4.034,-95.0,4.436577320098877,953.51953125,12.979500000000002
2024-08-16 00:42:19,9002.9326171875,80.49380432128906,3.565,-1.0499999999999972,4.034,-94.0,4.778254508972168,953.5521850585938,13.0861
2024-08-15 23:42:19,9390.505859375,84.37516967773439,3.602,-1.0499999999999972,4.034,-94.0,5.634009838104248,952.9888916015625,13.1804
2024-08-15 22:42:19,9790.2861328125,88.37577087402344,3.637,-1.0999999999999943,4.034,-93.0,6.960029125213623,952.7090454101562,13.8077
2024-08-15 21:42:19,10208.376953125,92.55934936523438,3.645,-1.0499999999999972,4.038,-93.0,8.061139106750488,952.4420166015625,14.4473
2024-08-15 20:42:19,10122.927734375,91.70560363769532,3.648,-1.0999999999999943,4.038,-93.0,8.260778427124023,952.3673706054688,14.484200000000001
2024-08-15 19:42:19,11349.734375,103.97464538574219,3.674,-1.0999999999999943,4.038,-92.0,7.593455791473389,952.2698364257812,14.3489
2024-08-15 18:42:19,14752.4443359375,138.0068603515625,3.658,-1.0999999999999943,4.038,-93.0,9.060358047485352,951.75830078125,14.418600000000001
2024-08-15 17:42:19,15365.84765625,144.14425170898437,3.618,-1.0999999999999943,4.038,-93.0,10.414092063903809,951.4224853515625,14.582600000000001
2024-08-15 16:42:19,15020.9990234375,140.69820129394532,3.582,-1.0999999999999943,4.038,-93.0,9.389128684997559,951.1788940429688,14.3899
2024-08-15 15:42:19,13748.416015625,127.97324584960938,3.528,-1.0499999999999972,4.038,-93.0,9.286285400390625,951.0914306640625,14.476
2024-08-15 14:42:19,10220.583984375,92.69616455078125,3.485,-1.0499999999999972,4.038,-93.0,8.909762382507324,950.967529296875,14.5088
2024-08-15 13:42:19,9674.3193359375,87.23394958496094,3.434,-1.0999999999999943,4.038,-93.0,6.165612697601318,950.9243774414062,13.713400000000002
2024-08-15 12:42:19,9646.853515625,86.9612646484375,3.457,-1.0499999999999972,4.034,-93.0,5.738821983337402,950.72705078125,13.1722
2024-08-15 11:42:19,9771.9755859375,88.22007934570314,3.457,-1.0499999999999972,4.034,-93.0,5.387431621551514,949.9676513671875,13.012300000000002
2024-08-15 10:42:19,9958.1328125,90.08803466796876,3.465,-1.0499999999999972,4.034,-93.0,5.279290676116943,949.329345703125,12.971300000000001
2024-08-15 09:42:19,10138.1865234375,91.89532287597658,3.479,-1.0999999999999943,4.038,-93.0,4.98822021484375,948.6542358398438,12.979500000000002
2024-08-15 08:42:19,10397.5859375,94.49720153808593,3.481,-1.0999999999999943,4.038,-93.0,5.15858268737793,947.8657836914062,12.983600000000001
2024-08-15 07:42:19,10669.1923828125,97.21907531738282,3.466,-1.0999999999999943,4.038,-92.0,5.340222358703613,947.2848510742188,12.786800000000001
2024-08-15 06:42:19,10904.177734375,99.5772119140625,3.499,-1.0499999999999972,4.038,-92.0,5.695620059967041,946.45654296875,12.959000000000001
2024-08-15 05:42:19,11160.525390625,102.14832580566407,3.5,-1.0999999999999943,4.038,-92.0,5.795814037322998,945.6928100585938,13.036900000000001
2024-08-15 04:42:19,11487.0634765625,105.41886779785158,3.49,-1.0999999999999943,4.041,-92.0,5.941655158996582,945.1766967773438,12.8155
2024-08-15 03:42:19,12005.8623046875,110.6151092529297,3.449,-1.0499999999999972,4.038,-91.0,6.1656813621521,944.3513793945312,12.946700000000002
2024-08-15 02:42:20,13785.037109375,128.40891357421876,3.397,-1.0999999999999943,4.038,-91.0,6.0631103515625,944.145751953125,12.8893
2024-08-15 01:42:20,17666.873046875,167.2277166748047,3.446,-1.0999999999999943,4.038,-91.0,6.023847579956055,944.1013793945312,12.864700000000001
2024-08-15 00:42:20,16641.482421875,156.9791680908203,3.519,-1.1499999999999986,4.038,-91.0,6.440924167633057,943.5656127929688,12.9344
2024-08-14 23:42:20,16086.0625,151.42356567382814,3.59,-1.0999999999999943,4.041,-92.0,6.732470512390137,943.7059326171875,13.1476
2024-08-14 22:42:20,13379.1533203125,124.35508972167969,3.623,-1.0999999999999943,4.034,-91.0,7.169382095336914,943.6443481445312,12.991800000000001
2024-08-14 21:42:20,15210.2080078125,142.66954406738282,3.654,-1.0999999999999943,4.038,-92.0,7.24641227722168,943.2536010742188,13.303400000000002
2024-08-14 20:42:20,13888.796875,129.45501220703125,3.671,-1.0999999999999943,4.038,-91.0,7.424655914306641,943.295654296875,13.3772
2024-08-14 19:42:20,12735.232421875,117.91869445800782,3.667,-1.0999999999999943,4.038,-91.0,8.382641792297363,943.3629760742188,14.029100000000001
2024-08-14 18:42:20,11718.9970703125,107.75846618652345,3.661,-1.0999999999999943,4.038,-91.0,9.142278671264648,943.1504516601562,14.398100000000001
2024-08-14 17:42:20,11548.0986328125,106.04643005371095,3.65,-1.0999999999999943,4.038,-91.0,8.537856101989746,943.4556274414062,14.074200000000001
2024-08-14 16:42:20,11627.4443359375,106.8359246826172,3.638,-1.0999999999999943,4.038,-92.0,8.747754096984863,943.8518676757812,14.0332
2024-08-14 15:42:20,11627.4443359375,106.83256530761719,3.614,-1.0999999999999943,4.038,-91.0,8.670859336853027,944.1878051757812,13.9184
2024-08-14 14:42:20,11682.3759765625,107.37881469726562,3.585,-1.0999999999999943,4.041,-91.0,8.328095436096191,944.4945068359375,13.664200000000001
2024-08-14 13:42:20,11706.7900390625,107.62191162109376,3.549,-1.0499999999999972,4.038,-91.0,8.345756530761719,944.598876953125,13.578100000000001
2024-08-14 12:42:20,11795.291015625,108.50551147460939,3.537,-1.0999999999999943,4.038,-91.0,7.525460243225098,944.7398681640625,13.143500000000001
2024-08-14 11:42:20,11920.4130859375,109.75409179687502,3.522,-1.0999999999999943,4.038,-91.0,7.294913291931152,945.00390625,13.024600000000001
2024-08-14 10:42:20,12109.6220703125,111.64943298339844,3.513,-1.0999999999999943,4.034,-92.0,7.146219253540039,944.6787719726562,12.9344
2024-08-14 09:42:20,12317.1416015625,113.72365356445313,3.49,-1.0999999999999943,4.038,-92.0,7.00567626953125,944.7762451171875,12.938500000000001
2024-08-14 08:42:20,12564.333984375,116.19227600097658,3.547,-1.0499999999999972,4.038,-92.0,7.055059909820557,945.1063842773438,12.971300000000001
2024-08-14 07:42:20,12829.8369140625,118.8475048828125,3.557,-1.0999999999999943,4.038,-92.0,6.693887710571289,945.08642578125,13.0082
2024-08-14 06:42:20,13135.0126953125,121.89693298339844,3.549,-1.0999999999999943,4.038,-92.0,7.16055154800415,945.3193969726562,12.881100000000002
2024-08-14 05:42:20,13473.7578125,125.2865155029297,3.472,-1.0999999999999943,4.038,-92.0,7.347965240478516,945.1062622070312,13.0082
2024-08-14 04:42:20,13855.2275390625,129.09749755859374,3.582,-1.0499999999999972,4.041,-92.0,7.2835693359375,945.477783203125,12.881100000000002
2024-08-14 03:42:20,14413.69921875,134.67914245605468,3.605,-1.0999999999999943,4.034,-93.0,7.154573917388916,945.7849731445312,12.950800000000001
2024-08-14 02:42:20,14901.98046875,139.56130126953124,3.628,-1.1499999999999986,4.038,-93.0,7.057030200958252,945.850341796875,13.0533
2024-08-14 01:42:20,15396.365234375,144.50127746582032,3.66,-1.0999999999999943,4.038,-93.0,6.581128120422363,946.2374877929688,13.131200000000002
2024-08-14 00:42:20,15820.5595703125,148.7458660888672,3.698,-1.0999999999999943,4.041,-93.0,7.223249435424805,945.9729614257812,13.032800000000002
2024-08-13 23:42:20,16092.166015625,151.46443359375002,3.732,-1.0999999999999943,4.034,-93.0,9.62042236328125,945.72265625,13.598600000000001
2024-08-13 22:42:20,16180.6669921875,152.3534307861328,3.754,-1.0999999999999943,4.041,-93.0,11.210680961608887,945.3239135742188,13.902000000000001
2024-08-13 21:42:20,16134.890625,151.8923095703125,3.766,-1.0999999999999943,4.038,-93.0,12.378564834594727,945.65966796875,14.0783
2024-08-13 20:42:20,15982.302734375,150.36876770019532,3.771,-1.0999999999999943,4.038,-92.0,14.223689079284668,945.4259643554688,13.9266
2024-08-13 19:42:20,15646.609375,147.007578125,3.773,-1.0999999999999943,4.038,-93.0,15.258569717407227,945.8515625,14.029100000000001
2024-08-13 18:42:20,15252.9326171875,143.0696356201172,3.76,-1.0499999999999972,4.038,-92.0,15.097308158874512,945.9690551757812,13.897900000000002
2024-08-13 17:42:20,14807.3759765625,138.61003662109374,3.762,-1.0999999999999943,4.041,-92.0,15.221277236938477,946.372314453125,13.9061
2024-08-13 16:42:20,14404.5439453125,134.5794940185547,3.749,-1.0499999999999972,4.041,-91.0,14.906091690063477,946.5945434570312,13.967600000000001
2024-08-13 15:42:20,13974.24609375,130.2715002441406,3.741,-1.0499999999999972,4.041,-91.0,15.034475326538086,947.0960693359375,13.967600000000001
2024-08-13 14:42:20,13769.7783203125,128.22286743164062,3.726,-1.0999999999999943,4.041,-92.0,14.743608474731445,947.4915771484375,13.861
2024-08-13 13:42:20,13626.345703125,126.78217712402343,3.693,-1.0999999999999943,4.038,-91.0,13.686379432678223,948.1279907226562,13.9471
2024-08-13 12:42:20,13574.4658203125,126.25669860839844,3.659,-1.1499999999999986,4.038,-91.0,11.609350204467773,948.7959594726562,13.963500000000002
2024-08-13 11:42:20,13739.2607421875,127.90191833496094,3.537,-1.0999999999999943,4.038,-92.0,10.163098335266113,949.0689086914062,14.0455
2024-08-13 10:42:20,13974.24609375,130.2462908935547,3.533,-1.0999999999999943,4.038,-92.0,8.989984512329102,949.6170043945312,14.549800000000001
2024-08-13 09:42:20,14319.0947265625,133.69370056152346,3.554,-1.0999999999999943,4.041,-92.0,8.10970687866211,949.7246704101562,14.426800000000002
2024-08-13 08:42:20,14627.322265625,136.77062438964845,3.578,-1.0999999999999943,4.038,-92.0,6.762902736663818,950.2598266601562,14.053700000000001
2024-08-13 07:42:20,14920.291015625,139.69838195800781,3.602,-1.0999999999999943,4.041,-92.0,6.260847091674805,950.4528198242188,12.9426
2024-08-13 06:42:20,15231.5703125,142.80973266601563,3.629,-1.1499999999999986,4.041,-92.0,6.390657901763916,950.5970458984375,13.032800000000002
2024-08-13 05:42:20,15573.3671875,146.2294451904297,3.66,-1.0999999999999943,4.038,-92.0,6.909286975860596,950.4226684570312,13.0861
2024-08-13 04:42:20,15973.1474609375,150.2247998046875,3.696,-1.1499999999999986,4.034,-92.0,7.139969348907471,950.66748046875,13.0164
2024-08-13 03:42:20,16391.23828125,154.40537475585938,3.721,-1.0999999999999943,4.038,-93.0,7.671097278594971,950.7008056640625,12.918000000000001
2024-08-13 02:42:20,16824.587890625,158.73626342773437,3.741,-1.1499999999999986,4.038,-93.0,8.21757698059082,950.9615478515625,13.0861
2024-08-13 01:42:20,17224.3681640625,162.73086730957033,3.754,-1.1499999999999986,4.041,-93.0,8.696399688720703,951.2814331054688,13.1681
2024-08-13 00:42:20,17541.7509765625,165.90640380859378,3.769,-1.1499999999999986,4.038,-93.0,9.839964866638184,951.110595703125,13.1599
2024-08-12 23:42:20,17849.978515625,168.99441955566405,3.782,-1.1499999999999986,4.038,-92.0,10.87097454071045,950.5365600585938,13.594500000000002
2024-08-12 22:42:20,18017.8251953125,170.67515380859376,3.793,-1.0999999999999943,4.038,-92.0,11.908910751342773,950.309814453125,14.070100000000002
2024-08-12 21:42:20,18274.1728515625,173.23628479003906,3.798,-1.0999999999999943,4.038,-92.0,12.809974670410156,950.5443725585938,13.943000000000001
2024-08-12 20:42:20,18582.400390625,176.3177960205078,3.8,-1.1499999999999986,4.038,-92.0,13.711377143859863,950.6207885742188,13.930700000000002
2024-08-12 19:42:20,18487.7958984375,175.37394775390626,3.799,-1.1499999999999986,4.038,-91.0,14.141631126403809,950.401123046875,14.0332
2024-08-12 18:42:20,17914.0654296875,169.63181518554688,3.799,-1.0999999999999943,4.038,-91.0,14.473662376403809,950.8839111328125,13.934800000000001
2024-08-12 17:42:20,17495.974609375,165.45155700683594,3.799,-1.0999999999999943,4.038,-91.0,14.460417747497559,950.8189086914062,14.066
2024-08-12 16:42:20,16955.8134765625,160.04847717285156,3.798,-1.0999999999999943,4.038,-92.0,14.253984451293945,950.9657592773438,14.086500000000001
2024-08-12 15:42:20,16287.478515625,153.3632067871094,3.794,-1.0999999999999943,4.038,-92.0,14.042049407958984,951.1578369140625,13.9143
timestamp,pressure_mBar,mh20_m,conductivity_raw_V,temperature_C,battery_V,rssi_dBm,temperature_logger_C,pressure_logger_mBar,voltage_logger_V
2024-09-08 21:15:07,979.9130859374999,0.09356079101562442,3.483,-1.0999999999999943,4.044,-92.0,7.462151050567627,970.5570068359375,14.23
2024-09-08 20:45:07,986.0166015624999,0.15583801269531183,3.484,-1.0999999999999943,4.044,-93.0,7.96026611328125,970.4328002929688,13.9717
2024-09-08 19:45:06,979.9130859374999,0.09902954101562389,3.483,-1.0999999999999943,4.044,-93.0,9.89172649383545,970.0101318359375,14.135700000000002
2024-09-08 18:45:06,979.9130859374999,0.10980407714843654,3.49,-1.0999999999999943,4.044,-94.0,15.457393646240234,968.9326782226562,13.967600000000001
2024-09-08 17:45:06,976.8613281249999,0.08248229980468702,3.491,-1.0999999999999943,4.044,-96.0,15.084197998046875,968.6130981445312,14.008600000000001
2024-09-08 16:45:06,979.9130859374999,0.11204345703124896,3.492,-1.0999999999999943,4.044,-96.0,10.965529441833496,968.708740234375,13.889700000000001
2024-09-08 15:45:05,976.8613281249999,0.08017395019531137,3.496,-1.0999999999999943,4.044,-96.0,8.966482162475586,968.8439331054688,14.086500000000001
2024-09-08 14:45:05,976.8613281249999,0.07814147949218642,3.494,-1.0999999999999943,4.044,-95.0,8.228105545043945,969.0471801757812,14.6072
2024-09-08 13:45:05,979.9130859374999,0.107343139648437,3.497,-1.0499999999999972,4.044,-96.0,6.349697113037109,969.1787719726562,14.4227
2024-09-08 12:45:05,979.9130859374999,0.10499023437499977,3.498,-1.0999999999999943,4.044,-95.0,5.057981014251709,969.4140625,13.7954
2024-09-08 11:45:05,979.9130859374999,0.1078930664062494,3.498,-1.0999999999999943,4.044,-95.0,4.896517276763916,969.123779296875,13.811800000000002
2024-09-08 10:45:05,982.9648437499999,0.13422668457031217,3.497,-1.0499999999999972,4.044,-95.0,4.156171798706055,969.5421752929688,13.0492
2024-09-08 09:45:05,979.9130859374999,0.10267761230468686,3.498,-1.0999999999999943,4.044,-95.0,3.6295275688171387,969.6453247070312,12.991800000000001
2024-09-08 08:45:05,979.9130859374999,0.10332458496093655,3.505,-1.0999999999999943,4.044,-95.0,3.556436777114868,969.5806274414062,12.979500000000002
2024-09-08 07:45:05,982.9648437499999,0.13584716796874896,3.506,-1.1499999999999986,4.044,-95.0,3.6568334102630615,969.380126953125,12.918000000000001
2024-09-08 06:45:05,979.9130859374999,0.10577636718749894,3.5,-1.0999999999999943,4.044,-94.0,3.7378039360046387,969.33544921875,12.885200000000001
2024-09-08 05:45:05,979.9130859374999,0.10252441406249924,3.499,-1.1499999999999986,4.044,-94.0,3.80987548828125,969.66064453125,12.836
2024-09-08 04:45:05,982.9648437499999,0.12899658203124886,3.498,-1.0999999999999943,4.044,-94.0,3.610031843185425,970.065185546875,13.032800000000002
2024-09-08 03:45:05,979.9130859374999,0.09325561523437442,3.499,-1.0999999999999943,4.044,-93.0,3.701122999191284,970.5875244140625,13.0205
2024-09-08 02:45:05,979.9130859374999,0.09235717773437457,3.502,-1.0999999999999943,4.044,-94.0,3.6360485553741455,970.6773681640625,12.9426
2024-09-08 01:45:05,979.9130859374999,0.08678100585937432,3.501,-1.0999999999999943,4.044,-93.0,3.813408136367798,971.2349853515625,13.041
2024-09-08 00:45:05,979.9130859374999,0.08576354980468714,3.499,-1.0999999999999943,4.044,-93.0,4.077307224273682,971.3367309570312,12.979500000000002
2024-09-07 23:45:05,979.9130859374999,0.08807617187499894,3.502,-1.0499999999999972,4.044,-92.0,4.810384750366211,971.10546875,13.2132
2024-09-07 22:45:05,982.9648437499999,0.11878417968749888,3.501,-1.1499999999999986,4.044,-92.0,5.802402496337891,971.08642578125,13.2583
2024-09-07 21:45:05,979.9130859374999,0.08890563964843667,3.502,-1.0499999999999972,4.048,-91.0,7.271885871887207,971.0225219726562,13.7667
2024-09-07 20:45:05,982.9648437499999,0.12154235839843652,3.501,-1.0999999999999943,4.044,-90.0,7.740790843963623,970.8106079101562,14.107000000000001
2024-09-07 19:45:05,979.9130859374999,0.0903637695312498,3.499,-1.1499999999999986,4.044,-90.0,9.024763107299805,970.876708984375,14.0455
2024-09-07 18:45:05,979.9130859374999,0.09178222656249901,3.501,-1.0999999999999943,4.044,-89.0,10.252490997314453,970.73486328125,14.082400000000002
2024-09-07 17:45:04,979.9130859374999,0.09072021484374915,3.499,-1.0999999999999943,4.044,-87.0,9.848116874694824,970.841064453125,14.225900000000001
2024-09-07 16:45:04,979.9130859374999,0.09136657714843732,3.501,-1.1499999999999986,4.044,-89.0,9.850290298461914,970.7764282226562,14.5088
2024-09-07 15:45:04,982.9648437499999,0.11865783691406229,3.499,-1.0999999999999943,4.044,-88.0,7.552020072937012,971.0990600585938,14.5949
2024-09-07 14:45:04,979.9130859374999,0.08766357421874926,3.501,-1.1499999999999986,4.044,-88.0,5.748603343963623,971.146728515625,13.8733
2024-09-07 13:45:04,1065.3623046875,0.9403717041015625,3.272,-1.1499999999999986,4.044,-83.0,5.236291408538818,971.3251342773438,13.606800000000002
2024-09-07 12:45:04,1147.759765625,1.768128662109375,3.274,-1.0999999999999943,4.044,-81.0,4.681729793548584,970.9468994140625,13.3772
2024-09-07 11:45:04,1248.4677734375,2.778587036132812,3.269,-1.0999999999999943,4.044,-80.0,4.375647068023682,970.6090698242188,13.1394
2024-09-07 10:45:04,1364.4345703125,3.942039184570313,3.27,-1.1499999999999986,4.044,-80.0,3.983294725418091,970.2306518554688,13.0861
2024-09-07 09:45:04,1440.728515625,4.7098931884765625,3.295,-1.0999999999999943,4.044,-80.0,3.6240930557250977,969.7391967773438,12.9098
2024-09-07 08:45:04,1568.90234375,5.99953125,3.28,-1.0999999999999943,4.044,-81.0,3.581230401992798,968.94921875,12.926200000000001
2024-09-07 07:45:04,1758.111328125,7.899265136718751,3.28,-1.0999999999999943,4.044,-81.0,3.6274890899658203,968.184814453125,12.9221
2024-09-07 06:45:04,1874.078125,9.070438842773438,3.278,-1.0999999999999943,4.044,-81.0,3.656970262527466,967.0342407226562,13.0533
2024-09-07 05:45:04,2002.251953125,10.359933471679687,3.281,-1.0999999999999943,4.044,-82.0,3.7125353813171387,966.2586059570312,12.831900000000001
2024-09-07 04:45:04,2115.1669921875,11.496446533203123,3.282,-0.9499999999999957,4.044,-81.0,3.754514217376709,965.5223388671875,13.065600000000002
2024-09-07 03:45:04,2225.0302734375,12.606416625976564,3.288,-1.0999999999999943,4.044,-81.0,3.7678284645080566,964.3886108398438,12.8565
2024-09-07 02:45:04,2359.3076171875,13.955587158203127,3.29,-1.0999999999999943,4.044,-81.0,3.7685070037841797,963.7489013671875,12.926200000000001
2024-09-07 01:45:04,2463.0673828125,14.999667358398439,3.29,-1.0999999999999943,4.044,-81.0,3.830118417739868,963.1006469726562,12.9959
2024-09-07 00:45:04,2646.1728515625,16.841080322265626,3.289,-1.0999999999999943,4.044,-82.0,3.9805102348327637,962.0648193359375,12.950800000000001
2024-09-06 23:45:04,2752.984375,17.924385986328126,3.29,-1.0999999999999943,4.044,-81.0,4.199509143829346,960.5457763671875,13.0164
2024-09-06 22:45:04,2832.330078125,18.725831909179686,3.289,-1.0999999999999943,4.044,-81.0,4.349833965301514,959.7468872070312,13.0943
2024-09-06 21:45:04,2914.7275390625,19.559253540039062,3.293,-1.1499999999999986,4.044,-81.0,4.559731483459473,958.8021850585938,13.0943
2024-09-06 20:45:04,3100.884765625,21.430258789062503,3.294,-1.0999999999999943,4.044,-83.0,4.695518970489502,957.85888671875,13.098400000000002
2024-09-06 19:45:04,3244.3173828125,22.87630065917969,3.293,-1.0999999999999943,4.044,-80.0,5.182696342468262,956.6873168945312,13.422300000000002
2024-09-06 18:45:04,3341.9736328125,23.866326904296873,3.291,-1.0999999999999943,4.048,-81.0,6.402749061584473,955.3409423828125,13.713400000000002
2024-09-06 17:45:04,3525.0791015625,25.713878784179688,3.294,-1.0999999999999943,4.044,-81.0,7.325616359710693,953.6912231445312,14.094700000000001
2024-09-06 16:45:04,3552.544921875,26.002464599609375,3.292,-1.1499999999999986,4.048,-80.0,6.943522930145264,952.2984619140625,14.4473
2024-09-06 15:45:04,3534.234375,25.828092041015623,3.291,-1.0999999999999943,4.044,-81.0,6.384203910827637,951.4251708984375,14.3284
2024-09-06 14:45:04,3522.02734375,25.716165771484377,3.291,-1.1499999999999986,4.044,-81.0,6.539963245391846,950.4107666015625,14.074200000000001
2024-09-06 13:45:04,3619.68359375,26.711603393554686,3.285,-1.0999999999999943,4.044,-81.0,7.719326019287109,948.5232543945312,14.074200000000001
2024-09-06 12:45:04,3534.234375,25.867440795898435,3.281,-1.0999999999999943,4.044,-81.0,8.059168815612793,947.4902954101562,15.189400000000001
2024-09-06 11:45:04,3473.19921875,25.270806274414063,3.277,-1.1499999999999986,4.041,-80.0,7.782567024230957,946.1185913085938,13.545300000000001
2024-09-06 10:45:04,3717.33984375,27.722115478515626,3.274,-1.0999999999999943,4.044,-80.0,7.108587741851807,945.1282958984375,13.295200000000001
2024-09-06 09:45:04,4001.1533203124995,30.566577148437496,3.27,-1.0999999999999943,4.044,-81.0,7.16897439956665,944.49560546875,13.0164
2024-09-06 08:45:03,4126.275390625,31.83033996582031,3.261,-1.1499999999999986,4.044,-80.0,7.810281753540039,943.2413940429688,12.8893
2024-09-06 07:45:03,4199.517578125,32.571069335937494,3.252,-1.0999999999999943,4.044,-80.0,7.906739711761475,942.41064453125,12.9098
2024-09-06 06:45:03,4315.484375,33.73003417968749,3.248,-1.0999999999999943,4.044,-81.0,8.043953895568848,942.48095703125,12.8893
2024-09-06 05:45:03,4391.7783203125,34.49842041015624,3.228,-1.0999999999999943,4.044,-81.0,8.439972877502441,941.936279296875,12.913900000000002
2024-09-06 04:45:03,4379.5712890625,34.38422363281249,3.207,-1.0999999999999943,4.048,-81.0,8.123156547546387,941.14892578125,12.926200000000001
2024-09-06 03:45:03,4477.2275390625,35.362295532226554,3.2,-0.9499999999999957,4.044,-81.0,7.688215255737305,940.9979858398438,12.905700000000001
2024-09-06 02:45:03,4657.28125,37.16248779296875,3.195,-1.0999999999999943,4.044,-81.0,7.558541297912598,941.032470703125,12.8975
2024-09-06 01:45:03,4877.0078125,39.36020446777343,3.187,-1.0499999999999972,4.044,-82.0,7.280240535736084,940.9873657226562,13.082
2024-09-06 00:45:03,4968.560546875,40.26715698242187,3.161,-1.0999999999999943,4.044,-82.0,7.065656661987305,941.8448486328125,12.9959
2024-09-05 23:45:03,5087.5791015625,41.454342651367185,3.137,-1.0999999999999943,4.044,-81.0,7.358086109161377,942.1448364257812,13.176300000000001
2024-09-05 22:45:03,5197.4423828125,42.54988342285156,3.135,-1.0999999999999943,4.048,-81.0,7.3530592918396,942.4540405273438,13.1599
2024-09-05 21:45:03,5221.8564453125,42.778270874023434,3.129,-1.0999999999999943,4.044,-82.0,7.22943115234375,944.0293579101562,13.1476
2024-09-05 20:45:03,5093.6826171875,41.484429321289056,3.117,-1.0499999999999972,4.044,-81.0,8.679825782775879,945.2396850585938,13.6355
2024-09-05 19:45:03,4974.6640625,40.295954589843745,3.108,-1.0999999999999943,4.044,-81.0,10.999289512634277,945.068603515625,14.037300000000002
2024-09-05 18:45:03,4721.3681640625,37.750529785156246,3.093,-1.1499999999999986,4.044,-81.0,10.364165306091309,946.315185546875,14.025
2024-09-05 17:45:03,4519.9521484375,35.723940429687495,3.063,-1.0999999999999943,4.048,-81.0,10.655508041381836,947.55810546875,14.041400000000001
2024-09-05 16:45:03,4288.0185546875,33.394738769531244,3.066,-1.0999999999999943,4.048,-81.0,11.935674667358398,948.544677734375,14.3694
2024-09-05 15:45:03,4056.0849609374995,31.061198120117183,3.072,-1.0999999999999943,4.044,-79.0,10.617875099182129,949.9651489257812,14.476
2024-09-05 14:45:03,3940.1181640625,29.895817871093755,3.072,-1.1499999999999986,4.048,-80.0,10.42910385131836,950.536376953125,14.394000000000002
2024-09-05 13:45:03,3915.7041015625,29.642521972656255,3.062,-1.0999999999999943,4.044,-80.0,8.717660903930664,951.451904296875,14.066
2024-09-05 12:45:03,3934.0146484375,29.820565185546876,3.065,-1.0999999999999943,4.044,-80.0,8.209765434265137,951.9581298828125,13.770800000000001
2024-09-05 11:45:03,3961.48046875,30.0891845703125,3.064,-1.1499999999999986,4.044,-81.0,7.165442943572998,952.56201171875,13.348500000000001
2024-09-05 10:45:03,4001.1533203124995,30.480245971679683,3.066,-1.0999999999999943,4.044,-81.0,5.902935981750488,953.1287231445312,12.893400000000002
2024-09-05 09:45:03,4040.8261718749995,30.87458068847656,3.068,-1.1499999999999986,4.044,-81.0,5.434709548950195,953.3681030273438,12.872900000000001
2024-09-05 08:45:03,4083.5507812499995,31.303739013671873,3.072,-1.1499999999999986,4.044,-81.0,5.305443286895752,953.1768798828125,12.893400000000002
2024-09-05 07:45:03,4132.37890625,31.789495239257807,3.072,-1.0999999999999943,4.044,-81.0,5.361687183380127,953.4293823242188,12.9631
2024-09-05 06:45:03,4184.2587890625,32.31158813476562,3.072,-1.0999999999999943,4.048,-81.0,5.18324089050293,953.0999755859375,12.959000000000001
2024-09-05 05:45:03,4248.345703125,32.95011962890625,3.067,-1.0999999999999943,4.044,-81.0,4.603000640869141,953.333740234375,12.946700000000002
2024-09-05 04:45:03,4306.3291015625,33.527453613281246,3.062,-1.1499999999999986,4.044,-81.0,3.7234716415405273,953.583740234375,12.926200000000001
2024-09-05 03:45:02,4370.416015625,34.168744506835935,3.05,-1.0999999999999943,4.044,-81.0,2.678265333175659,953.5415649414062,12.885200000000001
2024-09-05 02:45:02,4437.5546875,34.8422607421875,3.029,-1.0999999999999943,4.044,-81.0,2.8933935165405273,953.32861328125,12.938500000000001
2024-09-05 01:45:02,4501.6416015625,35.483062744140625,3.013,-1.1499999999999986,4.044,-82.0,3.167414665222168,953.3353271484375,13.2993
2024-09-05 00:45:02,4547.41796875,35.94213928222656,2.997,-1.0999999999999943,4.048,-81.0,3.7164063453674316,953.2040405273438,13.151700000000002
2024-09-04 23:45:02,4574.8837890625,36.22226623535156,2.986,-1.1499999999999986,4.044,-81.0,4.786270618438721,952.6571655273438,13.1599
2024-09-04 22:45:02,4562.6767578125,36.10386474609375,2.979,-1.0999999999999943,4.044,-81.0,7.445713043212891,952.290283203125,13.2583
2024-09-04 21:45:02,4498.58984375,35.46844665527344,2.989,-1.1499999999999986,4.044,-81.0,10.249433517456055,951.7451782226562,14.603100000000001
2024-09-04 20:45:02,4352.10546875,34.008904418945306,2.989,-1.1499999999999986,4.044,-81.0,13.633258819580078,951.2150268554688,13.967600000000001
2024-09-04 19:45:02,4190.3623046875,32.389312133789055,2.993,-1.0999999999999943,4.048,-81.0,12.58343505859375,951.4310913085938,14.029100000000001
2024-09-04 18:45:02,4086.6025390624995,31.354595947265622,2.997,-1.0999999999999943,4.044,-81.0,12.589208602905273,951.1429443359375,14.020900000000001
2024-09-04 17:45:02,4068.2919921874995,31.16654052734375,2.997,-1.1499999999999986,4.044,-81.0,10.59151840209961,951.637939453125,14.0783
2024-09-04 16:45:02,4074.3955078124995,31.231887817382812,2.993,-1.0999999999999943,4.044,-81.0,10.749655723571777,951.2067260742188,14.6933
2024-09-04 15:45:02,4095.7578124999995,31.44595336914062,2.989,-1.1499999999999986,4.044,-82.0,10.724928855895996,951.1624755859375,14.7712
2024-09-04 14:45:02,4135.4306640625,31.835675659179685,2.989,-1.0999999999999943,4.044,-83.0,9.624429702758789,951.8630981445312,14.4227
2024-09-04 13:45:02,4190.3623046875,32.38498229980468,2.987,-1.0999999999999943,4.044,-82.0,9.049692153930664,951.8640747070312,14.353000000000002
2024-09-04 12:45:02,4263.6044921875,33.11961059570312,2.985,-1.0999999999999943,4.044,-81.0,8.168940544128418,951.6434326171875,14.1767
2024-09-04 11:45:02,4342.9501953125,33.91221130371093,2.985,-1.0999999999999943,4.044,-81.0,7.095952033996582,951.7290649414062,13.5494
2024-09-04 10:45:02,4443.658203125,34.92131042480469,2.986,-1.0999999999999943,4.044,-81.0,5.521385669708252,951.5271606445312,13.1927
2024-09-04 09:45:02,4547.41796875,35.95757202148437,2.986,-1.0999999999999943,4.048,-80.0,3.729041814804077,951.6607666015625,13.012300000000002
2024-09-04 08:45:02,4645.07421875,36.93677795410156,2.986,-1.1499999999999986,4.048,-80.0,3.3925952911376953,951.3964233398438,12.8688
2024-09-04 07:45:02,4718.31640625,37.671843872070305,2.989,-1.1499999999999986,4.044,-80.0,3.620356559753418,951.1320190429688,12.881100000000002
2024-09-04 06:45:02,4806.8173828125,38.55899230957031,2.989,-1.0999999999999943,4.044,-81.0,3.4673829078674316,950.9181518554688,12.9221
2024-09-04 05:45:02,4892.2666015625,39.41857543945312,2.987,-1.1499999999999986,4.048,-80.0,4.032678127288818,950.4090576171875,12.885200000000001
2024-09-04 04:45:02,4980.767578125,40.30392272949218,2.984,-1.1499999999999986,4.044,-81.0,4.213162899017334,950.3753051757812,12.9016
2024-09-04 03:45:02,5066.216796875,41.15787902832031,2.977,-1.0999999999999943,4.044,-80.0,4.494316577911377,950.4288940429688,12.881100000000002
2024-09-04 02:45:02,5151.666015625,42.01549438476562,2.964,-1.0,4.044,-81.0,5.217747688293457,950.1165771484375,13.0533
2024-09-04 01:45:02,5234.0634765625,42.83830505371093,2.953,-1.1499999999999986,4.048,-80.0,6.127912521362305,950.2329711914062,13.065600000000002
2024-09-04 00:45:02,5319.5126953125,43.694436035156244,2.941,-1.0999999999999943,4.048,-81.0,6.953983306884766,950.069091796875,13.1148
2024-09-03 23:45:02,5377.49609375,44.277963867187495,2.938,-1.0999999999999943,4.044,-81.0,7.766535758972168,949.69970703125,13.2009
2024-09-03 22:45:02,5374.4443359375,44.254513549804685,2.971,-1.1499999999999986,4.044,-81.0,9.606157302856445,948.9929809570312,13.664200000000001
2024-09-03 21:45:02,5313.4091796875,43.64678894042968,3.043,-1.1499999999999986,4.044,-83.0,11.7190523147583,948.7302856445312,14.0906
2024-09-03 20:45:02,5282.8916015625,43.34503662109374,3.097,-1.0999999999999943,4.044,-83.0,13.318414688110352,948.387939453125,14.0455
2024-09-03 19:45:01,5523.98046875,45.757709350585934,3.2,-1.0999999999999943,4.048,-84.0,15.930035591125488,948.2095336914062,14.599
2024-09-03 18:45:01,5319.5126953125,43.717242431640614,3.21,-1.1499999999999986,4.044,-84.0,16.234216690063477,947.7884521484375,14.5744
2024-09-03 17:45:01,5099.7861328125,41.518759765625,3.211,-1.1499999999999986,4.044,-81.0,15.532726287841797,947.91015625,13.8938
2024-09-03 16:45:01,4892.2666015625,39.44724426269531,3.209,-1.1499999999999986,4.048,-81.0,16.146793365478516,947.5421752929688,14.517000000000001
2024-09-03 15:45:01,4571.83203125,36.24156249999999,3.209,-1.1499999999999986,4.044,-80.0,11.746835708618164,947.67578125,14.4227
2024-09-03 14:45:01,4269.7080078125,33.22611450195312,3.214,-1.0999999999999943,4.048,-80.0,8.493024826049805,947.0965576171875,14.312000000000001
2024-09-03 13:45:01,4080.4990234374995,31.337213745117186,3.216,-1.1499999999999986,4.044,-80.0,7.573010444641113,946.7776489257812,13.6806
2024-09-03 12:45:01,4062.1884765624995,31.161183471679685,3.219,-1.1499999999999986,4.044,-80.0,6.4176926612854,946.0701293945312,13.328000000000001
2024-09-03 11:45:01,4053.0332031249995,31.076352539062494,3.221,-1.1499999999999986,4.048,-81.0,6.148834228515625,945.39794921875,13.082
2024-09-03 10:45:01,4049.9814453124995,31.051923828125,3.221,-1.1499999999999986,4.044,-80.0,5.734678745269775,944.7890625,12.9754
2024-09-03 09:45:01,4040.8261718749995,30.95479125976562,3.221,-1.1499999999999986,4.044,-81.0,5.914007663726807,945.3470458984375,12.950800000000001
2024-09-03 08:45:01,4034.7226562499995,30.888459472656248,3.223,-1.0999999999999943,4.048,-80.0,6.446019172668457,945.876708984375,12.950800000000001
2024-09-03 07:45:01,4019.4638671874995,30.735096435546872,3.226,-1.1499999999999986,4.044,-80.0,6.592267990112305,945.9542236328125,12.9098
2024-09-03 06:45:01,4007.2568359374995,30.593734130859367,3.227,-1.1499999999999986,4.044,-80.0,5.217883110046387,947.8834228515625,13.1066
2024-09-03 05:45:01,3988.9462890625,30.397551879882812,3.23,-1.0999999999999943,4.044,-80.0,4.036890983581543,949.1911010742188,13.036900000000001
2024-09-03 04:45:01,3958.4287109375,30.077587280273438,3.23,-1.1499999999999986,4.048,-80.0,3.4742443561553955,950.6699829101562,12.991800000000001
2024-09-03 03:45:01,3927.9111328125,29.766750488281247,3.234,-1.0999999999999943,4.048,-80.0,2.858342170715332,951.236083984375,13.057400000000001
2024-09-03 02:45:01,3897.3935546875,29.446433715820312,3.234,-1.1499999999999986,4.044,-80.0,2.3874671459198,952.7501831054688,13.024600000000001
2024-09-03 01:45:01,3845.513671875,28.917807006835936,3.232,-1.0999999999999943,4.048,-79.0,1.7818896770477295,953.7329711914062,12.9549
2024-09-03 00:45:01,3769.2197265625,28.135600585937503,3.236,-1.1499999999999986,4.048,-80.0,1.5652002096176147,955.65966796875,13.0164
2024-09-02 23:45:01,3689.8740234375,27.34078369140625,3.236,-1.0999999999999943,4.044,-80.0,2.6558496952056885,955.795654296875,13.164000000000001
2024-09-02 22:45:01,3537.2861328125,25.813999023437503,3.237,-1.1499999999999986,4.051,-80.0,5.87257194519043,955.88623046875,13.6232
2024-09-02 21:45:01,3378.5947265625,24.227608032226563,3.239,-1.0999999999999943,4.044,-80.0,8.319400787353516,955.8339233398438,14.086500000000001
2024-09-02 20:45:01,3229.05859375,22.7283154296875,3.239,-1.1499999999999986,4.048,-80.0,9.370177268981934,956.22705078125,14.193100000000001
2024-09-02 19:45:01,3106.98828125,21.50393310546875,3.241,-1.1499999999999986,4.044,-80.0,11.489864349365234,956.594970703125,13.9922
2024-09-02 18:45:01,3042.9013671875,20.855529174804687,3.246,-1.1499999999999986,4.048,-80.0,13.155251502990723,957.3484497070312,13.9799
2024-09-02 17:45:01,3009.33203125,20.514218749999998,3.242,-1.1499999999999986,4.048,-80.0,10.990323066711426,957.91015625,14.107000000000001
2024-09-02 16:45:01,2991.021484375,20.3265771484375,3.241,-1.1499999999999986,4.044,-80.0,10.129201889038086,958.36376953125,14.016800000000002
2024-09-02 15:45:01,2972.7109375,20.13393615722656,3.241,-1.1499999999999986,4.044,-80.0,7.760965347290039,959.3173217773438,14.2423
2024-09-02 14:45:01,2954.400390625,19.946214599609377,3.238,-1.1499999999999986,4.044,-79.0,5.765313625335693,959.7789306640625,14.1316
2024-09-02 13:45:00,2942.193359375,19.821604003906252,3.235,-1.0999999999999943,4.048,-79.0,4.64402961730957,960.032958984375,14.246400000000001
2024-09-02 12:45:00,2933.0380859375,19.721759033203124,3.236,-1.0999999999999943,4.048,-80.0,4.341681957244873,960.8621826171875,14.406300000000002
2024-09-02 11:45:00,2917.779296875,19.572446289062498,3.237,-1.1499999999999986,4.048,-80.0,4.113241195678711,960.53466796875,14.471900000000002
2024-09-02 10:45:00,2908.6240234375,19.47517333984375,3.238,-1.1499999999999986,4.048,-80.0,2.6704540252685547,961.106689453125,13.123000000000001
2024-09-02 09:45:00,2893.365234375,19.32389587402344,3.24,-1.1499999999999986,4.048,-80.0,1.633874535560608,960.9756469726562,13.004100000000001
2024-09-02 08:45:00,2875.0546875,19.142410888671876,3.239,-1.1499999999999986,4.048,-80.0,1.6458300352096558,960.8135986328125,12.950800000000001
2024-09-02 07:45:00,2862.84765625,19.024815673828126,3.242,-1.1499999999999986,4.048,-80.0,2.1477489471435547,960.3660888671875,12.979500000000002
2024-09-02 06:45:00,2844.537109375,18.844141235351564,3.241,-1.1499999999999986,4.048,-81.0,2.6166553497314453,960.1229858398438,13.1148
2024-09-02 05:45:00,2829.2783203125,18.698435058593752,3.243,-1.0999999999999943,4.044,-80.0,2.823631525039673,959.434814453125,12.872900000000001
2024-09-02 04:45:00,2810.9677734375,18.522244873046876,3.247,-1.0999999999999943,4.044,-80.0,2.811607599258423,958.7432861328125,12.926200000000001
2024-09-02 03:45:00,2783.501953125,18.248580322265624,3.246,-1.0999999999999943,4.048,-80.0,2.723233699798584,958.6439208984375,12.9754
2024-09-02 02:45:00,2743.8291015625,17.858410034179688,3.245,-1.0999999999999943,4.048,-80.0,2.736412286758423,957.9880981445312,12.9344
2024-09-02 01:45:00,2707.2080078125,17.494329833984374,3.245,-1.0999999999999943,4.044,-80.0,2.5790233612060547,957.7750244140625,13.082
2024-09-02 00:45:00,2670.5869140625,17.134533081054688,3.245,-1.0999999999999943,4.044,-80.0,2.596888542175293,957.1336059570312,13.082
2024-09-01 23:45:00,2637.017578125,16.806800537109375,3.242,-1.0999999999999943,4.044,-81.0,3.045483350753784,956.3375244140625,13.2132
2024-09-01 22:45:00,2618.70703125,16.62993896484375,3.241,-1.0499999999999972,4.048,-81.0,3.7882068157196045,955.713134765625,13.282900000000001
2024-09-01 21:45:00,2585.1376953125,16.302523803710937,3.245,-1.0999999999999943,4.048,-81.0,4.932043552398682,954.8853149414062,14.160300000000001
2024-09-01 20:45:00,2560.7236328125,16.064658203125003,3.237,-1.0999999999999943,4.044,-81.0,5.505897045135498,954.2578125,14.258700000000001
2024-09-01 19:45:00,2533.2578125,15.80127197265625,3.229,-1.0999999999999943,4.044,-81.0,6.07588005065918,953.130615234375,14.2095
2024-09-01 18:45:00,2496.63671875,15.44154541015625,3.213,-1.0999999999999943,4.044,-81.0,7.287168979644775,952.482177734375,14.139800000000001
2024-09-01 17:45:00,2453.912109375,15.022650756835938,3.197,-1.1499999999999986,4.048,-81.0,8.08864974975586,951.6470336914062,14.070100000000002
2024-09-01 16:45:00,2414.2392578125,14.630461425781252,3.197,-1.0999999999999943,4.051,-81.0,8.174510955810547,951.193115234375,14.1521
2024-09-01 15:45:00,2383.7216796875,14.325969848632813,3.197,-1.1499999999999986,4.044,-81.0,7.386548042297363,951.1246948242188,14.115200000000002
2024-09-01 14:45:00,2350.15234375,13.991551513671876,3.197,-1.0999999999999943,4.051,-81.0,7.344161510467529,950.9971923828125,14.681000000000001
2024-09-01 13:45:00,2322.6865234375,13.717662353515625,3.197,-1.0999999999999943,4.044,-81.0,6.033968448638916,950.9202880859375,14.525200000000002
2024-09-01 12:45:00,2307.427734375,13.565577392578126,3.2,-1.0999999999999943,4.044,-80.0,5.125162124633789,950.8699951171875,14.4145
2024-09-01 11:45:00,2276.91015625,13.26372802734375,3.2,-1.0999999999999943,4.048,-80.0,3.591758966445923,950.537353515625,13.348500000000001
2024-09-01 10:45:00,2246.392578125,12.959678955078125,3.201,-1.0999999999999943,4.048,-81.0,2.1920385360717773,950.4246826171875,12.8442
2024-09-01 09:45:00,2188.4091796875,12.382454223632813,3.204,-1.0999999999999943,4.044,-81.0,1.1805932521820068,950.1637573242188,12.938500000000001
2024-09-01 08:45:00,2130.42578125,11.805392456054689,3.205,-1.0999999999999943,4.044,-81.0,1.3735754489898682,949.8865356445312,12.959000000000001
2024-09-01 07:45:00,2087.701171875,11.38279296875,3.206,-1.0999999999999943,4.048,-81.0,1.999666690826416,949.421875,12.9959
2024-09-01 06:45:00,2051.080078125,11.017661743164062,3.21,-1.1499999999999986,4.048,-81.0,2.0313892364501953,949.3139038085938,13.000000000000002
2024-09-01 05:45:00,2008.35546875,10.595653076171876,3.216,-1.1499999999999986,4.048,-81.0,1.8498852252960205,948.7901611328125,13.057400000000001
2024-09-01 04:45:00,1935.11328125,9.861246948242188,3.218,-1.1499999999999986,4.048,-81.0,1.4603198766708374,948.9885864257812,12.983600000000001
2024-09-01 03:45:00,1852.7158203125,9.035328369140625,3.213,-1.1499999999999986,4.048,-81.0,1.095342993736267,949.1829833984375,12.991800000000001
2024-09-01 02:45:00,1733.697265625,7.844427490234375,3.225,-1.0999999999999943,4.048,-80.0,1.2064733505249023,949.2545166015625,12.9959
2024-09-01 01:45:00,1571.9541015625,6.22373779296875,3.221,-1.0999999999999943,4.048,-81.0,1.159670352935791,949.580322265625,12.9672
2024-09-01 00:45:00,1407.1591796875,4.573390502929689,3.223,-1.0999999999999943,4.048,-80.0,1.2252893447875977,949.8201293945312,13.1804
2024-08-31 23:45:00,1123.345703125,1.7369836425781249,3.223,-1.0999999999999943,4.048,-81.0,1.7760485410690308,949.6473388671875,13.1599
2024-08-31 22:45:00,986.0166015624999,0.3659191894531244,3.225,-1.0999999999999943,4.044,-82.0,3.162862539291382,949.4246826171875,13.455100000000002
2024-08-31 21:45:00,958.5507812499999,0.09561279296874892,3.488,-1.1499999999999986,4.048,-89.0,6.025137901306152,948.989501953125,14.1439
2024-08-31 20:45:00,958.5507812499999,0.09364685058593669,3.49,-1.0999999999999943,4.044,-88.0,8.422718048095703,949.1860961914062,14.148000000000001
2024-08-31 19:45:00,958.5507812499999,0.09427978515624935,3.49,-1.0499999999999972,4.048,-89.0,10.114733695983887,949.122802734375,13.984000000000002
2024-08-31 18:45:00,955.4990234374999,0.07065917968749891,3.489,-1.0999999999999943,4.048,-88.0,18.77206802368164,948.43310546875,13.783100000000001
2024-08-31 17:44:59,958.5507812499999,0.09924560546874961,3.482,-1.1499999999999986,4.048,-89.0,16.33930015563965,948.626220703125,13.9266
2024-08-31 16:44:59,955.4990234374999,0.06598266601562375,3.488,-1.0999999999999943,4.048,-89.0,16.228103637695312,948.9007568359375,13.8856
2024-08-31 15:44:59,961.6025390624999,0.12439270019531157,3.488,-1.0999999999999943,4.048,-88.0,15.25204849243164,949.1632690429688,13.8405
2024-08-31 14:44:59,952.4472656249999,0.031970825195312136,3.482,-1.1499999999999986,4.048,-87.0,14.83008098602295,949.2501831054688,13.988100000000001
2024-08-31 13:44:59,961.6025390624999,0.11069580078124974,3.486,-1.0999999999999943,4.044,-88.0,6.186330795288086,950.532958984375,14.2423
2024-08-31 12:44:59,961.6025390624999,0.10956787109374977,3.483,-1.0999999999999943,4.051,-88.0,6.298072338104248,950.645751953125,14.512900000000002
2024-08-31 11:44:59,961.6025390624999,0.10315063476562414,3.482,-1.0999999999999943,4.051,-87.0,1.9642077684402466,951.2874755859375,14.275100000000002
2024-08-31 10:44:59,958.5507812499999,0.06945007324218655,3.482,-1.0,4.048,-87.0,0.4201403856277466,951.6057739257812,13.336200000000002
2024-08-31 09:44:59,961.6025390624999,0.10177062988281138,3.481,-1.0999999999999943,4.048,-87.0,0.9491626024246216,951.4254760742188,13.0533
2024-08-31 08:44:59,961.6025390624999,0.10633972167968686,3.485,-1.0999999999999943,4.048,-87.0,0.9761303663253784,950.9685668945312,12.9098
2024-08-31 07:44:59,958.5507812499999,0.08366882324218672,3.483,-1.0999999999999943,4.044,-87.0,1.0738781690597534,950.1838989257812,12.827800000000002
2024-08-31 06:44:59,955.4990234374999,0.053365478515624565,3.482,-1.0999999999999943,4.048,-87.0,1.0744214057922363,950.1624755859375,12.8688
2024-08-31 05:44:59,955.4990234374999,0.05482299804687396,3.485,-1.0999999999999943,4.048,-87.0,0.9143835306167603,950.0167236328125,12.9549
2024-08-31 04:44:59,952.4472656249999,0.020655517578124227,3.488,-1.0999999999999943,4.048,-87.0,-0.08252563327550888,950.3817138671875,12.918000000000001
2024-08-31 03:44:59,958.5507812499999,0.08085876464843711,3.49,-1.0999999999999943,4.048,-87.0,-0.7992992997169495,950.4649047851562,12.9959
2024-08-31 02:44:59,955.4990234374999,0.05197875976562405,3.484,-1.0999999999999943,4.044,-87.0,-0.41679808497428894,950.3011474609375,12.946700000000002
2024-08-31 01:44:59,955.4990234374999,0.056979370117187234,3.49,-1.0999999999999943,4.048,-87.0,-0.8564282059669495,949.8010864257812,13.082
2024-08-31 00:44:59,961.6025390624999,0.12035888671874884,3.49,-1.0999999999999943,4.048,-87.0,-0.5509570240974426,949.566650390625,13.036900000000001
2024-08-30 23:44:59,958.5507812499999,0.10321228027343698,3.49,-1.0999999999999943,4.048,-87.0,2.022897958755493,948.2295532226562,13.1599
2024-08-30 22:44:59,955.4990234374999,0.08842285156249963,3.484,-1.1499999999999986,4.048,-88.0,3.4273059368133545,946.65673828125,14.016800000000002
2024-08-30 21:44:59,955.4990234374999,0.09728698730468666,3.486,-1.0499999999999972,4.051,-87.0,3.3145458698272705,945.7703247070312,13.545300000000001
2024-08-30 20:44:59,952.4472656249999,0.08083801269531232,3.488,-1.0999999999999943,4.051,-87.0,3.827944278717041,944.3634643554688,14.234100000000002
2024-08-30 19:44:59,946.3437499999999,0.03352172851562418,3.488,-1.0499999999999972,4.051,-88.0,4.233133316040039,942.9915771484375,14.3899
2024-08-30 18:44:59,952.4472656249999,0.10935363769531192,3.485,-1.0999999999999943,4.048,-87.0,4.570055961608887,941.5119018554688,14.1849
2024-08-30 17:44:59,952.4472656249999,0.12591308593749906,3.485,-1.1499999999999986,4.051,-87.0,5.17542839050293,939.85595703125,14.451400000000001
2024-08-30 16:44:59,952.4472656249999,0.13322082519531153,3.488,-1.0999999999999943,4.048,-86.0,5.696843147277832,939.1251831054688,14.644100000000002
2024-08-30 15:44:59,943.2919921874999,0.04937316894531141,3.482,-1.1499999999999986,4.051,-87.0,5.993754863739014,938.3546752929688,14.426800000000002
2024-08-30 14:44:59,946.3437499999999,0.08217346191406127,3.482,-1.0999999999999943,4.048,-86.0,5.76429557800293,938.1264038085938,14.365300000000001
2024-08-30 13:44:59,949.3955078124999,0.11569091796874931,3.482,-1.0999999999999943,4.048,-87.0,5.327043533325195,937.826416015625,13.967600000000001
2024-08-30 12:44:59,946.3437499999999,0.08196411132812442,3.483,-1.0999999999999943,4.048,-87.0,4.870365142822266,938.1473388671875,13.131200000000002
2024-08-30 11:44:59,946.3437499999999,0.07862365722656195,3.482,-1.1499999999999986,4.048,-87.0,5.147985935211182,938.4813842773438,13.1148
2024-08-30 10:44:59,946.3437499999999,0.0755047607421866,3.483,-1.1499999999999986,4.048,-87.0,4.73980712890625,938.7932739257812,13.000000000000002
2024-08-30 09:44:59,946.3437499999999,0.06939392089843732,3.482,-1.0999999999999943,4.048,-86.0,4.801553726196289,939.4043579101562,13.041
2024-08-30 08:44:59,946.3437499999999,0.06411560058593668,3.486,-1.1499999999999986,4.048,-86.0,4.711413383483887,939.9321899414062,12.9672
2024-08-30 07:44:59,952.4472656249999,0.11974304199218633,3.483,-1.0999999999999943,4.048,-86.0,4.901271820068359,940.4729614257812,13.0205
2024-08-30 06:44:59,952.4472656249999,0.11776306152343707,3.483,-1.0,4.044,-85.0,5.025240421295166,940.6709594726562,12.926200000000001
2024-08-30 05:44:59,952.4472656249999,0.11291503906249889,3.482,-1.0999999999999943,4.048,-85.0,5.398843765258789,941.15576171875,12.913900000000002
2024-08-30 04:44:59,952.4472656249999,0.10528686523437414,3.483,-1.0999999999999943,4.048,-85.0,5.553719520568848,941.9185791015625,13.024600000000001
2024-08-30 03:44:59,952.4472656249999,0.09930419921874933,3.483,-1.0,4.048,-86.0,5.473903656005859,942.516845703125,12.991800000000001
2024-08-30 02:44:59,952.4472656249999,0.09185363769531163,3.484,-1.0999999999999943,4.051,-85.0,5.614853382110596,943.2619018554688,13.012300000000002
2024-08-30 01:44:59,955.4990234374999,0.11000427246093625,3.483,-1.0999999999999943,4.048,-86.0,5.246345043182373,944.4985961914062,13.110700000000001
2024-08-30 00:44:59,955.4990234374999,0.09938720703124959,3.482,-1.0999999999999943,4.048,-86.0,4.679487228393555,945.560302734375,13.123000000000001
2024-08-29 23:44:59,1248.4677734375,3.0239245605468756,3.298,-1.0499999999999972,4.048,-81.0,4.717663764953613,946.0753173828125,13.2542
2024-08-29 22:44:59,2109.0634765625,11.628561401367188,3.3,-1.0999999999999943,4.051,-82.0,6.750471115112305,946.2073364257812,13.3772
2024-08-29 21:44:58,2707.2080078125,17.60620666503906,3.297,-1.0999999999999943,4.051,-81.0,8.900184631347656,946.5873413085938,13.955300000000001
2024-08-29 20:44:58,2679.7421875,17.334909667968752,3.294,-1.0999999999999943,4.048,-80.0,10.141972541809082,946.251220703125,14.529300000000001
2024-08-29 19:44:58,2496.63671875,15.501715698242187,3.294,-1.0499999999999972,4.051,-81.0,9.377307891845703,946.4651489257812,14.463700000000001
2024-08-29 18:44:58,1840.5087890625,8.941119384765626,3.289,-1.0999999999999943,4.048,-81.0,9.481101989746094,946.3968505859375,14.5211
2024-08-29 17:44:58,1532.28125,5.860321655273438,3.291,-1.0999999999999943,4.048,-82.0,9.590195655822754,946.2490844726562,14.3899
2024-08-29 16:44:58,1333.9169921875,3.8777514648437506,3.293,-1.0999999999999943,4.048,-81.0,9.49577522277832,946.141845703125,14.394000000000002
2024-08-29 15:44:58,1114.1904296875,1.681499633789063,3.3,-1.0,4.048,-83.0,8.048912048339844,946.0404663085938,14.0004
2024-08-29 14:44:58,1083.6728515625,1.3799145507812505,3.306,-1.0999999999999943,4.051,-81.0,7.424314975738525,945.681396484375,13.692900000000002
2024-08-29 13:44:58,1050.103515625,1.0510180664062507,3.304,-1.0999999999999943,4.051,-81.0,7.655881404876709,945.001708984375,13.631400000000001
2024-08-29 12:44:58,955.4990234374999,0.10815917968749922,3.491,-1.0499999999999972,4.051,-87.0,6.658565521240234,944.68310546875,13.533000000000001
2024-08-29 11:44:58,955.4990234374999,0.11394165039062432,3.488,-1.0999999999999943,4.048,-86.0,5.664169788360596,944.1048583984375,13.0533
2024-08-29 10:44:58,1001.275390625,0.5746710205078132,3.295,-1.0999999999999943,4.048,-87.0,5.087801456451416,943.8082885742188,12.8975
2024-08-29 09:44:58,1239.3125,2.9607440185546876,3.295,-1.0499999999999972,4.048,-81.0,4.894003868103027,943.2380981445312,12.852400000000001
2024-08-29 08:44:58,1416.314453125,4.734421386718751,3.292,-1.0999999999999943,4.051,-81.0,4.944473743438721,942.872314453125,12.864700000000001
2024-08-29 07:44:58,1578.0576171875,6.355216674804688,3.287,-1.0999999999999943,4.048,-80.0,5.188334941864014,942.5359497070312,12.938500000000001
2024-08-29 06:44:58,1776.421875,8.340410766601563,3.29,-1.0999999999999943,4.048,-80.0,5.419561862945557,942.3807983398438,12.8155
2024-08-29 05:44:58,1883.2333984375,9.4098681640625,3.29,-1.0999999999999943,4.051,-80.0,5.658870697021484,942.24658203125,12.852400000000001
2024-08-29 04:44:58,2060.2353515625,11.178359985351562,3.275,-1.0999999999999943,4.051,-80.0,5.890913009643555,942.3993530273438,13.0205
2024-08-29 03:44:58,2109.0634765625,11.661270751953126,3.273,-1.0999999999999943,4.048,-80.0,5.929223537445068,942.9364013671875,12.950800000000001
2024-08-29 02:44:58,1947.3203125,10.041606445312501,3.293,-1.0999999999999943,4.048,-80.0,5.83561897277832,943.15966796875,12.9426
2024-08-29 01:44:58,1651.2998046875,7.076237182617188,3.314,-1.0999999999999943,4.048,-80.0,6.073706150054932,943.6760864257812,12.9426
2024-08-29 00:44:58,1596.3681640625,6.529933471679687,3.317,-1.0999999999999943,4.048,-80.0,6.211600303649902,943.3748168945312,13.024600000000001
2024-08-28 23:44:58,1471.24609375,5.279134521484376,3.317,-1.0999999999999943,4.051,-80.0,6.415518760681152,943.3326416015625,13.082
2024-08-28 22:44:58,1581.109375,6.3801293945312505,3.312,-1.0999999999999943,4.048,-80.0,6.761679649353027,943.096435546875,13.1353
2024-08-28 21:44:58,1233.208984375,2.902727050781251,3.314,-1.0999999999999943,4.048,-80.0,7.112595081329346,942.936279296875,13.2009
2024-08-28 20:44:58,1150.8115234375,2.078743286132813,3.307,-1.0999999999999943,4.048,-81.0,7.502772331237793,942.9371948242188,13.660100000000002
2024-08-28 19:44:58,1608.5751953125,6.655245971679688,3.31,-1.0999999999999943,4.048,-80.0,7.792552471160889,943.0505981445312,14.5006
2024-08-28 18:44:58,1809.9912109375,8.671052856445312,3.306,-1.0499999999999972,4.048,-80.0,8.6839017868042,942.8859252929688,13.934800000000001
2024-08-28 17:44:58,2139.5810546875,11.96694030761719,3.295,-1.0999999999999943,4.048,-80.0,9.524168968200684,942.8870239257812,14.139800000000001
2024-08-28 16:44:58,1983.94140625,10.414276733398438,3.286,-1.0999999999999943,4.048,-80.0,10.745511054992676,942.5137329101562,14.5539
2024-08-28 15:44:58,1632.9892578125,6.898044433593751,3.269,-1.0999999999999943,4.048,-80.0,9.603100776672363,943.184814453125,14.3038
2024-08-28 14:44:57,1089.7763671875,1.4640716552734379,3.249,-1.0999999999999943,4.051,-81.0,8.216150283813477,943.3692016601562,14.435
2024-08-28 13:44:57,952.4472656249999,0.08434143066406219,3.498,-1.0999999999999943,4.048,-86.0,7.514727592468262,944.0131225585938,13.393600000000001
2024-08-28 12:44:57,952.4472656249999,0.0818585205078115,3.495,-1.0999999999999943,4.048,-86.0,7.803420543670654,944.2614135742188,13.2911
2024-08-28 11:44:57,955.4990234374999,0.11401062011718643,3.493,-1.0999999999999943,4.051,-87.0,8.58676528930664,944.0979614257812,13.9922
2024-08-28 10:44:57,952.4472656249999,0.08040832519531138,3.5,-1.0999999999999943,4.051,-85.0,8.150464057922363,944.4064331054688,13.307500000000001
2024-08-28 09:44:57,952.4472656249999,0.07414306640624924,3.504,-1.0999999999999943,4.051,-86.0,7.30415153503418,945.032958984375,13.1599
2024-08-28 08:44:57,952.4472656249999,0.06702270507812469,3.503,-1.0999999999999943,4.048,-86.0,6.705910682678223,945.7449951171875,12.971300000000001
2024-08-28 07:44:57,955.4990234374999,0.08989196777343667,3.504,-1.0999999999999943,4.051,-86.0,6.627251148223877,946.5098266601562,12.9016
2024-08-28 06:44:57,958.5507812499999,0.11528930664062464,3.501,-1.0999999999999943,4.051,-87.0,6.539079666137695,947.0218505859375,12.893400000000002
2024-08-28 05:44:57,1095.8798828125,1.4838659667968757,3.314,-1.0999999999999943,4.051,-81.0,6.737021446228027,947.4932861328125,13.000000000000002
2024-08-28 04:44:57,1312.5546875,3.6422094726562504,3.313,-1.0999999999999943,4.048,-79.0,6.446698188781738,948.333740234375,13.041
2024-08-28 03:44:57,1578.0576171875,6.291396484375,3.317,-1.1499999999999986,4.048,-78.0,6.623990535736084,948.91796875,12.938500000000001
2024-08-28 02:44:57,1678.765625,7.295549926757813,3.315,-1.0999999999999943,4.051,-78.0,6.833615779876709,949.2106323242188,12.950800000000001
2024-08-28 01:44:57,1724.5419921875,7.748815307617188,3.316,-1.0999999999999943,4.048,-78.0,6.715760707855225,949.6604614257812,13.090200000000001
2024-08-28 00:44:57,1904.595703125,9.548464965820312,3.311,-1.0999999999999943,4.048,-79.0,6.964852333068848,949.7492065429688,13.098400000000002
2024-08-27 23:44:57,2487.4814453125,15.376456909179687,3.312,-1.0999999999999943,4.051,-78.0,7.635639667510986,949.8357543945312,13.2009
2024-08-27 22:44:57,3119.1953125,21.692714233398437,3.311,-1.0999999999999943,4.048,-78.0,9.395310401916504,949.9238891601562,13.4428
2024-08-27 21:44:57,3543.3896484375,25.93634521484375,3.314,-1.1499999999999986,4.051,-79.0,11.4417724609375,949.755126953125,14.107000000000001
2024-08-27 20:44:57,3821.099609375,28.70871337890625,3.314,-1.0999999999999943,4.051,-80.0,13.244983673095703,950.228271484375,14.053700000000001
2024-08-27 19:44:57,4077.4472656249995,31.269725952148434,3.311,-1.0999999999999943,4.048,-80.0,14.981627464294434,950.4746704101562,14.0127
2024-08-27 18:44:57,4181.20703125,32.30428588867187,3.306,-1.0499999999999972,4.051,-81.0,14.805490493774414,950.7784423828125,13.9799
2024-08-27 17:44:57,3912.65234375,29.612667236328125,3.309,-1.0999999999999943,4.051,-81.0,14.851613998413086,951.3856201171875,14.5662
2024-08-27 16:44:57,3979.791015625,30.278961791992188,3.305,-1.0999999999999943,4.048,-81.0,14.537243843078613,951.8948364257812,14.525200000000002
2024-08-27 15:44:57,2868.951171875,19.16944274902344,3.307,-1.0999999999999943,4.051,-80.0,14.404850959777832,952.0068969726562,13.9799
2024-08-27 14:44:57,1632.9892578125,6.807238159179688,3.3,-1.0999999999999943,4.048,-79.0,13.403595924377441,952.2654418945312,13.9594
2024-08-27 13:44:57,961.6025390624999,0.08595336914062446,3.495,-1.0999999999999943,4.051,-89.0,11.063074111938477,953.0072021484375,14.6605
2024-08-27 12:44:57,964.6542968749999,0.11352905273437464,3.494,-1.0999999999999943,4.051,-86.0,7.996200084686279,953.3013916015625,14.484200000000001
2024-08-27 11:44:57,961.6025390624999,0.07959228515624917,3.496,-1.0999999999999943,4.051,-86.0,6.57650899887085,953.643310546875,13.451
2024-08-27 10:44:57,961.6025390624999,0.072166137695312,3.496,-1.0999999999999943,4.048,-86.0,5.860141754150391,954.3859252929688,12.9672
2024-08-27 09:44:56,964.6542968749999,0.10156188964843715,3.501,-1.0999999999999943,4.051,-85.0,5.389061450958252,954.4981079101562,12.991800000000001
2024-08-27 08:44:56,961.6025390624999,0.07037353515624956,3.504,-1.0999999999999943,4.051,-86.0,5.321949481964111,954.565185546875,12.9016
2024-08-27 07:44:56,1013.482421875,0.5900866699218754,3.285,-1.0999999999999943,4.051,-84.0,5.495368480682373,954.4737548828125,12.8237
2024-08-27 06:44:56,1288.140625,3.337115478515625,3.297,-1.0999999999999943,4.051,-80.0,5.807360649108887,954.4290771484375,12.9344
2024-08-27 05:44:56,1782.525390625,8.279776000976563,3.309,-1.0999999999999943,4.051,-79.0,5.796900749206543,954.5477905273438,12.8155
2024-08-27 04:44:56,2060.2353515625,11.05767822265625,3.305,-1.0999999999999943,4.051,-79.0,5.758249282836914,954.467529296875,12.852400000000001
2024-08-27 03:44:56,1929.009765625,9.747489624023437,3.311,-1.0999999999999943,4.048,-79.0,5.769118785858154,954.2608032226562,12.9549
2024-08-27 02:44:56,2090.7529296875,11.362799682617188,3.312,-1.0999999999999943,4.048,-79.0,5.767080307006836,954.4729614257812,12.9549
2024-08-27 01:44:56,2533.2578125,15.788005981445314,3.314,-1.0999999999999943,4.048,-78.0,5.872707366943359,954.4572143554688,12.9672
2024-08-27 00:44:56,2951.3486328125,19.97059753417969,3.309,-1.1499999999999986,4.048,-78.0,5.725440502166748,954.2888793945312,12.913900000000002
2024-08-26 23:44:56,3247.369140625,22.930806884765627,3.311,-1.0999999999999943,4.048,-79.0,5.893222808837891,954.2884521484375,12.971300000000001
2024-08-26 22:44:56,2914.7275390625,19.6042724609375,3.311,-1.0999999999999943,4.051,-79.0,6.066098690032959,954.30029296875,13.2132
2024-08-26 21:44:56,2508.84375,15.549888916015625,3.318,-1.0999999999999943,4.048,-78.0,6.4781494140625,953.8548583984375,13.237800000000002
2024-08-26 20:44:56,2283.013671875,13.295724487304687,3.314,-1.0999999999999943,4.051,-79.0,6.569987773895264,953.4412231445312,13.369000000000002
2024-08-26 19:44:56,2188.4091796875,12.350121459960937,3.313,-1.0,4.051,-79.0,6.747890472412109,953.3970336914062,13.594500000000002
2024-08-26 18:44:56,1782.525390625,8.2923583984375,3.322,-1.0999999999999943,4.048,-80.0,6.988150596618652,953.28955078125,13.836400000000001
2024-08-26 17:44:56,1501.763671875,5.488792724609375,3.328,-1.0999999999999943,4.051,-80.0,7.125298023223877,952.8843994140625,13.902000000000001
2024-08-26 16:44:56,1224.0537109375,2.714599609375,3.328,-1.0999999999999943,4.051,-80.0,7.798122406005859,952.59375,14.1767
2024-08-26 15:44:56,989.0683593749999,0.36592590332031216,3.318,-1.1499999999999986,4.051,-84.0,8.197537422180176,952.4757690429688,14.0988
2024-08-26 14:44:56,961.6025390624999,0.09088012695312453,3.514,-1.1499999999999986,4.051,-85.0,8.41694450378418,952.5145263671875,14.025
2024-08-26 13:44:56,961.6025390624999,0.0947833251953123,3.508,-1.0999999999999943,4.048,-84.0,8.665085792541504,952.1242065429688,14.234100000000002
2024-08-26 12:44:56,961.6025390624999,0.09411621093749933,3.499,-1.0999999999999943,4.048,-86.0,7.612271785736084,952.19091796875,13.9184
2024-08-26 11:44:56,961.6025390624999,0.0959912109374994,3.491,-1.0999999999999943,4.048,-86.0,6.303505897521973,952.00341796875,13.487900000000002
2024-08-26 10:44:56,961.6025390624999,0.09567871093749902,3.49,-1.0999999999999943,4.051,-86.0,5.288460731506348,952.03466796875,13.024600000000001
2024-08-26 09:44:56,958.5507812499999,0.06357360839843729,3.491,-1.1499999999999986,4.051,-85.0,4.844552040100098,952.1934204101562,12.8237
2024-08-26 08:44:56,958.5507812499999,0.06690612792968675,3.491,-1.0999999999999943,4.048,-86.0,4.471492767333984,951.8601684570312,13.0164
2024-08-26 07:44:56,958.5507812499999,0.06796386718749936,3.49,-1.1499999999999986,4.051,-85.0,4.383389949798584,951.75439453125,13.004100000000001
2024-08-26 06:44:56,961.6025390624999,0.09973327636718654,3.491,-1.0999999999999943,4.051,-86.0,4.585203647613525,951.6292114257812,13.004100000000001
2024-08-26 05:44:56,961.6025390624999,0.09785522460937446,3.505,-1.1499999999999986,4.051,-86.0,4.680371284484863,951.8170166015625,13.024600000000001
2024-08-26 04:44:56,964.6542968749999,0.12807556152343635,3.491,-1.0999999999999943,4.051,-85.0,4.667057037353516,951.8467407226562,12.9344
2024-08-26 03:44:56,1092.828125,1.4082000732421884,3.283,-1.0999999999999943,4.051,-79.0,4.620118618011475,952.0081176757812,13.000000000000002
2024-08-26 01:44:56,1550.591796875,5.9786474609375,3.286,-1.0999999999999943,4.051,-78.0,4.961931228637695,952.72705078125,13.1681
2024-08-26 00:44:56,1822.1982421875,8.69251708984375,3.289,-1.0999999999999943,4.051,-78.0,5.032984733581543,952.946533203125,12.979500000000002
2024-08-25 23:44:56,2124.322265625,11.715203857421876,3.297,-1.0999999999999943,4.048,-78.0,5.811233043670654,952.8018798828125,13.205
2024-08-25 22:44:56,2142.6328125,11.894393920898438,3.302,-1.0999999999999943,4.051,-78.0,6.804610729217529,953.1934204101562,13.1681
2024-08-25 21:44:56,2261.6513671875,13.086999511718748,3.304,-1.1499999999999986,4.051,-77.0,7.897636890411377,952.951416015625,13.7954
2024-08-25 20:44:55,2637.017578125,16.840736694335938,3.301,-1.0999999999999943,4.051,-78.0,8.688859939575195,952.9439086914062,13.824100000000001
2024-08-25 19:44:55,3049.0048828125,20.962633056640627,3.299,-1.0999999999999943,4.048,-79.0,10.52121353149414,952.7415771484375,13.9922
2024-08-25 18:44:55,2991.021484375,20.38194580078125,3.298,-1.0999999999999943,4.051,-78.0,11.143908500671387,952.826904296875,13.988100000000001
2024-08-25 17:44:55,2655.328125,17.0252392578125,3.296,-1.1499999999999986,4.051,-79.0,10.63662338256836,952.80419921875,14.0988
2024-08-25 16:44:55,2246.392578125,12.933220825195313,3.29,-1.0999999999999943,4.051,-78.0,10.737292289733887,953.0704956054688,14.611300000000002
2024-08-25 15:44:55,1718.4384765625,7.651048583984376,3.285,-1.1499999999999986,4.051,-78.0,9.590873718261719,953.3336181640625,14.418600000000001
2024-08-25 14:44:55,1623.833984375,6.7042431640625,3.285,-1.0999999999999943,4.051,-78.0,8.288765907287598,953.40966796875,13.967600000000001
2024-08-25 13:44:55,1602.4716796875,6.486760253906251,3.293,-1.1499999999999986,4.051,-78.0,6.417149543762207,953.795654296875,13.545300000000001
2024-08-25 12:44:55,1565.8505859375,6.122492065429688,3.297,-1.0999999999999943,4.051,-78.0,6.047350883483887,953.6013793945312,13.487900000000002
2024-08-25 11:44:55,1687.9208984375,7.343807373046875,3.295,-1.0999999999999943,4.051,-77.0,5.863469123840332,953.5401611328125,13.3772
2024-08-25 10:44:55,1828.3017578125,8.749864501953125,3.302,-1.1499999999999986,4.051,-77.0,5.343414306640625,953.3153076171875,13.131200000000002
2024-08-25 09:44:55,2032.76953125,10.797920532226563,3.295,-1.0999999999999943,4.051,-78.0,5.20144510269165,952.9774780273438,12.8032
2024-08-25 08:44:55,2176.2021484375,12.234513549804689,3.286,-1.0999999999999943,4.048,-77.0,5.271342754364014,952.7507934570312,12.864700000000001
2024-08-25 07:44:55,2298.2724609375,13.457596435546876,3.286,-1.0999999999999943,4.048,-77.0,5.518599987030029,952.5128173828125,12.959000000000001
2024-08-25 06:44:55,2252.49609375,13.00423278808594,3.269,-1.0999999999999943,4.051,-77.0,5.846827507019043,952.0728149414062,12.819600000000001
2024-08-25 05:44:55,2151.7880859375,12.000679321289063,3.253,-1.0999999999999943,4.048,-77.0,6.138034820556641,951.7201538085938,12.836
2024-08-25 04:44:55,2231.1337890625,12.798067626953124,3.241,-1.0999999999999943,4.051,-77.0,6.306019306182861,951.3270263671875,12.9754
2024-08-25 03:44:55,2194.5126953125,12.43412353515625,3.238,-1.0999999999999943,4.051,-77.0,5.753561973571777,951.100341796875,12.8893
2024-08-25 02:44:55,2460.015625,15.090828247070313,3.208,-1.0999999999999943,4.051,-77.0,5.950893402099609,950.9328002929688,12.983600000000001
2024-08-25 01:44:55,2597.3447265625,16.463770751953124,3.251,-1.0999999999999943,4.051,-77.0,6.001702785491943,950.9676513671875,13.098400000000002
2024-08-25 00:44:55,2319.634765625,13.68925537109375,3.294,-1.0999999999999943,4.051,-78.0,6.202836990356445,950.709228515625,12.9426
2024-08-24 23:44:55,1919.8544921875,9.694610595703125,3.323,-1.0999999999999943,4.051,-78.0,6.457430362701416,950.3934326171875,13.1681
2024-08-24 22:44:55,1901.5439453125,9.514986572265625,3.317,-1.0999999999999943,4.048,-77.0,7.163541316986084,950.0452880859375,13.0533
2024-08-24 21:44:55,2469.1708984375,15.190897827148437,3.317,-1.1499999999999986,4.051,-77.0,8.221923828125,950.0811157226562,13.545300000000001
2024-08-24 20:44:55,2566.8271484375,16.171781005859376,3.309,-1.0999999999999943,4.051,-77.0,10.019159317016602,949.6490478515625,14.0783
2024-08-24 19:44:55,2649.224609375,16.99939453125,3.309,-1.0999999999999943,4.051,-77.0,10.315460205078125,949.28515625,13.963500000000002
2024-08-24 18:44:55,2453.912109375,15.046718139648439,3.307,-1.0999999999999943,4.051,-77.0,11.201715469360352,949.2402954101562,14.471900000000002
2024-08-24 17:44:55,2066.3388671875,11.174019775390626,3.307,-1.0999999999999943,4.051,-77.0,10.819416046142578,948.9368896484375,14.398100000000001
2024-08-24 16:44:55,1886.28515625,9.3694482421875,3.306,-1.1499999999999986,4.051,-77.0,10.336313247680664,949.34033203125,14.394000000000002
2024-08-24 15:44:55,1446.83203125,4.9741015625000005,3.315,-1.0999999999999943,4.048,-78.0,9.95211410522461,949.421875,13.951200000000002
2024-08-24 14:44:55,1251.51953125,3.0178375244140634,3.317,-1.0999999999999943,4.051,-78.0,8.962677001953125,949.7357788085938,13.664200000000001
2024-08-24 13:44:55,961.6025390624999,0.11980957031249906,3.5,-1.0,4.051,-84.0,8.690559387207031,949.62158203125,13.5289
2024-08-24 12:44:55,961.6025390624999,0.11317871093749932,3.499,-1.0999999999999943,4.051,-84.0,7.818975925445557,950.28466796875,13.282900000000001
2024-08-24 11:44:54,958.5507812499999,0.0799377441406246,3.499,-1.0999999999999943,4.051,-84.0,7.711038589477539,950.5570068359375,13.012300000000002
2024-08-24 10:44:54,958.5507812499999,0.07981262207031214,3.498,-1.1499999999999986,4.051,-83.0,7.746157169342041,950.5695190429688,12.991800000000001
2024-08-24 09:44:54,958.5507812499999,0.07788452148437375,3.498,-1.0999999999999943,4.051,-84.0,7.310739517211914,950.7623291015625,12.926200000000001
2024-08-24 08:44:54,961.6025390624999,0.10447387695312393,3.498,-1.0999999999999943,4.051,-84.0,6.920223236083984,951.1551513671875,12.893400000000002
2024-08-24 07:44:54,961.6025390624999,0.09830505371093645,3.497,-1.0999999999999943,4.051,-85.0,6.564892768859863,951.7720336914062,12.946700000000002
2024-08-24 06:44:54,1016.5341796875,0.6457012939453133,3.304,-1.0999999999999943,4.051,-85.0,6.635605335235596,951.9640502929688,13.069700000000001
2024-08-24 05:44:54,1089.7763671875,1.3763903808593758,3.304,-1.0999999999999943,4.051,-77.0,6.410289287567139,952.1373291015625,12.946700000000002
2024-08-24 04:44:54,1098.931640625,1.465230712890625,3.301,-1.0999999999999943,4.051,-78.0,6.231094837188721,952.4085693359375,12.926200000000001
2024-08-24 03:44:54,1300.34765625,3.4744482421875,3.297,-1.0999999999999943,4.051,-78.0,6.346572399139404,952.90283203125,13.012300000000002
2024-08-24 02:44:54,1437.6767578125,4.847520751953125,3.298,-1.1499999999999986,4.051,-78.0,6.421633243560791,952.9246826171875,12.959000000000001
2024-08-24 01:44:54,1541.4365234375,5.885690307617187,3.295,-1.0999999999999943,4.051,-77.0,6.829539775848389,952.8674926757812,13.057400000000001
2024-08-24 00:44:54,1642.14453125,6.891770019531251,3.291,-1.0999999999999943,4.051,-78.0,7.08596658706665,952.967529296875,13.102500000000001
2024-08-23 23:44:54,1571.9541015625,6.189242553710938,3.281,-1.0999999999999943,4.051,-78.0,7.020484447479248,953.0298461914062,13.1804
2024-08-23 22:44:54,1748.9560546875,7.9593353271484375,3.274,-1.0999999999999943,4.051,-78.0,7.643315315246582,953.0225219726562,13.467400000000001
2024-08-23 21:44:54,1687.9208984375,7.344857177734375,3.251,-1.1499999999999986,4.051,-77.0,7.747856616973877,953.4351806640625,13.7093
2024-08-23 20:44:54,1596.3681640625,6.43178955078125,3.23,-1.1499999999999986,4.051,-77.0,8.5731782913208,953.189208984375,13.9594
2024-08-23 19:44:54,1391.900390625,4.38794921875,3.2,-1.0999999999999943,4.051,-77.0,8.675954818725586,953.10546875,14.037300000000002
2024-08-23 18:44:54,1388.8486328125,4.35830322265625,3.173,-1.0999999999999943,4.051,-77.0,8.639204978942871,953.018310546875,14.168500000000002
2024-08-23 17:44:54,2533.2578125,15.80542175292969,3.133,-1.0999999999999943,4.048,-77.0,8.167038917541504,952.7156372070312,14.0045
2024-08-23 16:44:54,1910.69921875,9.5813330078125,3.163,-1.1499999999999986,4.051,-78.0,8.062023162841797,952.56591796875,13.746200000000002
2024-08-23 15:44:54,1327.8134765625,3.751892700195313,3.227,-1.0999999999999943,4.051,-78.0,7.735561370849609,952.6242065429688,13.3977
2024-08-23 14:44:54,961.6025390624999,0.08992370605468647,3.492,-1.0999999999999943,4.051,-84.0,8.143876075744629,952.6101684570312,13.241900000000001
2024-08-23 13:44:54,961.6025390624999,0.09494079589843718,3.496,-1.0999999999999943,4.051,-84.0,8.257586479187012,952.1084594726562,13.045100000000001
2024-08-23 12:44:54,961.6025390624999,0.09495483398437421,3.496,-1.0999999999999943,4.051,-86.0,7.703023910522461,952.1070556640625,13.1476
2024-08-23 11:44:54,961.6025390624999,0.09611267089843722,3.498,-1.0999999999999943,4.051,-84.0,7.519007682800293,951.9912719726562,13.069700000000001
2024-08-23 10:44:54,2188.4091796875,12.366113891601564,3.12,-1.0999999999999943,4.051,-77.0,7.141804218292236,951.7977905273438,12.9959
2024-08-23 09:44:54,3036.7978515625,20.852364501953126,3.065,-1.0999999999999943,4.051,-77.0,6.855148792266846,951.5614013671875,12.819600000000001
2024-08-23 08:44:54,3555.5966796875,26.04008056640625,3.091,-1.0499999999999972,4.051,-77.0,6.84400749206543,951.588623046875,12.9016
2024-08-23 07:44:54,1837.45703125,8.854984130859375,3.104,-1.0999999999999943,4.051,-78.0,6.869142055511475,951.9586181640625,13.024600000000001
2024-08-23 06:44:54,961.6025390624999,0.09695190429687472,3.509,-1.1499999999999986,4.051,-84.0,7.32133674621582,951.9073486328125,12.918000000000001
2024-08-23 05:44:54,967.7060546874999,0.16027954101562436,3.514,-1.0999999999999943,4.051,-84.0,7.737734317779541,951.6781005859375,12.9016
2024-08-23 04:44:54,964.6542968749999,0.1300524902343747,3.517,-1.0999999999999943,4.051,-84.0,7.420375823974609,951.6490478515625,12.9631
2024-08-23 03:44:54,961.6025390624999,0.09610046386718696,3.515,-1.0999999999999943,4.051,-83.0,7.511875152587891,951.9924926757812,12.9549
2024-08-23 02:44:54,961.6025390624999,0.088190917968749,3.509,-1.0999999999999943,4.051,-83.0,7.824953556060791,952.783447265625,12.819600000000001
2024-08-23 01:44:53,961.6025390624999,0.08650634765624887,3.492,-1.0999999999999943,4.051,-85.0,7.924264907836914,952.951904296875,13.0205
2024-08-23 00:44:53,1462.0908203125,5.089150390625,3.271,-1.0999999999999943,4.051,-77.0,8.36722183227539,953.17578125,12.9631
2024-08-22 23:44:53,2594.29296875,16.412745361328124,3.298,-1.0999999999999943,4.051,-77.0,8.046263694763184,953.0184326171875,13.057400000000001
2024-08-22 22:44:53,2997.125,20.436723632812498,3.3,-1.0999999999999943,4.051,-76.0,7.753697395324707,953.45263671875,13.102500000000001
2024-08-22 21:44:53,3470.1474609375,25.166945190429686,3.295,-1.0499999999999972,4.051,-76.0,7.879228591918945,953.4529418945312,13.3854
2024-08-22 20:44:53,4001.1533203124995,30.470461425781245,3.293,-1.0999999999999943,4.051,-76.0,8.954254150390625,954.107177734375,14.1193
2024-08-22 19:44:53,4443.658203125,34.89726196289062,3.293,-1.0999999999999943,4.051,-76.0,10.476177215576172,953.9320068359375,14.0045
2024-08-22 18:44:53,4458.9169921875,35.04509948730468,3.288,-1.0999999999999943,4.051,-77.0,13.561391830444336,954.4070434570312,14.0455
2024-08-22 17:44:53,3601.373046875,26.467894287109374,3.289,-1.0999999999999943,4.051,-77.0,12.404580116271973,954.5836181640625,14.0127
2024-08-22 16:44:53,2749.9326171875,17.949349365234376,3.284,-1.0999999999999943,4.051,-77.0,14.626093864440918,954.9976806640625,13.967600000000001
2024-08-22 15:44:53,967.7060546874999,0.12406677246093678,3.486,-1.0999999999999943,4.051,-87.0,15.0387544631958,955.2993774414062,13.930700000000002
2024-08-22 14:44:53,967.7060546874999,0.114812011718749,3.486,-1.1499999999999986,4.051,-83.0,13.620896339416504,956.224853515625,13.988100000000001
2024-08-22 13:44:53,967.7060546874999,0.11083068847656197,3.486,-1.0999999999999943,4.054,-85.0,10.826276779174805,956.6229858398438,13.9061
2024-08-22 12:44:53,970.7578124999999,0.13126403808593645,3.485,-1.0999999999999943,4.051,-84.0,8.011143684387207,957.6314086914062,14.082400000000002
2024-08-22 11:44:53,961.6025390624999,0.034683227539061834,3.485,-1.0999999999999943,4.051,-84.0,4.974430084228516,958.1342163085938,14.4145
2024-08-22 10:44:53,967.7060546874999,0.08813720703124917,3.485,-1.0999999999999943,4.051,-84.0,3.1572253704071045,958.892333984375,14.562100000000001
2024-08-22 09:44:53,967.7060546874999,0.08358215332031182,3.486,-1.0999999999999943,4.051,-83.0,1.4548169374465942,959.3478393554688,14.189000000000002
2024-08-22 08:44:53,970.7578124999999,0.1114471435546871,3.487,-1.0999999999999943,4.051,-84.0,0.35262084007263184,959.6130981445312,12.9959
2024-08-22 07:44:53,970.7578124999999,0.11516662597656158,3.488,-1.0999999999999943,4.051,-85.0,0.3503784239292145,959.2411499023438,12.8237
2024-08-22 06:44:53,961.6025390624999,0.027302856445311496,3.488,-1.0999999999999943,4.051,-85.0,0.29888916015625,958.8722534179688,12.840100000000001
2024-08-22 05:44:53,970.7578124999999,0.12179382324218668,3.488,-1.0999999999999943,4.051,-85.0,0.9425732493400574,958.5784301757812,12.885200000000001
2024-08-22 04:44:53,961.6025390624999,0.033795776367187,3.486,-1.0999999999999943,4.054,-85.0,1.125299096107483,958.2229614257812,12.983600000000001
2024-08-22 03:44:53,961.6025390624999,0.03705505371093709,3.49,-1.1499999999999986,4.051,-85.0,1.178826928138733,957.8970336914062,13.0861
2024-08-22 02:44:53,964.6542968749999,0.07437255859374936,3.49,-1.0999999999999943,4.051,-85.0,2.2095630168914795,957.217041015625,13.0205
2024-08-22 01:44:53,967.7060546874999,0.11379028320312456,3.493,-1.0999999999999943,4.054,-86.0,4.157054424285889,956.3270263671875,13.123000000000001
2024-08-22 00:44:53,964.6542968749999,0.08766357421874926,3.491,-1.0,4.054,-84.0,5.094594955444336,955.887939453125,13.0082
2024-08-21 23:44:53,967.7060546874999,0.128095092773437,3.49,-1.0999999999999943,4.051,-85.0,5.987098217010498,954.8965454101562,13.155800000000001
2024-08-21 22:44:53,964.6542968749999,0.10372436523437445,3.49,-1.0499999999999972,4.051,-84.0,6.823630332946777,954.2818603515625,13.4387
2024-08-21 21:44:53,2142.6328125,11.889003295898437,3.299,-1.1499999999999986,4.051,-76.0,8.142380714416504,953.7324829101562,13.902000000000001
2024-08-21 20:44:53,2670.5869140625,17.173736572265625,3.304,-1.0999999999999943,4.051,-76.0,8.535343170166016,953.2132568359375,14.148000000000001
2024-08-21 19:44:53,2414.2392578125,14.614030151367189,3.294,-1.0,4.051,-76.0,9.600927352905273,952.8362426757812,14.082400000000002
2024-08-21 18:44:53,1968.6826171875,10.160612182617188,3.303,-1.0499999999999972,4.051,-76.0,10.971099853515625,952.6213989257812,13.930700000000002
2024-08-21 17:44:53,1034.8447265625,0.8234881591796883,3.289,-1.0999999999999943,4.051,-78.0,10.523523330688477,952.4959106445312,14.094700000000001
2024-08-21 16:44:53,961.6025390624999,0.09274597167968635,3.488,-1.0999999999999943,4.051,-84.0,10.844958305358887,952.3279418945312,14.029100000000001
2024-08-21 15:44:53,964.6542968749999,0.12098693847656161,3.49,-1.0999999999999943,4.051,-83.0,11.034611701965332,952.5556030273438,14.5334
2024-08-21 13:44:53,961.6025390624999,0.08314086914062435,3.491,-1.0999999999999943,4.051,-84.0,7.775434494018555,953.2884521484375,14.4883
2024-08-21 12:44:53,961.6025390624999,0.0792645263671865,3.491,-1.0999999999999943,4.051,-84.0,6.083487510681152,953.6760864257812,14.418600000000001
2024-08-21 11:44:53,961.6025390624999,0.07737060546874952,3.491,-1.0999999999999943,4.051,-86.0,5.027346134185791,953.865478515625,13.770800000000001
2024-08-21 10:44:53,967.7060546874999,0.13965576171874883,3.491,-1.1499999999999986,4.051,-86.0,4.430871486663818,953.740478515625,13.356700000000002
2024-08-21 09:44:53,961.6025390624999,0.07810485839843673,3.489,-1.0999999999999943,4.051,-85.0,3.7138257026672363,953.7920532226562,13.012300000000002
2024-08-21 08:44:53,961.6025390624999,0.08200012207031149,3.49,-1.0,4.051,-85.0,3.378941535949707,953.4025268554688,12.926200000000001
2024-08-21 07:44:53,961.6025390624999,0.08140991210937476,3.49,-1.0999999999999943,4.051,-85.0,3.484637498855591,953.4615478515625,12.893400000000002
2024-08-21 06:44:53,961.6025390624999,0.08450988769531209,3.489,-1.0999999999999943,4.051,-85.0,3.820200204849243,953.1515502929688,12.991800000000001
2024-08-21 05:44:53,961.6025390624999,0.08835021972656176,3.498,-1.0999999999999943,4.054,-84.0,4.157189846038818,952.7675170898438,12.9303
2024-08-21 04:44:52,961.6025390624999,0.09015197753906135,3.496,-1.0999999999999943,4.051,-85.0,4.260440826416016,952.5873413085938,12.864700000000001
2024-08-21 03:44:52,961.6025390624999,0.08942077636718726,3.491,-1.0999999999999943,4.051,-84.0,4.349902153015137,952.6604614257812,13.0943
2024-08-21 02:44:52,961.6025390624999,0.09291931152343724,3.49,-1.0999999999999943,4.051,-85.0,4.307106971740723,952.3106079101562,13.1681
2024-08-21 01:44:52,961.6025390624999,0.09461914062499965,3.499,-1.0999999999999943,4.051,-83.0,4.409814357757568,952.140625,13.143500000000001
2024-08-21 00:44:52,1687.9208984375,7.361124877929688,3.308,-1.0999999999999943,4.051,-75.0,4.948822021484375,951.8084106445312,13.262400000000001
2024-08-20 23:44:52,2588.189453125,16.369857177734374,3.306,-1.1499999999999986,4.051,-75.0,5.389197826385498,951.2037353515625,13.1804
2024-08-20 22:44:52,961.6025390624999,0.11313659667968712,3.501,-1.0999999999999943,4.051,-82.0,5.935609340667725,950.2888793945312,13.533000000000001
2024-08-20 21:44:52,2929.986328125,19.802197875976564,3.311,-1.0999999999999943,4.051,-75.0,6.651092529296875,949.7665405273438,14.1521
2024-08-20 20:44:52,3979.791015625,30.302569580078128,3.316,-1.0999999999999943,4.051,-75.0,7.612951755523682,949.5340576171875,14.193100000000001
2024-08-20 19:44:52,4129.3271484375,31.802729492187495,3.319,-1.0999999999999943,4.054,-75.0,8.730297088623047,949.05419921875,14.4473
2024-08-20 18:44:52,4068.2919921874995,31.20231079101562,3.319,-1.0999999999999943,4.051,-75.0,9.938189506530762,948.0609130859375,14.066
2024-08-20 17:44:52,3702.0810546875,27.546060791015627,3.318,-1.0999999999999943,4.051,-75.0,11.8020601272583,947.4749755859375,13.984000000000002
2024-08-20 16:44:52,3030.6943359375,20.82932800292969,3.316,-1.0999999999999943,4.051,-75.0,11.196213722229004,947.7615356445312,14.0578
2024-08-20 15:44:52,2411.1875,14.636348266601562,3.31,-1.0999999999999943,4.054,-81.0,11.398366928100586,947.5526733398438,14.5416
2024-08-20 14:44:52,955.4990234374999,0.07864807128906137,3.497,-1.0999999999999943,4.051,-84.0,10.773565292358398,947.6342163085938,14.611300000000002
2024-08-20 13:44:52,955.4990234374999,0.07540405273437467,3.497,-1.0999999999999943,4.051,-84.0,8.1966552734375,947.9586181640625,14.418600000000001
2024-08-20 12:44:52,961.6025390624999,0.13527832031249964,3.494,-1.0999999999999943,4.051,-83.0,7.720956802368164,948.07470703125,14.3571
2024-08-20 11:44:52,955.4990234374999,0.07329956054687448,3.493,-1.0999999999999943,4.051,-83.0,6.989916801452637,948.1690673828125,13.7749
2024-08-20 10:44:52,955.4990234374999,0.07181213378906204,3.491,-1.0499999999999972,4.051,-85.0,6.208611011505127,948.3178100585938,13.2665
2024-08-20 09:44:52,958.5507812499999,0.10358764648437435,3.49,-1.0999999999999943,4.051,-85.0,5.517852783203125,948.1920166015625,12.9754
2024-08-20 08:44:52,958.5507812499999,0.10272644042968682,3.489,-1.0,4.054,-84.0,5.131003379821777,948.2781372070312,12.8114
2024-08-20 07:44:52,961.6025390624999,0.13133789062499956,3.49,-1.0999999999999943,4.051,-85.0,5.068442344665527,948.46875,12.9631
2024-08-20 06:44:52,955.4990234374999,0.06723083496093629,3.49,-1.1499999999999986,4.051,-85.0,4.998341083526611,948.7759399414062,12.8114
2024-08-20 05:44:52,958.5507812499999,0.09754089355468731,3.489,-1.0999999999999943,4.051,-85.0,5.1894211769104,948.7966918945312,12.983600000000001
2024-08-20 04:44:52,955.4990234374999,0.061511840820311914,3.489,-1.0999999999999943,4.054,-83.0,5.147035121917725,949.3478393554688,13.024600000000001
2024-08-20 03:44:52,1074.517578125,1.248280639648438,3.307,-1.0999999999999943,4.054,-75.0,5.185617446899414,949.6895141601562,13.069700000000001
2024-08-20 02:44:52,1419.3662109375,4.694696655273438,3.308,-1.0999999999999943,4.051,-76.0,5.269984245300293,949.8965454101562,12.983600000000001
2024-08-20 01:44:52,1404.107421875,4.537708740234375,3.306,-1.0999999999999943,4.054,-76.0,5.510720252990723,950.3365478515625,12.959000000000001
2024-08-20 00:44:52,1886.28515625,9.356665649414063,3.306,-1.0999999999999943,4.051,-76.0,5.868768215179443,950.6185913085938,13.012300000000002
2024-08-19 23:44:52,2258.599609375,13.080877075195314,3.306,-1.0999999999999943,4.051,-75.0,6.603000640869141,950.5119018554688,13.196800000000001
2024-08-19 22:44:52,1520.07421875,5.692235717773438,3.306,-1.0999999999999943,4.051,-75.0,7.320589542388916,950.8506469726562,13.487900000000002
2024-08-19 21:44:52,2795.708984375,18.44587890625,3.307,-1.0999999999999943,4.051,-76.0,7.759539604187012,951.12109375,13.7216
2024-08-19 20:44:52,3323.6630859375,23.723416748046873,3.31,-1.0999999999999943,4.051,-76.0,8.882454872131348,951.3214111328125,13.9922
2024-08-19 19:44:52,4016.4121093749995,30.64905517578125,3.316,-1.0999999999999943,4.051,-76.0,9.715045928955078,951.506591796875,14.148000000000001
2024-08-19 18:44:52,4407.037109375,34.554006958007804,3.314,-1.0999999999999943,4.054,-75.0,10.707880020141602,951.6364135742188,14.1234
2024-08-19 17:44:52,4324.6396484375,33.72776062011718,3.309,-1.0999999999999943,4.054,-75.0,13.118163108825684,951.8635864257812,13.955300000000001
2024-08-19 16:44:52,3555.5966796875,26.032244873046878,3.305,-1.0999999999999943,4.051,-75.0,12.266279220581055,952.3721923828125,14.037300000000002
2024-08-19 15:44:52,2344.048828125,13.911188354492188,3.299,-1.0999999999999943,4.051,-75.0,10.972050666809082,952.9299926757812,14.558000000000002
2024-08-19 14:44:52,964.6542968749999,0.11160095214843624,3.498,-1.0999999999999943,4.051,-84.0,10.036548614501953,953.4942016601562,14.439100000000002
2024-08-19 13:44:52,967.7060546874999,0.13903564453124906,3.501,-1.0499999999999972,4.051,-82.0,8.851479530334473,953.802490234375,14.406300000000002
2024-08-19 12:44:52,961.6025390624999,0.07295166015624965,3.507,-1.0999999999999943,4.054,-83.0,8.033084869384766,954.307373046875,14.5744
2024-08-19 11:44:52,961.6025390624999,0.07222839355468635,3.514,-1.0999999999999943,4.051,-85.0,6.840068340301514,954.3796997070312,13.848700000000001
2024-08-19 10:44:51,961.6025390624999,0.06932556152343672,3.517,-1.0999999999999943,4.051,-84.0,5.372215747833252,954.6699829101562,13.2132
2024-08-19 09:44:51,970.7578124999999,0.16013916015624963,3.518,-1.0,4.054,-85.0,4.811403751373291,954.743896484375,12.946700000000002
2024-08-19 08:44:51,961.6025390624999,0.06837402343749965,3.511,-1.0999999999999943,4.051,-84.0,4.954798698425293,954.76513671875,12.8893
2024-08-19 07:44:51,964.6542968749999,0.09420410156249948,3.494,-1.0999999999999943,4.051,-89.0,4.668211460113525,955.23388671875,12.819600000000001
2024-08-19 06:44:51,1007.37890625,0.5223315429687503,3.298,-1.0999999999999943,4.051,-81.0,4.314919471740723,955.145751953125,12.9672
2024-08-19 05:44:51,961.6025390624999,0.06422668457031211,3.49,-1.0999999999999943,4.051,-84.0,4.346573352813721,955.1798706054688,12.971300000000001
2024-08-19 04:44:51,961.6025390624999,0.06052062988281204,3.489,-1.0999999999999943,4.051,-83.0,4.31587028503418,955.5504760742188,12.905700000000001
2024-08-19 03:44:51,1150.8115234375,1.9542291259765632,3.309,-1.0999999999999943,4.051,-75.0,4.266622543334961,955.3886108398438,12.9877
2024-08-19 02:44:51,1761.1630859375,8.057526245117188,3.305,-1.1499999999999986,4.054,-76.0,4.786134243011475,955.4104614257812,12.9754
2024-08-19 01:44:51,1803.8876953125,8.486705322265625,3.307,-1.0999999999999943,4.051,-76.0,5.245937347412109,955.2171630859375,12.971300000000001
2024-08-19 00:44:51,961.6025390624999,0.06331420898437412,3.491,-1.0999999999999943,4.051,-84.0,5.2420654296875,955.2711181640625,13.036900000000001
2024-08-18 23:44:51,1837.45703125,8.827017211914063,3.309,-1.1499999999999986,4.051,-76.0,5.763140678405762,954.7553100585938,13.414100000000001
2024-08-18 22:44:51,2914.7275390625,19.600953369140626,3.313,-1.0999999999999943,4.051,-75.0,7.136709213256836,954.6322021484375,13.8405
2024-08-18 21:44:51,3293.1455078125,23.39085998535156,3.306,-1.0999999999999943,4.054,-75.0,8.586492538452148,954.0595092773438,14.053700000000001
2024-08-18 20:44:51,4016.4121093749995,30.627552490234372,3.309,-1.1499999999999986,4.051,-76.0,10.35037612915039,953.6568603515625,14.3038
2024-08-18 19:44:51,4175.103515625,32.21871459960937,3.304,-1.0999999999999943,4.051,-76.0,12.187755584716797,953.2320556640625,14.0004
2024-08-18 18:44:51,4297.173828125,33.441577148437496,3.301,-1.0999999999999943,4.051,-76.0,12.544511795043945,953.01611328125,14.172600000000001
2024-08-18 17:44:51,4251.3974609375,32.986365356445305,3.296,-1.0999999999999943,4.054,-75.0,13.174951553344727,952.7609252929688,13.9389
2024-08-18 16:44:51,3934.0146484375,29.8141748046875,3.29,-1.0999999999999943,4.054,-75.0,14.478960990905762,952.59716796875,13.9717
2024-08-18 15:44:51,2438.6533203125,14.861000366210938,3.287,-1.0999999999999943,4.051,-75.0,14.501513481140137,952.5532836914062,13.9266
2024-08-18 14:44:51,964.6542968749999,0.11618225097656198,3.488,-1.0999999999999943,4.051,-84.0,10.468366622924805,953.0360717773438,14.016800000000002
2024-08-18 13:44:51,961.6025390624999,0.08144897460937384,3.489,-1.0999999999999943,4.051,-84.0,8.69096565246582,953.4576416015625,14.4678
2024-08-18 12:44:51,958.5507812499999,0.04919372558593649,3.488,-1.0999999999999943,4.054,-85.0,6.910577297210693,953.6314086914062,14.4883
2024-08-18 11:44:51,961.6025390624999,0.07626281738281171,3.489,-1.0999999999999943,4.051,-84.0,5.164968490600586,953.9762573242188,14.201300000000002
2024-08-18 10:44:51,964.6542968749999,0.10724609374999972,3.489,-1.0999999999999943,4.054,-85.0,4.154880523681641,953.9296875,14.205400000000001
2024-08-18 09:44:51,961.6025390624999,0.07953186035156157,3.493,-1.0999999999999943,4.051,-84.0,4.858748912811279,953.6493530273438,14.377600000000001
2024-08-18 08:44:51,961.6025390624999,0.07789428710937463,3.491,-1.0999999999999943,4.054,-85.0,3.8536205291748047,953.8131103515625,12.885200000000001
2024-08-18 07:44:51,961.6025390624999,0.0811584472656246,3.492,-1.0999999999999943,4.051,-86.0,4.217238903045654,953.4866943359375,12.8155
2024-08-18 06:44:51,964.6542968749999,0.10867736816406182,3.489,-1.1499999999999986,4.051,-85.0,4.620934009552002,953.7865600585938,12.926200000000001
2024-08-18 05:44:51,958.5507812499999,0.04857482910156197,3.489,-1.0999999999999943,4.054,-86.0,4.74354362487793,953.6932983398438,12.8565
2024-08-18 04:44:51,961.6025390624999,0.07701782226562481,3.492,-1.0999999999999943,4.054,-86.0,4.702243804931641,953.9007568359375,12.9344
2024-08-18 03:44:51,958.5507812499999,0.0447637939453116,3.492,-1.1499999999999986,4.054,-85.0,4.749860763549805,954.0744018554688,13.090200000000001
2024-08-18 02:44:51,958.5507812499999,0.04442810058593705,3.494,-1.0999999999999943,4.054,-84.0,4.7545485496521,954.1079711914062,13.069700000000001
2024-08-18 01:44:51,961.6025390624999,0.07156005859374925,3.486,-1.1499999999999986,4.051,-84.0,4.721806526184082,954.446533203125,12.9426
2024-08-18 00:44:51,1129.44921875,1.7490374755859384,3.306,-1.0999999999999943,4.054,-75.0,5.082707405090332,954.5454711914062,13.1599
2024-08-17 23:44:51,1224.0537109375,2.6988433837890624,3.302,-1.0999999999999943,4.054,-75.0,6.243458271026611,954.1693725585938,13.3321
2024-08-17 22:44:51,1983.94140625,10.298267211914062,3.3,-1.1499999999999986,4.054,-75.0,6.807259559631348,954.1146850585938,13.565800000000001
2024-08-17 21:44:51,2810.9677734375,18.572584228515623,3.295,-1.1499999999999986,4.051,-75.0,7.963187217712402,953.7093505859375,13.832300000000002
2024-08-17 20:44:51,3164.9716796875,22.112863769531252,3.296,-1.0999999999999943,4.051,-75.0,8.880009651184082,953.685302734375,13.7544
2024-08-17 19:44:51,3073.4189453125,21.202072143554688,3.286,-1.1499999999999986,4.051,-75.0,11.092080116271973,953.2117309570312,14.4555
2024-08-17 18:44:51,2997.125,20.43240478515625,3.29,-1.0999999999999943,4.054,-75.0,10.61651611328125,953.884521484375,14.0004
2024-08-17 17:44:51,2340.9970703125,13.87397705078125,3.286,-1.0999999999999943,4.051,-74.0,13.141258239746094,953.599365234375,14.016800000000002
2024-08-17 16:44:51,989.0683593749999,0.35479431152343643,3.288,-1.1499999999999986,4.054,-97.0,13.6336669921875,953.5889282226562,14.603100000000001
2024-08-17 15:44:51,967.7060546874999,0.131533813476562,3.488,-1.0999999999999943,4.054,-83.0,10.754408836364746,954.5526733398438,14.615400000000001
2024-08-17 14:44:51,961.6025390624999,0.06933654785156174,3.488,-1.0999999999999943,4.054,-84.0,10.230483055114746,954.6688842773438,14.631800000000002
2024-08-17 13:44:51,961.6025390624999,0.0635925292968742,3.487,-1.0999999999999943,4.054,-83.0,9.061920166015625,955.2432861328125,14.451400000000001
2024-08-17 12:44:51,964.6542968749999,0.0941943359374997,3.488,-1.0999999999999943,4.051,-84.0,8.42496109008789,955.23486328125,14.189000000000002
2024-08-17 11:44:51,964.6542968749999,0.09006164550781182,3.488,-1.0999999999999943,4.054,-84.0,6.561971664428711,955.6481323242188,13.606800000000002
2024-08-17 10:44:50,961.6025390624999,0.059117431640623996,3.49,-1.1499999999999986,4.054,-85.0,5.38430643081665,955.6907958984375,13.1353
2024-08-17 09:44:50,961.6025390624999,0.0600067138671867,3.489,-1.0999999999999943,4.054,-85.0,4.505660533905029,955.6018676757812,13.045100000000001
2024-08-17 08:44:50,961.6025390624999,0.05916625976562395,3.489,-1.1499999999999986,4.054,-84.0,4.023237228393555,955.6859130859375,12.9549
2024-08-17 07:44:50,961.6025390624999,0.05847534179687419,3.488,-1.0999999999999943,4.054,-85.0,3.9838390350341797,955.7550048828125,12.745800000000001
2024-08-17 06:44:50,964.6542968749999,0.0904901123046864,3.493,-1.0999999999999943,4.054,-83.0,3.774620294570923,955.6052856445312,13.0738
2024-08-17 05:44:50,973.8095703124999,0.1823614501953119,3.285,-1.0999999999999943,4.054,-81.0,3.96882700920105,955.5734252929688,13.045100000000001
2024-08-17 04:44:50,1053.1552734375,0.9778918457031249,3.293,-1.0999999999999943,4.051,-77.0,3.9352025985717773,955.3660888671875,12.991800000000001
2024-08-17 03:44:50,1202.69140625,2.4733172607421885,3.297,-1.0999999999999943,4.054,-76.0,3.605548143386841,955.3596801757812,12.946700000000002
2024-08-17 02:44:50,1086.724609375,1.3114587402343758,3.3,-1.0999999999999943,4.054,-75.0,3.4931273460388184,955.5787353515625,13.036900000000001
2024-08-17 01:44:50,1016.5341796875,0.6099011230468754,3.298,-1.1499999999999986,4.051,-80.0,3.2812609672546387,955.5440673828125,12.9549
2024-08-17 00:44:50,989.0683593749999,0.3376385498046863,3.297,-1.0999999999999943,4.054,-83.0,3.2263758182525635,955.3045043945312,13.229600000000001
2024-08-16 23:44:50,1840.5087890625,8.857250366210938,3.293,-1.0999999999999943,4.054,-76.0,5.351497650146484,954.7837524414062,13.2911
2024-08-16 22:44:50,2847.5888671875,18.934562377929687,3.293,-1.0999999999999943,4.054,-76.0,7.398435115814209,954.1326293945312,13.815900000000001
2024-08-16 21:44:50,3369.439453125,24.157572631835937,3.291,-1.0999999999999943,4.054,-76.0,9.183238983154297,953.6821899414062,14.115200000000002
2024-08-16 20:44:50,4077.4472656249995,31.23987548828125,3.29,-1.0499999999999972,4.054,-76.0,10.395276069641113,953.459716796875,14.061900000000001
2024-08-16 19:44:50,4364.3125,34.11340942382812,3.285,-1.0999999999999943,4.051,-77.0,11.558267593383789,952.9715576171875,14.049600000000002
2024-08-16 18:44:50,4590.142578125,36.37250366210937,3.28,-1.0999999999999943,4.054,-76.0,11.846078872680664,952.8922119140625,13.996300000000002
2024-08-16 17:44:50,4715.2646484375,37.62552917480468,3.277,-1.0999999999999943,4.054,-76.0,12.364299774169922,952.7117309570312,13.975800000000001
2024-08-16 16:44:50,4315.484375,33.62888610839843,3.263,-1.0999999999999943,4.054,-76.0,13.756684303283691,952.5957641601562,13.8856
2024-08-16 15:44:50,2978.814453125,20.260955200195312,3.25,-1.1499999999999986,4.054,-75.0,11.42519760131836,952.7189331054688,14.1234
2024-08-16 14:44:50,1297.2958984375,3.443182373046876,3.255,-1.1499999999999986,4.054,-76.0,11.02856731414795,952.9776611328125,14.4145
2024-08-16 13:44:50,961.6025390624999,0.08424438476562379,3.488,-1.0999999999999943,4.054,-84.0,9.2841796875,953.1781005859375,14.4801
2024-08-16 12:44:50,961.6025390624999,0.08180480957031167,3.488,-1.0999999999999943,4.051,-84.0,7.050236701965332,953.4220581054688,14.435
2024-08-16 11:44:50,961.6025390624999,0.0795300292968748,3.488,-1.0999999999999943,4.054,-85.0,5.856269359588623,953.6495361328125,14.258700000000001
2024-08-16 10:44:50,958.5507812499999,0.04739685058593679,3.489,-1.0999999999999943,4.054,-86.0,4.546756744384766,953.8110961914062,13.467400000000001
2024-08-16 09:44:50,961.6025390624999,0.07969726562499946,3.493,-1.0999999999999943,4.051,-84.0,4.049932956695557,953.6328125,12.9754
2024-08-16 08:44:50,958.5507812499999,0.04922363281249953,3.492,-1.0999999999999943,4.054,-84.0,3.883305549621582,953.62841796875,12.872900000000001
2024-08-16 07:44:50,961.6025390624999,0.0815533447265615,3.493,-1.1499999999999986,4.054,-85.0,3.7197351455688477,953.4472045898438,12.8688
2024-08-16 06:44:50,961.6025390624999,0.08199279785156222,3.491,-1.0999999999999943,4.054,-86.0,3.3991832733154297,953.4032592773438,12.9672
2024-08-16 05:44:50,961.6025390624999,0.08355834960937392,3.488,-1.0999999999999943,4.051,-86.0,3.777813673019409,953.2467041015625,12.877
2024-08-16 04:44:50,961.6025390624999,0.08407043457031138,3.488,-1.0999999999999943,4.054,-85.0,4.01168966293335,953.1954956054688,13.041
2024-08-16 03:44:50,961.6025390624999,0.08182983398437482,3.487,-1.1499999999999986,4.054,-85.0,4.12974739074707,953.4195556640625,13.004100000000001
2024-08-16 02:44:50,964.6542968749999,0.1126599121093741,3.486,-1.0999999999999943,4.054,-84.0,4.212551116943359,953.3883056640625,12.860600000000002
2024-08-16 01:44:50,958.5507812499999,0.049779663085937065,3.491,-1.1499999999999986,4.051,-84.0,4.409677505493164,953.5728149414062,13.077900000000001
2024-08-16 00:44:50,961.6025390624999,0.08126464843749903,3.493,-1.0999999999999943,4.054,-85.0,4.739875316619873,953.47607421875,13.0943
2024-08-15 23:44:50,961.6025390624999,0.08464416503906169,3.494,-1.0999999999999943,4.054,-85.0,5.58659553527832,953.1381225585938,13.2583
2024-08-15 22:44:50,958.5507812499999,0.057143554687498765,3.489,-1.1499999999999986,4.054,-84.0,6.863979339599609,952.83642578125,13.856900000000001
2024-08-15 21:44:50,964.6542968749999,0.12139587402343666,3.49,-1.0999999999999943,4.051,-84.0,8.022963523864746,952.5147094726562,14.3817
2024-08-15 20:44:50,961.6025390624999,0.09267517089843635,3.49,-1.0999999999999943,4.054,-84.0,8.259352684020996,952.3350219726562,14.459600000000002
2024-08-15 19:44:50,961.6025390624999,0.09141113281249891,3.489,-1.0499999999999972,4.054,-84.0,7.557998180389404,952.46142578125,14.6277
2024-08-15 18:44:50,961.6025390624999,0.0963146972656248,3.491,-1.0999999999999943,4.054,-84.0,8.99820327758789,951.9710693359375,14.299700000000001
2024-08-15 17:44:50,967.7060546874999,0.16142150878906136,3.492,-1.0999999999999943,4.054,-84.0,10.498322486877441,951.5639038085938,14.5006
2024-08-15 16:44:50,961.6025390624999,0.10227050781249969,3.488,-1.0999999999999943,4.054,-84.0,9.424722671508789,951.37548828125,14.599
2024-08-15 15:44:50,958.5507812499999,0.07385498046874939,3.489,-1.1499999999999986,4.054,-84.0,9.30761432647705,951.165283203125,14.340700000000002
2024-08-15 14:44:50,961.6025390624999,0.10676757812499882,3.495,-1.0999999999999943,4.051,-84.0,8.97558307647705,950.92578125,14.332500000000001
2024-08-15 13:44:50,958.5507812499999,0.07511230468749908,3.495,-1.0999999999999943,4.054,-84.0,6.192716121673584,951.03955078125,13.7626
2024-08-15 12:44:50,958.5507812499999,0.07636901855468725,3.489,-1.0999999999999943,4.054,-85.0,5.703364372253418,950.9138793945312,13.1271
2024-08-15 11:44:50,958.5507812499999,0.0838970947265616,3.489,-1.1499999999999986,4.054,-85.0,5.390215873718262,950.1610717773438,13.082
2024-08-15 10:44:50,958.5507812499999,0.09118408203124928,3.49,-1.1499999999999986,4.054,-84.0,5.296951770782471,949.432373046875,12.9426
2024-08-15 09:44:50,958.5507812499999,0.10109069824218664,3.49,-1.0499999999999972,4.054,-84.0,4.9897141456604,948.4417114257812,13.0164
2024-08-15 08:44:50,955.4990234374999,0.07514831542968725,3.491,-1.0999999999999943,4.054,-84.0,5.152808666229248,947.9841918945312,13.032800000000002
2024-08-15 07:44:50,958.5507812499999,0.11312683105468624,3.49,-1.0999999999999943,4.054,-84.0,5.336281776428223,947.2380981445312,12.9754
2024-08-15 06:44:50,958.5507812499999,0.12047790527343727,3.492,-1.0999999999999943,4.054,-84.0,5.665460109710693,946.5029907226562,12.9549
2024-08-15 05:44:50,958.5507812499999,0.12872314453124978,3.49,-1.0999999999999943,4.054,-84.0,5.8113694190979,945.678466796875,12.8237
2024-08-15 04:44:50,955.4990234374999,0.10548217773437396,3.492,-1.0999999999999943,4.054,-84.0,5.935134410858154,944.9508056640625,12.8442
2024-08-15 03:44:50,955.4990234374999,0.11044799804687422,3.491,-1.0999999999999943,4.051,-83.0,6.164050102233887,944.4542236328125,12.9631
2024-08-15 02:44:50,958.5507812499999,0.14350463867187413,3.496,-1.0999999999999943,4.054,-84.0,6.048437595367432,944.2003173828125,13.000000000000002
2024-08-15 01:44:50,1361.3828125,4.173984375000001,2.791,-1.0999999999999943,4.054,-75.0,6.022624492645264,943.984375,12.9344
2024-08-15 00:44:50,979.9130859374999,0.36216857910156164,2.811,-1.0999999999999943,4.054,-82.0,6.42414665222168,943.6962280273438,12.9221
2024-08-14 23:44:50,952.4472656249999,0.0878460693359373,3.495,-1.1499999999999986,4.054,-84.0,6.72628927230835,943.6626586914062,13.082
2024-08-14 22:44:50,952.4472656249999,0.08780700683593712,3.495,-1.0999999999999943,4.054,-84.0,7.128489971160889,943.6665649414062,13.045100000000001
2024-08-14 21:44:50,952.4472656249999,0.08849914550781213,3.493,-1.0999999999999943,4.054,-84.0,7.214486122131348,943.5973510742188,13.1722
2024-08-14 20:44:50,952.4472656249999,0.09180053710937441,3.495,-1.1499999999999986,4.054,-85.0,7.417183876037598,943.2672119140625,13.434600000000001
2024-08-14 19:44:50,952.4472656249999,0.09213989257812472,3.493,-1.0999999999999943,4.054,-84.0,8.368376731872559,943.2332763671875,14.127500000000001
2024-08-14 18:44:50,952.4472656249999,0.09264282226562393,3.494,-1.1499999999999986,4.054,-84.0,9.166935920715332,943.1829833984375,14.394000000000002
2024-08-14 17:44:50,952.4472656249999,0.08887084960937375,3.493,-1.1499999999999986,4.054,-85.0,8.522640228271484,943.5601806640625,14.082400000000002
2024-08-14 16:44:50,955.4990234374999,0.11659484863281167,3.494,-1.0999999999999943,4.054,-84.0,8.770237922668457,943.8395385742188,13.934800000000001
2024-08-14 15:44:50,952.4472656249999,0.08491455078124877,3.494,-1.0999999999999943,4.054,-85.0,8.65197467803955,943.955810546875,14.053700000000001
2024-08-14 14:44:50,955.4990234374999,0.10942321777343667,3.498,-1.0999999999999943,4.054,-84.0,8.309483528137207,944.5567016601562,13.791300000000001
2024-08-14 13:44:50,955.4990234374999,0.10778869628906174,3.501,-1.1499999999999986,4.054,-85.0,8.41646957397461,944.7201538085938,13.692900000000002
2024-08-14 12:44:50,955.4990234374999,0.10678405761718635,3.497,-1.0999999999999943,4.054,-85.0,7.548420429229736,944.8206176757812,13.2788
2024-08-14 11:44:49,958.5507812499999,0.1354138183593745,3.499,-1.0999999999999943,4.054,-86.0,7.307412147521973,945.0093994140625,12.971300000000001
2024-08-14 10:44:49,955.4990234374999,0.10740905761718711,3.498,-1.0999999999999943,4.054,-86.0,7.125161170959473,944.7581176757812,12.983600000000001
2024-08-14 09:44:49,955.4990234374999,0.10824157714843685,3.499,-1.0999999999999943,4.054,-85.0,7.008665561676025,944.6748657226562,12.9344
2024-08-14 08:44:49,955.4990234374999,0.10647949218749897,3.498,-1.0999999999999943,4.054,-86.0,7.053905010223389,944.85107421875,13.004100000000001
2024-08-14 07:44:49,955.4990234374999,0.10606811523437454,3.499,-1.0999999999999943,4.054,-86.0,6.719020843505859,944.8922119140625,12.9016
2024-08-14 06:44:49,952.4472656249999,0.07073181152343677,3.5,-1.1499999999999986,4.054,-85.0,7.164016246795654,945.3740844726562,12.877
2024-08-14 05:44:49,958.5507812499999,0.1329437255859367,3.502,-1.0999999999999943,4.054,-86.0,7.342869758605957,945.2564086914062,12.893400000000002
2024-08-14 04:44:49,952.4472656249999,0.07157409667968628,3.506,-1.1499999999999986,4.054,-86.0,7.277523040771484,945.2898559570312,13.1271
2024-08-14 03:44:49,958.5507812499999,0.12652832031249894,3.506,-1.0999999999999943,4.054,-86.0,7.161706447601318,945.89794921875,13.036900000000001
2024-08-14 02:44:49,952.4472656249999,0.06520874023437373,3.51,-1.0999999999999943,4.054,-85.0,7.053157806396484,945.9263916015625,13.123000000000001
2024-08-14 01:44:49,952.4472656249999,0.062283325195311434,3.511,-1.0999999999999943,4.054,-85.0,6.569919586181641,946.2189331054688,13.0615
2024-08-14 00:44:49,955.4990234374999,0.09479797363281195,3.511,-1.0999999999999943,4.054,-85.0,7.18792724609375,946.0192260742188,13.2009
2024-08-13 23:44:49,958.5507812499999,0.12599243164062468,3.509,-1.0999999999999943,4.054,-83.0,9.460657119750977,945.9515380859375,13.455100000000002
2024-08-13 22:44:49,958.5507812499999,0.130681152343749,3.51,-1.0999999999999943,4.054,-83.0,11.163199424743652,945.482666015625,14.066
2024-08-13 21:44:49,955.4990234374999,0.09849670410156164,3.515,-1.0999999999999943,4.054,-84.0,12.168939590454102,945.6493530273438,14.037300000000002
2024-08-13 20:44:49,958.5507812499999,0.1309075927734371,3.515,-1.0999999999999943,4.054,-84.0,14.162009239196777,945.4600219726562,14.020900000000001
2024-08-13 19:44:49,961.6025390624999,0.1590332031249997,3.515,-1.1499999999999986,4.054,-84.0,15.27242660522461,945.69921875,13.9799
2024-08-13 18:44:49,961.6025390624999,0.1554345703124993,3.515,-1.0999999999999943,4.054,-84.0,15.130048751831055,946.05908203125,13.930700000000002
2024-08-13 17:44:49,961.6025390624999,0.1539721679687489,3.516,-1.0999999999999943,4.054,-84.0,15.212854385375977,946.205322265625,13.967600000000001
2024-08-13 16:44:49,961.6025390624999,0.14927551269531159,3.515,-1.0999999999999943,4.054,-84.0,14.893184661865234,946.6749877929688,13.9143
2024-08-13 15:44:49,961.6025390624999,0.14425048828124898,3.517,-1.0999999999999943,4.054,-84.0,15.064499855041504,947.177490234375,13.8856
2024-08-13 14:44:49,961.6025390624999,0.14113159179687473,3.514,-1.1499999999999986,4.054,-84.0,14.803317070007324,947.4893798828125,13.897900000000002
2024-08-13 13:44:49,961.6025390624999,0.1362506103515615,3.514,-1.0999999999999943,4.054,-85.0,13.727272033691406,947.9774780273438,13.9266
2024-08-13 12:44:49,958.5507812499999,0.09751220703124952,3.516,-1.1499999999999986,4.054,-84.0,11.699420928955078,948.799560546875,13.996300000000002
2024-08-13 11:44:49,961.6025390624999,0.12738952636718648,3.522,-1.0999999999999943,4.054,-84.0,10.204330444335938,948.8635864257812,15.107400000000002
2024-08-13 10:44:49,961.6025390624999,0.1202972412109371,3.522,-1.1499999999999986,4.054,-84.0,9.028227806091309,949.5728149414062,14.426800000000002
2024-08-13 09:44:49,961.6025390624999,0.11933471679687391,3.523,-1.1499999999999986,4.054,-83.0,8.165409088134766,949.6690673828125,14.430900000000001
2024-08-13 08:44:49,958.5507812499999,0.08293762207031152,3.524,-1.0999999999999943,4.054,-84.0,6.777303695678711,950.2570190429688,14.029100000000001
2024-08-13 07:44:49,958.5507812499999,0.0832080078124997,3.525,-1.0999999999999943,4.054,-83.0,6.248145580291748,950.22998046875,13.000000000000002
2024-08-13 06:44:49,958.5507812499999,0.07912353515624915,3.521,-1.0999999999999943,4.054,-84.0,6.384748458862305,950.638427734375,13.0492
2024-08-13 05:44:49,958.5507812499999,0.08099853515624922,3.521,-1.0999999999999943,4.054,-82.0,6.886938571929932,950.450927734375,13.0287
2024-08-13 04:44:49,958.5507812499999,0.07938293457031231,3.524,-1.0999999999999943,4.054,-84.0,7.1394944190979,950.6124877929688,12.971300000000001
2024-08-13 03:44:49,961.6025390624999,0.10753295898437432,3.525,-1.1499999999999986,4.054,-83.0,7.676192760467529,950.8492431640625,13.0205
2024-08-13 02:44:49,961.6025390624999,0.1055407714843748,3.524,-1.0999999999999943,4.054,-83.0,8.212821960449219,951.0484619140625,12.905700000000001
2024-08-13 01:44:49,1230.1572265625,2.7910424804687506,3.339,-1.1499999999999986,4.054,-80.0,8.67411994934082,951.052978515625,13.143500000000001
2024-08-13 00:44:49,1629.9375,6.788506469726563,3.338,-1.0999999999999943,4.054,-81.0,9.780189514160156,951.0868530273438,13.217300000000002
2024-08-12 23:44:49,2038.873046875,10.880786743164062,3.331,-1.0999999999999943,4.054,-81.0,10.845841407775879,950.7943725585938,13.594500000000002
2024-08-12 22:44:49,2301.32421875,13.509429931640625,3.333,-1.0999999999999943,4.054,-81.0,11.888057708740234,950.3812255859375,14.025
2024-08-12 21:44:49,2539.361328125,15.887560424804688,3.338,-1.0499999999999972,4.054,-80.0,12.7813081741333,950.6052856445312,14.1193
2024-08-12 20:44:49,2655.328125,17.049184570312498,3.336,-1.0999999999999943,4.054,-80.0,13.684340476989746,950.40966796875,14.066
2024-08-12 19:44:49,2600.396484375,16.498016357421875,3.337,-1.0999999999999943,4.054,-80.0,14.129201889038086,950.5948486328125,14.029100000000001
2024-08-12 18:44:49,2414.2392578125,14.635155029296875,3.341,-1.0999999999999943,4.054,-79.0,14.461028099060059,950.7237548828125,13.930700000000002
2024-08-12 17:44:49,2188.4091796875,12.375993652343752,3.341,-1.0499999999999972,4.054,-79.0,14.47610855102539,950.809814453125,13.988100000000001
2024-08-12 16:44:49,1651.2998046875,7.0050463867187505,3.345,-1.0999999999999943,4.054,-78.0,14.2646484375,950.795166015625,14.049600000000002
2024-08-12 15:44:49,1101.9833984375,1.509608764648438,3.343,-1.0999999999999943,4.054,-79.0,14.040079116821289,951.0225219726562,14.0004
timestamp,pressure_mBar,mh20_m,conductivity_raw_V,temperature_C,battery_V,rssi_dBm,temperature_logger_C,pressure_logger_mBar,voltage_logger_V
2025-01-25 15:15:13,4407.8466796875,34.77153625488282,3.386,-1.1499999999999986,4.005,-87.0,-5.978593826293945,930.6930541992188,8.9656
2025-01-25 14:15:13,4407.8466796875,34.779172363281255,3.385,-1.1499999999999986,4.005,-87.0,-5.689018726348877,929.929443359375,12.754000000000001
2025-01-14 16:25:20,3794.443359375,28.42506164550781,3.427,-1.0999999999999943,4.005,-88.0,-18.18182945251465,951.9371948242188,14.3366
2025-01-13 15:35:21,3721.201171875,27.613897094726564,3.428,-1.1499999999999986,4.005,-89.0,-15.754973411560059,959.8114624023438,14.668700000000001
2025-01-11 16:05:22,3602.1826171875,26.386906127929688,3.429,-1.0999999999999943,4.005,-90.0,-14.096174240112305,963.4920043945312,14.7179
2024-12-10 19:05:41,3718.1494140625,27.450294799804688,3.549,-1.1499999999999986,4.008,-87.0,-11.853263854980469,973.1199340820312,7.1985
2024-12-10 18:05:41,3715.09765625,27.42348999023438,3.551,-1.1499999999999986,4.008,-87.0,-11.165156364440918,972.7486572265625,9.843
2024-12-10 17:05:41,3721.201171875,27.489983520507817,3.551,-1.1499999999999986,4.008,-87.0,-9.571636199951172,972.2028198242188,9.7528
2024-12-10 16:05:41,3727.3046875,27.552120361328125,3.551,-1.0999999999999943,4.008,-87.0,-8.068190574645996,972.0926513671875,8.982000000000001
2024-12-10 15:05:41,3724.2529296875,27.51787475585938,3.551,-1.1499999999999986,4.008,-87.0,-8.05636978149414,972.4654541015625,10.6425
2024-12-10 14:05:41,3727.3046875,27.531062622070316,3.551,-1.1499999999999986,4.008,-87.0,-8.14087200164795,974.1984252929688,9.843
2024-12-10 13:05:41,3727.3046875,27.52185913085938,3.553,-1.1499999999999986,4.008,-87.0,-7.755178451538086,975.1187744140625,10.5646
2024-12-10 12:05:41,3727.3046875,27.521086425781252,3.552,-1.1499999999999986,4.008,-87.0,-7.371996879577637,975.196044921875,10.5892
2024-12-10 11:05:41,3733.408203125,27.576619262695313,3.552,-1.1499999999999986,4.008,-87.0,-7.575236797332764,975.7462768554688,11.392800000000001
2024-12-10 10:05:42,3733.408203125,27.57596862792969,3.553,-1.0999999999999943,4.008,-87.0,-7.764755725860596,975.8113403320312,10.9459
2024-12-10 09:05:42,3733.408203125,27.577622680664064,3.554,-1.1499999999999986,4.008,-86.0,-7.346184253692627,975.6459350585938,10.909
2024-12-10 08:05:42,3733.408203125,27.577768554687502,3.554,-1.1499999999999986,4.008,-87.0,-6.866479396820068,975.63134765625,10.9951
2024-12-10 07:05:42,3733.408203125,27.58548461914063,3.554,-1.1499999999999986,4.008,-87.0,-5.809792518615723,974.8597412109375,11.519900000000002
2024-12-10 06:05:42,3733.408203125,27.5931298828125,3.554,-1.1499999999999986,4.008,-87.0,-4.686743259429932,974.09521484375,11.2985
2024-12-10 05:05:42,3733.408203125,27.6076513671875,3.554,-1.1499999999999986,4.008,-87.0,-4.173208236694336,972.64306640625,11.5691
2024-12-10 04:05:42,3736.4599609375,27.641712036132816,3.555,-1.1499999999999986,4.008,-87.0,-4.249016284942627,972.2887573242188,11.0402
2024-12-10 03:05:42,3733.408203125,27.627333374023443,3.555,-1.1499999999999986,4.008,-86.0,-3.680798292160034,970.6748657226562,11.5076
2024-12-10 02:05:42,3733.408203125,27.633333740234377,3.556,-1.0999999999999943,4.008,-87.0,-3.4234204292297363,970.0748291015625,11.3354
2024-12-10 01:05:42,3733.408203125,27.64601257324219,3.556,-1.0999999999999943,4.008,-87.0,-3.3536572456359863,968.8069458007812,11.6224
2024-12-10 00:05:42,3733.408203125,27.656640625,3.557,-1.0999999999999943,4.008,-87.0,-3.188525438308716,967.744140625,11.3436
2024-12-09 23:05:42,3733.408203125,27.672168579101566,3.557,-1.0999999999999943,4.008,-87.0,-3.094785213470459,966.1913452148438,11.433800000000002
2024-12-09 22:05:42,3733.408203125,27.678992309570315,3.557,-1.1499999999999986,4.008,-87.0,-2.999211311340332,965.5089721679688,11.425600000000001
2024-12-09 21:05:42,3730.3564453125,27.659122924804688,3.557,-1.0999999999999943,4.008,-87.0,-2.7533130645751953,964.4441528320312,11.5158
2024-12-09 20:05:42,3733.408203125,27.702123413085936,3.558,-1.1499999999999986,4.008,-87.0,-2.405996084213257,963.1958618164062,11.499400000000001
2024-12-09 19:05:42,3733.408203125,27.719614868164065,3.558,-1.1499999999999986,4.012,-87.0,-2.5097899436950684,961.4467163085938,11.3641
2024-12-09 18:05:42,3730.3564453125,27.705823974609377,3.558,-1.0999999999999943,4.008,-87.0,-2.6355249881744385,959.7740478515625,11.401000000000002
2024-12-09 17:05:42,3730.3564453125,27.71552673339844,3.558,-1.0999999999999943,4.008,-87.0,-2.867295026779175,958.8037719726562,11.4543
2024-12-09 16:05:42,3730.3564453125,27.72470947265625,3.558,-1.1499999999999986,4.008,-87.0,-2.8436572551727295,957.885498046875,11.565000000000001
2024-12-09 15:05:42,3733.408203125,27.769146118164066,3.558,-1.0999999999999943,4.008,-87.0,-2.522831916809082,956.4935913085938,11.716700000000001
2024-12-09 14:05:42,3730.3564453125,27.749607543945313,3.559,-1.0999999999999943,4.008,-87.0,-2.344113826751709,955.3956909179688,11.532200000000001
2024-12-09 13:05:42,3733.408203125,27.79548828125,3.56,-1.0999999999999943,4.008,-87.0,-2.1645824909210205,953.859375,11.7741
2024-12-09 12:05:42,3730.3564453125,27.776296997070315,3.56,-1.1499999999999986,4.008,-87.0,-1.9363452196121216,952.7267456054688,11.3641
2024-12-09 11:05:41,3727.3046875,27.761652832031253,3.559,-1.1499999999999986,4.008,-86.0,-1.587465763092041,951.139404296875,11.478900000000001
2024-12-09 10:05:42,3724.2529296875,27.74502685546875,3.56,-1.1499999999999986,4.008,-86.0,-1.5923583507537842,949.750244140625,11.638800000000002
2024-12-09 09:05:43,3730.3564453125,27.81873474121094,3.56,-1.0999999999999943,4.008,-87.0,-1.164209008216858,948.4829711914062,11.6265
2024-12-09 08:05:42,3727.3046875,27.800363769531252,3.56,-1.1499999999999986,4.008,-87.0,-1.3436743021011353,947.268310546875,11.466600000000001
2024-12-09 07:05:43,3724.2529296875,27.774815063476566,3.561,-1.1499999999999986,4.008,-87.0,-1.3611987829208374,946.7714233398438,11.4379
2024-12-09 06:05:43,3727.3046875,27.811351318359378,3.561,-1.0999999999999943,4.008,-87.0,-2.0718603134155273,946.1695556640625,11.647
2024-12-09 05:05:42,3724.2529296875,27.778759765625,3.561,-1.1499999999999986,4.008,-87.0,-2.587160587310791,946.376953125,11.532200000000001
2024-12-09 04:05:43,3727.3046875,27.80412719726563,3.561,-1.0999999999999943,4.008,-87.0,-3.5696020126342773,946.8919677734375,11.585500000000001
2024-12-09 03:05:42,3727.3046875,27.802970581054687,3.562,-1.1499999999999986,4.008,-87.0,-3.857004404067993,947.0076293945312,11.413300000000001
2024-12-09 02:05:42,3733.408203125,27.862997436523436,3.561,-1.1499999999999986,4.012,-87.0,-3.581352472305298,947.1084594726562,11.405100000000001
2024-12-09 01:05:42,3733.408203125,27.860850830078128,3.562,-1.0999999999999943,4.008,-87.0,-2.652099609375,947.3231201171875,11.597800000000001
2024-12-09 00:05:42,3733.408203125,27.864050903320315,3.562,-1.1499999999999986,4.008,-86.0,-2.268308162689209,947.0031127929688,11.392800000000001
2024-12-08 23:05:42,3730.3564453125,27.829302978515628,3.562,-1.0999999999999943,4.008,-86.0,-1.9442919492721558,947.4261474609375,11.5937
2024-12-08 22:05:42,3733.408203125,27.850879516601562,3.563,-1.0999999999999943,4.008,-86.0,-2.8401246070861816,948.3202514648438,11.3846
2024-12-08 21:05:42,3733.408203125,27.852340698242188,3.563,-1.1499999999999986,4.008,-87.0,-1.9530541896820068,948.1741333007812,11.7864
2024-12-08 20:05:42,3733.408203125,27.860413208007813,3.563,-1.0999999999999943,4.008,-87.0,-1.4392480850219727,947.3668823242188,11.5814
2024-12-08 19:05:42,3733.408203125,27.85402038574219,3.563,-1.1499999999999986,4.008,-87.0,-1.6495531797409058,948.0061645507812,11.683900000000001
2024-12-08 18:05:42,3733.408203125,27.85890380859375,3.565,-1.0999999999999943,4.008,-87.0,-1.3869433403015137,947.517822265625,11.6921
2024-12-08 17:05:42,3733.408203125,27.86593688964844,3.564,-1.1499999999999986,4.008,-87.0,-1.147158145904541,946.8145141601562,11.4543
2024-12-08 16:05:42,3736.4599609375,27.895547485351564,3.565,-1.0999999999999943,4.008,-87.0,-0.6873559355735779,946.9052124023438,11.6798
2024-12-08 15:05:42,3733.408203125,27.86986328125,3.565,-1.0999999999999943,4.008,-87.0,-0.6922460794448853,946.421875,11.5937
2024-12-08 14:05:42,3733.408203125,27.870085449218752,3.568,-1.1499999999999986,4.008,-87.0,-0.3868420422077179,946.399658203125,11.704400000000001
2024-12-08 13:05:42,3733.408203125,27.87001159667969,3.568,-1.0999999999999943,4.008,-86.0,-0.6958447098731995,946.4070434570312,11.5363
2024-12-08 12:05:42,3733.408203125,27.8695068359375,3.566,-1.1499999999999986,4.008,-87.0,-0.42936524748802185,946.45751953125,11.3846
2024-12-08 11:05:42,3736.4599609375,27.897974853515628,3.568,-1.1499999999999986,4.008,-86.0,-0.21165649592876434,946.6624755859375,11.401000000000002
2024-12-08 10:05:42,3739.51171875,27.932193603515625,3.568,-1.1499999999999986,4.008,-86.0,0.1025097668170929,946.2923583984375,11.524000000000001
2024-12-08 09:05:42,3736.4599609375,27.909491577148444,3.568,-1.0999999999999943,4.012,-87.0,0.10427612066268921,945.5108032226562,11.519900000000002
2024-12-08 08:05:42,3736.4599609375,27.91870849609375,3.568,-1.1499999999999986,4.008,-87.0,0.11711426079273224,944.589111328125,11.4953
2024-12-08 07:05:42,3733.408203125,27.895957641601562,3.568,-1.0999999999999943,4.008,-87.0,0.21730834245681763,943.8124389648438,11.724900000000002
2024-12-08 06:05:42,3733.408203125,27.90564392089844,3.568,-1.0999999999999943,4.008,-87.0,0.024801025167107582,942.8438110351562,11.6921
2024-12-08 05:05:42,3736.4599609375,27.93912048339844,3.568,-1.1499999999999986,4.008,-87.0,0.21397949755191803,942.5479125976562,11.5896
2024-12-08 04:05:42,3733.408203125,27.912109375000004,3.568,-1.0999999999999943,4.008,-86.0,0.569445788860321,942.197265625,11.499400000000001
2024-12-08 03:05:42,3736.4599609375,27.950712890625002,3.568,-1.1499999999999986,4.012,-87.0,0.23313476145267487,941.388671875,11.5281
2024-12-08 02:05:42,3733.408203125,27.935627441406254,3.568,-1.1499999999999986,4.008,-87.0,0.5900964140892029,939.845458984375,11.511700000000001
2024-12-08 01:05:42,3733.408203125,27.932078857421878,3.569,-1.1499999999999986,4.008,-87.0,0.6436914205551147,940.2003173828125,11.790500000000002
2024-12-08 00:05:43,3736.4599609375,27.961231079101566,3.569,-1.1499999999999986,4.008,-86.0,1.060156226158142,940.3368530273438,11.6593
2024-12-07 23:05:42,3736.4599609375,27.959295043945318,3.57,-1.1499999999999986,4.012,-87.0,1.2003600597381592,940.5304565429688,11.663400000000001
2024-12-07 22:05:42,3736.4599609375,27.958626098632813,3.569,-1.0999999999999943,4.008,-87.0,1.2633289098739624,940.5973510742188,11.5568
2024-12-07 21:05:43,3739.51171875,27.984639282226563,3.57,-1.1499999999999986,4.008,-87.0,1.3229016065597534,941.0477905273438,11.565000000000001
2024-12-07 20:05:43,3733.408203125,27.91928039550782,3.571,-1.1499999999999986,4.008,-87.0,0.8467956781387329,941.4801635742188,11.7741
2024-12-07 19:05:42,3742.5634765625,28.01518188476563,3.571,-1.0999999999999943,4.008,-87.0,0.4822949171066284,941.0452880859375,11.696200000000001
2024-12-07 18:05:43,3736.4599609375,27.95935791015625,3.571,-1.0999999999999943,4.008,-87.0,0.4017321765422821,940.524169921875,11.610100000000001
2024-12-07 17:05:43,3739.51171875,27.984891357421876,3.57,-1.0999999999999943,4.008,-86.0,0.14666259288787842,941.0225830078125,11.5158
2024-12-07 16:05:44,3739.51171875,27.987316894531254,3.57,-1.0999999999999943,4.008,-87.0,-0.022613525390625,940.780029296875,11.6675
2024-12-07 15:05:44,3739.51171875,27.99610534667969,3.57,-1.1499999999999986,4.008,-87.0,0.04884643480181694,939.9011840820312,11.724900000000002
2024-12-07 14:05:44,3742.5634765625,28.03090087890625,3.57,-1.0999999999999943,4.008,-87.0,0.5486596822738647,939.473388671875,11.6675
2024-12-07 13:05:44,3739.51171875,28.01155639648438,3.57,-1.0999999999999943,4.012,-87.0,0.9213122725486755,938.3560791015625,11.638800000000002
2024-12-07 12:05:44,3733.408203125,27.953450927734377,3.57,-1.0999999999999943,4.008,-87.0,0.8824572563171387,938.0631103515625,11.4748
2024-12-07 11:05:44,3733.408203125,27.96976928710938,3.571,-1.1499999999999986,4.012,-87.0,0.026566162705421448,936.4312744140625,11.4707
2024-12-07 10:05:44,3736.4599609375,28.002768554687503,3.573,-1.0999999999999943,4.008,-87.0,-0.2899096608161926,936.18310546875,11.167300000000001
2024-12-07 09:05:44,3736.4599609375,27.99191589355469,3.573,-1.0999999999999943,4.012,-86.0,-0.9503710865974426,937.2683715820312,9.9373
2024-12-07 03:55:44,3742.5634765625,27.915408325195315,3.575,-1.0999999999999943,4.008,-87.0,-8.760849952697754,951.0226440429688,9.068100000000001
2024-12-07 02:55:44,3748.6669921875,27.962012939453125,3.575,-1.0999999999999943,4.008,-87.0,-7.887636661529541,952.4656982421875,9.121400000000001
2024-12-07 01:55:44,3751.71875,27.969937744140626,3.576,-1.0999999999999943,4.008,-86.0,-8.430109977722168,954.7249755859375,9.4002
2024-12-07 00:55:44,3751.71875,27.93697021484375,3.576,-1.0999999999999943,4.008,-87.0,-9.675768852233887,958.021728515625,9.7405
2024-12-06 23:55:44,3754.7705078125,27.942785644531256,3.577,-1.0999999999999943,4.008,-86.0,-10.318774223327637,960.491943359375,10.117700000000001
2024-12-06 22:55:44,3754.7705078125,27.931478271484377,3.576,-1.0999999999999943,4.008,-87.0,-11.165698051452637,961.6226806640625,10.376000000000001
2024-12-06 21:55:44,3760.8740234375,27.973776245117186,3.577,-1.1499999999999986,4.008,-87.0,-11.94510269165039,963.4963989257812,10.388300000000001
2024-12-06 20:55:44,3751.71875,27.855942382812504,3.577,-1.0999999999999943,4.008,-86.0,-12.095224380493164,966.12451171875,10.7614
2024-12-06 19:55:45,3760.8740234375,27.957063598632814,3.578,-1.1499999999999986,4.008,-86.0,-11.840153694152832,965.1676635742188,10.8885
2024-12-06 18:55:45,3760.8740234375,27.94041687011719,3.578,-1.1499999999999986,4.008,-87.0,-11.744580268859863,966.8323364257812,8.3916
2024-12-06 17:55:45,3760.8740234375,27.939699707031252,3.578,-1.1499999999999986,4.008,-86.0,-11.357324600219727,966.904052734375,11.987300000000001
2024-12-06 16:55:44,3760.8740234375,27.938717041015625,3.579,-1.0999999999999943,4.012,-87.0,-10.81811237335205,967.0023193359375,12.4998
2024-12-06 15:55:44,3760.8740234375,27.934489746093753,3.578,-1.1499999999999986,4.008,-86.0,-11.521709442138672,967.425048828125,10.3719
2024-12-06 14:55:44,3757.822265625,27.893110961914065,3.579,-1.1499999999999986,4.008,-86.0,-13.70443344116211,968.5111694335938,10.4334
2024-12-06 13:55:44,3760.8740234375,27.917705688476566,3.581,-1.1499999999999986,4.008,-87.0,-14.216543197631836,969.1034545898438,12.1964
2024-12-06 12:55:44,3760.8740234375,27.915542602539066,3.581,-1.0999999999999943,4.008,-87.0,-14.82537841796875,969.3197631835938,11.196000000000002
2024-12-06 11:55:44,3760.8740234375,27.92203308105469,3.581,-1.1499999999999986,4.008,-87.0,-14.943098068237305,968.6707153320312,9.1173
2024-12-06 10:55:45,3757.822265625,27.89340698242188,3.581,-1.0999999999999943,4.008,-87.0,-14.806767463684082,968.4815673828125,8.8713
2024-12-06 09:55:45,3757.822265625,27.898032226562503,3.582,-1.1499999999999986,4.012,-87.0,-15.16162109375,968.01904296875,13.295200000000001
2024-12-06 08:55:45,3754.7705078125,27.870838623046875,3.584,-1.1499999999999986,4.008,-87.0,-14.982769012451172,967.6866455078125,8.9451
2024-12-06 07:55:45,3763.92578125,27.968407592773442,3.584,-1.1499999999999986,4.008,-86.0,-14.692717552185059,967.0850219726562,11.0853
2024-12-06 06:45:45,3757.822265625,27.917577514648436,3.584,-1.1499999999999986,4.012,-87.0,-14.210495948791504,966.0645141601562,8.8549
2024-12-06 05:45:44,3757.822265625,27.927156372070314,3.584,-1.1499999999999986,4.008,-87.0,-13.4039888381958,965.1066284179688,11.4215
2024-12-06 04:45:44,3757.822265625,27.934406738281254,3.584,-1.0999999999999943,4.008,-86.0,-13.189472198486328,964.381591796875,11.294400000000001
2024-12-06 03:45:44,3751.71875,27.878833618164066,3.584,-1.0999999999999943,4.008,-86.0,-12.793183326721191,963.8353881835938,12.237400000000001
2024-12-06 02:45:45,3751.71875,27.87959350585938,3.585,-1.1499999999999986,4.008,-86.0,-12.880402565002441,963.7593994140625,13.861
2024-12-06 01:45:45,3751.71875,27.88398376464844,3.584,-1.1499999999999986,4.008,-87.0,-13.265891075134277,963.3203735351562,12.114400000000002
2024-12-06 00:45:45,3754.7705078125,27.912504882812502,3.584,-1.0999999999999943,4.008,-87.0,-13.556962966918945,963.52001953125,13.897900000000002
2024-12-05 23:45:45,3754.7705078125,27.91351196289063,3.585,-1.1499999999999986,4.008,-86.0,-13.946393966674805,963.4193115234375,8.936900000000001
2024-12-05 22:45:45,3751.71875,27.884793701171876,3.585,-1.1499999999999986,4.008,-86.0,-14.271564483642578,963.2393798828125,10.0972
2024-12-05 21:45:45,3751.71875,27.891665649414065,3.586,-1.1499999999999986,4.012,-87.0,-13.726305961608887,962.5521850585938,12.516200000000001
2024-12-05 20:45:45,3751.71875,27.8928955078125,3.586,-1.0999999999999943,4.008,-87.0,-13.97336196899414,962.42919921875,13.004100000000001
2024-12-05 19:45:45,3751.71875,27.904841918945316,3.586,-1.0999999999999943,4.008,-87.0,-12.900304794311523,961.2345581054688,14.029100000000001
2024-12-05 18:45:44,3748.6669921875,27.87699035644532,3.586,-1.1499999999999986,4.008,-87.0,-13.68493938446045,960.9679565429688,11.6675
2024-12-05 17:45:45,3748.6669921875,27.882898559570314,3.586,-1.1499999999999986,4.008,-87.0,-13.938920974731445,960.3771362304688,9.1091
2024-12-05 16:45:45,3748.6669921875,27.893916015625003,3.588,-1.1499999999999986,4.012,-87.0,-12.52968978881836,959.275390625,13.360800000000001
2024-12-05 15:45:45,3742.5634765625,27.847039184570317,3.588,-1.1499999999999986,4.008,-87.0,-9.93600082397461,957.8595581054688,10.8475
2024-12-05 14:45:45,3745.615234375,27.882293090820312,3.588,-1.1499999999999986,4.008,-86.0,-9.31351089477539,957.3859252929688,12.7827
2024-12-05 13:45:45,3748.6669921875,27.914786376953128,3.588,-1.0999999999999943,4.008,-86.0,-8.971562385559082,957.1883544921875,13.045100000000001
2024-12-05 12:45:45,3742.5634765625,27.857139282226562,3.588,-1.0999999999999943,4.008,-87.0,-9.042004585266113,956.8495483398438,13.967600000000001
2024-12-05 11:45:45,3742.5634765625,27.857070922851562,3.588,-1.0999999999999943,4.008,-87.0,-9.077733993530273,956.8563842773438,9.490400000000001
2024-12-05 10:45:45,3742.5634765625,27.863382568359377,3.589,-1.0999999999999943,4.008,-86.0,-9.220109939575195,956.2252197265625,11.0812
2024-12-05 09:45:45,3742.5634765625,27.86693603515625,3.589,-1.0999999999999943,4.008,-86.0,-9.4888334274292,955.869873046875,10.851600000000001
2024-12-05 08:45:45,3745.615234375,27.899929199218754,3.589,-1.0999999999999943,4.008,-87.0,-9.65267562866211,955.622314453125,9.437100000000001
2024-12-05 07:45:45,3742.5634765625,27.87370971679688,3.59,-1.0999999999999943,4.008,-87.0,-10.123481750488281,955.1925048828125,9.3346
2024-12-05 06:45:45,3742.5634765625,27.872586059570317,3.591,-1.1499999999999986,4.008,-93.0,-10.7345609664917,955.3048706054688,11.196000000000002
2024-12-05 05:45:46,3739.51171875,27.845552978515627,3.59,-1.1499999999999986,4.008,-86.0,-11.857135772705078,954.9564208984375,13.1927
2024-12-05 04:45:46,3739.51171875,27.845816650390628,3.591,-1.1499999999999986,4.008,-87.0,-11.922143936157227,954.9300537109375,12.2702
2024-12-05 03:45:46,3742.5634765625,27.882791137695314,3.591,-1.1499999999999986,4.008,-86.0,-11.809723854064941,954.2843627929688,14.1111
2024-12-05 02:45:45,3736.4599609375,27.826033325195315,3.59,-1.1499999999999986,4.008,-87.0,-11.18383502960205,953.8566284179688,8.9533
2024-12-05 01:45:45,3736.4599609375,27.831857910156252,3.592,-1.1499999999999986,4.008,-87.0,-10.743391036987305,953.274169921875,9.474
2024-12-05 00:45:45,3733.408203125,27.805498657226565,3.592,-1.1499999999999986,4.012,-87.0,-10.644216537475586,952.8583374023438,8.9082
2024-12-04 23:45:45,3733.408203125,27.807455444335936,3.593,-1.0999999999999943,4.008,-87.0,-10.797463417053223,952.6626586914062,9.187000000000001
2024-12-04 22:45:45,3730.3564453125,27.781536254882813,3.593,-1.1499999999999986,4.012,-86.0,-10.390915870666504,952.2028198242188,12.262
2024-12-04 21:45:45,3739.51171875,27.881979980468753,3.593,-1.1499999999999986,4.012,-87.0,-10.181288719177246,951.313720703125,13.5822
2024-12-04 20:45:45,3733.408203125,27.822565917968753,3.593,-1.1499999999999986,4.012,-86.0,-10.019213676452637,951.151611328125,11.142700000000001
2024-12-04 19:45:46,3733.408203125,27.826199340820317,3.593,-1.1499999999999986,4.008,-86.0,-10.087685585021973,950.7882690429688,13.9143
2024-12-04 18:45:46,3733.408203125,27.8310693359375,3.593,-1.1499999999999986,4.008,-86.0,-10.15615463256836,950.30126953125,10.4539
2024-12-04 17:45:46,3733.408203125,27.83669921875,3.594,-1.0999999999999943,4.008,-86.0,-9.831596374511719,949.73828125,12.6187
2024-12-04 16:45:46,3727.3046875,27.780264892578124,3.593,-1.0999999999999943,4.008,-87.0,-9.61599349975586,949.2781982421875,13.237800000000002
2024-12-04 15:45:46,3727.3046875,27.783168945312504,3.593,-1.1499999999999986,4.008,-87.0,-9.438498497009277,948.98779296875,11.823300000000001
2024-12-04 14:45:46,3733.408203125,27.84367126464844,3.594,-1.1499999999999986,4.008,-87.0,-9.42470932006836,949.0410766601562,11.565000000000001
2024-12-04 13:45:46,3733.408203125,27.847459106445314,3.594,-1.0999999999999943,4.008,-87.0,-9.477487564086914,948.6622924804688,11.3518
2024-12-04 12:45:46,3727.3046875,27.78654541015625,3.594,-1.0999999999999943,4.008,-86.0,-9.144438743591309,948.650146484375,12.667900000000001
2024-12-04 11:45:46,3733.408203125,27.853811645507815,3.594,-1.0999999999999943,4.012,-86.0,-8.950913429260254,948.0270385742188,14.148000000000001
2024-12-04 10:45:46,3730.3564453125,27.82535278320313,3.595,-1.1499999999999986,4.008,-86.0,-9.10110092163086,947.8211669921875,10.753200000000001
2024-12-04 09:45:45,3727.3046875,27.792465820312504,3.595,-1.0999999999999943,4.008,-87.0,-9.762990951538086,948.05810546875,11.4092
2024-12-04 08:45:45,3727.3046875,27.790409545898438,3.594,-1.0999999999999943,4.008,-85.0,-10.221909523010254,948.2637329101562,13.3198
2024-12-04 07:45:45,3721.201171875,27.728855590820313,3.595,-1.1499999999999986,4.008,-86.0,-10.708952903747559,948.3156127929688,9.023000000000001
2024-12-04 06:45:45,3727.3046875,27.800801391601567,3.597,-1.0999999999999943,4.008,-87.0,-9.803203582763672,947.2245483398438,12.7786
2024-12-04 05:45:45,3727.3046875,27.80496337890625,3.596,-1.0999999999999943,4.008,-93.0,-8.700121879577637,946.808349609375,11.249300000000002
2024-12-04 04:35:46,3727.3046875,27.808768920898437,3.6,-1.1499999999999986,4.012,-87.0,-8.568955421447754,946.4277954101562,12.4916
2024-12-04 03:35:46,3724.2529296875,27.774404296875,3.6,-1.1499999999999986,4.012,-87.0,-8.737753868103027,946.8125,14.148000000000001
2024-12-04 02:35:46,3727.3046875,27.805124511718752,3.6,-1.0999999999999943,4.008,-86.0,-8.920275688171387,946.792236328125,13.262400000000001
2024-12-04 01:35:46,3724.2529296875,27.772090454101566,3.6,-1.0999999999999943,4.012,-87.0,-9.38809585571289,947.0438842773438,10.982800000000001
2024-12-04 00:35:46,3721.201171875,27.742064819335937,3.6,-1.1499999999999986,4.008,-86.0,-9.808706283569336,946.9946899414062,11.3354
2024-12-03 23:35:46,3721.201171875,27.739714965820315,3.6,-1.1499999999999986,4.008,-86.0,-10.131091117858887,947.2296752929688,11.294400000000001
2024-12-03 22:35:46,3721.201171875,27.74200561523438,3.6,-1.0999999999999943,4.008,-87.0,-10.162405014038086,947.0006103515625,12.799100000000001
2024-12-03 21:35:46,3721.201171875,27.74259460449219,3.6,-1.1499999999999986,4.008,-86.0,-10.033071517944336,946.9417114257812,12.3604
2024-12-03 20:35:46,3718.1494140625,27.715158691406252,3.6,-1.1499999999999986,4.012,-86.0,-9.833635330200195,946.633544921875,9.478100000000001
2024-12-03 19:35:46,3724.2529296875,27.77739501953125,3.6,-1.1499999999999986,4.008,-86.0,-10.048354148864746,946.513427734375,9.433
2024-12-03 18:35:47,3724.2529296875,27.780515136718755,3.6,-1.0999999999999943,4.008,-86.0,-9.967248916625977,946.201416015625,10.515400000000001
2024-12-03 17:35:47,3721.201171875,27.754360961914063,3.6,-1.1499999999999986,4.012,-86.0,-10.21878433227539,945.7650756835938,14.037300000000002
2024-12-03 16:35:47,3718.1494140625,27.720296630859377,3.6,-1.0999999999999943,4.012,-86.0,-10.992753982543945,946.1197509765625,9.269
2024-12-03 15:35:46,3718.1494140625,27.72587646484375,3.6,-1.1499999999999986,4.008,-86.0,-10.271836280822754,945.561767578125,9.338700000000001
2024-12-03 14:35:46,3718.1494140625,27.73365905761719,3.6,-1.0999999999999943,4.008,-87.0,-9.40915298461914,944.7835083007812,12.9098
2024-12-03 13:35:46,3718.1494140625,27.737786865234376,3.6,-1.1499999999999986,4.008,-87.0,-7.809792518615723,944.3707275390625,11.696200000000001
2024-12-03 12:35:46,3715.09765625,27.70962646484375,3.6,-1.1499999999999986,4.008,-86.0,-7.239741325378418,944.135009765625,13.1681
2024-12-03 11:35:46,3721.201171875,27.773693237304688,3.601,-1.0999999999999943,4.008,-86.0,-5.774606704711914,943.8318481445312,10.8147
2024-12-03 10:35:46,3718.1494140625,27.75248229980469,3.601,-1.1499999999999986,4.012,-86.0,-4.279853343963623,942.9011840820312,14.0988
2024-12-03 09:35:46,3718.1494140625,27.748386230468753,3.601,-1.1499999999999986,4.008,-87.0,-4.511555194854736,943.310791015625,14.189000000000002
2024-12-03 08:35:46,3724.2529296875,27.800889282226564,3.6,-1.0999999999999943,4.008,-86.0,-4.930534839630127,944.1640014648438,14.070100000000002
2024-12-03 07:35:46,3715.09765625,27.701611938476564,3.602,-1.1499999999999986,4.012,-86.0,-5.259780406951904,944.9364624023438,8.9656
2024-12-03 06:35:46,3718.1494140625,27.73657409667969,3.601,-1.0999999999999943,4.012,-91.0,-4.585392951965332,944.4920043945312,13.164000000000001
2024-12-03 05:35:46,3724.2529296875,27.798829345703126,3.602,-1.0999999999999943,4.012,-91.0,-4.016499042510986,944.3699951171875,12.495700000000001
2024-12-03 04:35:46,3721.201171875,27.770015869140625,3.602,-1.0999999999999943,4.012,-86.0,-2.695368766784668,944.1995849609375,13.0615
2024-12-03 03:35:46,3721.201171875,27.76826538085938,3.602,-1.0999999999999943,4.008,-87.0,-1.9213988780975342,944.3746337890625,13.487900000000002
2024-12-03 02:35:46,3721.201171875,27.76354675292969,3.603,-1.0999999999999943,4.008,-86.0,-2.0357227325439453,944.8464965820312,13.6232
2024-12-03 01:35:46,3718.1494140625,27.726145629882815,3.604,-1.0999999999999943,4.008,-86.0,-2.6302270889282227,945.5348510742188,14.2095
2024-12-03 00:35:47,3718.1494140625,27.72026550292969,3.603,-1.0999999999999943,4.008,-86.0,-3.2629077434539795,946.1228637695312,10.7942
2024-12-02 23:35:47,3718.1494140625,27.716390380859373,3.604,-1.0999999999999943,4.008,-87.0,-3.5906591415405273,946.5103759765625,11.815100000000001
2024-12-02 22:35:47,3718.1494140625,27.7114013671875,3.604,-1.0999999999999943,4.008,-86.0,-4.646120548248291,947.00927734375,9.6052
2024-12-02 21:35:47,3721.201171875,27.724363403320314,3.604,-1.0999999999999943,4.012,-85.0,-8.6347074508667,948.7648315429688,14.016800000000002
2024-12-02 20:35:47,3718.1494140625,27.690006713867188,3.604,-1.0999999999999943,4.012,-86.0,-9.146000862121582,949.1487426757812,10.125900000000001
2024-12-02 19:35:47,3715.09765625,27.66454528808594,3.604,-1.1499999999999986,4.008,-86.0,-7.961406230926514,948.6431274414062,11.491200000000001
2024-12-02 18:35:47,3718.1494140625,27.6957373046875,3.605,-1.1499999999999986,4.008,-86.0,-7.992924690246582,948.57568359375,10.277600000000001
2024-12-02 17:35:47,3718.1494140625,27.696726074218752,3.605,-1.0999999999999943,4.012,-85.0,-8.02593994140625,948.476806640625,10.991000000000001
2024-12-02 16:35:47,3715.09765625,27.6623388671875,3.605,-1.1499999999999986,4.008,-86.0,-8.181833267211914,948.86376953125,12.819600000000001
2024-12-02 15:35:47,3715.09765625,27.66213073730469,3.606,-1.1499999999999986,4.008,-86.0,-8.296222686767578,948.8845825195312,13.910200000000001
2024-12-02 14:35:47,3715.09765625,27.658975830078127,3.605,-1.1499999999999986,4.008,-85.0,-9.023662567138672,949.2000732421875,9.736400000000001
2024-12-02 13:35:47,3718.1494140625,27.681719360351565,3.607,-1.1499999999999986,4.008,-86.0,-9.5765962600708,949.9774780273438,9.187000000000001
2024-12-02 12:35:47,3715.09765625,27.647606811523442,3.606,-1.0999999999999943,4.008,-86.0,-10.237126350402832,950.3369750976562,9.3018
2024-12-02 11:35:47,3721.201171875,27.70934143066406,3.606,-1.1499999999999986,4.012,-86.0,-10.328420639038086,950.2670288085938,10.9746
2024-12-02 10:35:47,3715.09765625,27.646099853515626,3.606,-1.1499999999999986,4.008,-85.0,-10.414281845092773,950.4876708984375,12.6843
2024-12-02 09:35:47,3718.1494140625,27.671400146484373,3.606,-1.0999999999999943,4.008,-86.0,-10.254380226135254,951.0093994140625,13.229600000000001
2024-12-02 08:35:47,3712.0458984375,27.606206665039068,3.607,-1.1499999999999986,4.008,-86.0,-10.460474014282227,951.4252319335938,13.533000000000001
2024-12-02 07:35:47,3718.1494140625,27.66613037109375,3.607,-1.1499999999999986,4.008,-86.0,-10.600268363952637,951.536376953125,11.372300000000001
2024-12-02 06:35:47,3718.1494140625,27.663103637695315,3.607,-1.1499999999999986,4.008,-86.0,-10.811999320983887,951.8390502929688,10.9623
2024-12-02 05:35:47,3715.09765625,27.638193969726565,3.608,-1.1499999999999986,4.012,-86.0,-10.891881942749023,951.2782592773438,9.0599
2024-12-02 04:35:47,3715.09765625,27.630463256835938,3.607,-1.1499999999999986,4.012,-91.0,-11.096277236938477,952.0513305664062,11.6593
2024-12-02 03:35:47,3718.1494140625,27.65454284667969,3.609,-1.1499999999999986,4.008,-86.0,-11.116247177124023,952.6951293945312,11.9709
2024-12-02 02:25:47,3712.0458984375,27.577390747070318,3.609,-1.1499999999999986,4.008,-86.0,-11.314189910888672,954.3068237304688,10.3145
2024-12-02 01:25:47,3718.1494140625,27.632275390625,3.609,-1.1499999999999986,4.012,-86.0,-11.546774864196777,954.921875,11.663400000000001
2024-12-02 00:25:47,3721.201171875,27.650130615234374,3.609,-1.1499999999999986,4.012,-86.0,-11.5784273147583,956.1881103515625,11.868400000000001
2024-12-01 23:25:47,3718.1494140625,27.615204467773438,3.609,-1.1499999999999986,4.012,-86.0,-11.586377143859863,956.6289672851562,9.273100000000001
2024-12-01 22:25:48,3718.1494140625,27.606181640625003,3.609,-1.1999999999999957,4.012,-86.0,-11.983076095581055,957.53125,12.614600000000001
2024-12-01 21:25:48,3721.201171875,27.62364135742188,3.61,-1.0999999999999943,4.008,-86.0,-12.02750015258789,958.8370361328125,9.2116
2024-12-01 20:25:48,3721.201171875,27.62191162109375,3.61,-1.0999999999999943,4.008,-86.0,-11.664560317993164,959.010009765625,9.8307
2024-12-01 19:25:47,3715.09765625,27.558478393554687,3.61,-1.1999999999999957,4.008,-86.0,-11.673051834106445,959.2498168945312,9.047600000000001
2024-12-01 18:25:47,3715.09765625,27.547775268554688,3.61,-1.1499999999999986,4.012,-86.0,-11.758505821228027,960.3201293945312,12.0652
2024-12-01 17:25:47,3724.2529296875,27.637189331054692,3.611,-1.1499999999999986,4.012,-86.0,-11.409899711608887,960.5339965820312,14.221800000000002
2024-12-01 16:25:47,3718.1494140625,27.57182006835938,3.611,-1.0999999999999943,4.012,-85.0,-11.210395812988281,960.9674072265625,9.326400000000001
2024-12-01 15:25:47,3724.2529296875,27.624474487304692,3.611,-1.1499999999999986,4.008,-86.0,-10.538588523864746,961.8054809570312,13.902000000000001
2024-12-01 14:25:47,3724.2529296875,27.61530456542969,3.613,-1.0999999999999943,4.012,-86.0,-10.637831687927246,962.7224731445312,14.201300000000002
2024-12-01 13:25:47,3721.201171875,27.579601440429688,3.612,-1.1499999999999986,4.008,-86.0,-10.959333419799805,963.2410278320312,9.0189
2024-12-01 12:25:48,3724.2529296875,27.596091918945316,3.613,-1.1499999999999986,4.008,-85.0,-11.483262062072754,964.6437377929688,9.629800000000001
2024-12-01 11:25:48,3721.201171875,27.56402282714844,3.611,-1.1499999999999986,4.008,-86.0,-11.02352523803711,964.7988891601562,10.4539
2024-12-01 10:25:48,3724.2529296875,27.591577758789064,3.613,-1.0999999999999943,4.012,-86.0,-11.003488540649414,965.0951538085938,12.4547
2024-12-01 09:25:48,3724.2529296875,27.584754028320315,3.613,-1.1499999999999986,4.008,-85.0,-10.455988883972168,965.7775268554688,10.3473
2024-12-01 08:25:48,3724.2529296875,27.58193786621094,3.614,-1.0999999999999943,4.012,-86.0,-10.105888366699219,966.0591430664062,14.271
2024-12-01 07:25:48,3724.2529296875,27.578071289062503,3.613,-1.1499999999999986,4.008,-86.0,-10.47140884399414,966.44580078125,10.7573
2024-12-01 06:25:48,3724.2529296875,27.57144287109375,3.613,-1.1499999999999986,4.008,-85.0,-10.435338973999023,967.108642578125,13.389500000000002
2024-12-01 05:25:48,3724.2529296875,27.56661071777344,3.613,-1.1499999999999986,4.012,-86.0,-10.513998985290527,967.5918579101562,10.8885
2024-12-01 04:25:47,3724.2529296875,27.55466735839844,3.614,-1.1499999999999986,4.012,-87.0,-11.702192306518555,968.7861938476562,9.1952
2024-12-01 03:25:47,3724.2529296875,27.53726928710938,3.613,-1.1499999999999986,4.012,-86.0,-13.216508865356445,970.5260009765625,13.8405
2024-12-01 02:25:47,3724.2529296875,27.53002624511719,3.614,-1.1499999999999986,4.012,-86.0,-13.803607940673828,971.2503051757812,12.323500000000001
2024-12-01 01:25:48,3724.2529296875,27.52174072265625,3.613,-1.0999999999999943,4.008,-86.0,-14.34811782836914,972.078857421875,13.500200000000001
2024-12-01 00:25:48,3721.201171875,27.485939941406254,3.616,-1.1499999999999986,4.008,-86.0,-14.791211128234863,972.607177734375,10.158700000000001
2024-11-30 23:25:48,3724.2529296875,27.511282958984378,3.614,-1.1499999999999986,4.008,-86.0,-15.041728973388672,973.1246337890625,12.3932
2024-11-30 22:25:48,3724.2529296875,27.512002563476564,3.616,-1.1499999999999986,4.008,-86.0,-14.515493392944336,973.0526733398438,12.266100000000002
2024-11-30 21:25:48,3724.2529296875,27.510952758789067,3.616,-1.0999999999999943,4.008,-86.0,-14.240793228149414,973.1576538085938,12.680200000000001
2024-11-30 20:25:48,3724.2529296875,27.507094726562503,3.616,-1.0999999999999943,4.008,-86.0,-14.144268035888672,973.54345703125,13.615
2024-11-30 19:25:48,3718.1494140625,27.452017822265628,3.616,-1.1499999999999986,4.012,-86.0,-13.342720031738281,972.9476318359375,14.168500000000002
2024-11-30 18:25:48,3724.2529296875,27.51243103027344,3.616,-1.0999999999999943,4.008,-86.0,-13.149055480957031,973.0098266601562,11.704400000000001
2024-11-30 17:25:48,3724.2529296875,27.516101074218753,3.617,-1.1499999999999986,4.012,-85.0,-13.010415077209473,972.642822265625,14.0988
2024-11-30 16:25:48,3721.201171875,27.488802490234377,3.617,-1.1499999999999986,4.008,-86.0,-12.396892547607422,972.3209228515625,11.241100000000001
2024-11-30 15:25:48,3724.2529296875,27.520593872070314,3.617,-1.0999999999999943,4.012,-86.0,-12.13577651977539,972.1935424804688,12.0119
2024-11-30 14:25:48,3721.201171875,27.49276489257813,3.617,-1.1499999999999986,4.008,-86.0,-10.923945426940918,971.9246826171875,9.3018
2024-11-30 13:25:48,3718.1494140625,27.462969360351565,3.617,-1.1499999999999986,4.008,-86.0,-10.444509506225586,971.8524780273438,9.0271
2024-11-30 12:25:48,3721.201171875,27.49729614257813,3.617,-1.0999999999999943,4.008,-86.0,-10.11050796508789,971.4715576171875,9.0189
2024-11-30 11:25:48,3715.09765625,27.43666198730469,3.618,-1.0999999999999943,4.008,-87.0,-9.57095718383789,971.4314575195312,12.278400000000001
2024-11-30 10:25:48,3718.1494140625,27.466403808593753,3.618,-1.1499999999999986,4.012,-85.0,-9.293132781982422,971.509033203125,9.379700000000001
2024-11-30 09:25:48,3718.1494140625,27.468114624023443,3.618,-1.0999999999999943,4.012,-87.0,-8.513593673706055,971.3379516601562,13.082
2024-11-30 08:25:48,3721.201171875,27.499810180664067,3.619,-1.0999999999999943,4.012,-86.0,-8.251120567321777,971.2201538085938,12.1308
2024-11-30 07:25:48,3718.1494140625,27.46797546386719,3.619,-1.0999999999999943,4.008,-86.0,-8.024919509887695,971.3518676757812,11.044300000000002
2024-11-30 06:25:48,3715.09765625,27.439078369140624,3.618,-1.0999999999999943,4.008,-86.0,-7.856255054473877,971.1898193359375,12.569500000000001
2024-11-30 05:25:49,3718.1494140625,27.466790161132817,3.619,-1.1999999999999957,4.008,-86.0,-7.757555961608887,971.4703979492188,13.4305
2024-11-30 04:25:49,3724.2529296875,27.528574829101565,3.62,-1.1499999999999986,4.012,-86.0,-7.908491134643555,971.3954467773438,10.3186
2024-11-30 03:25:48,3718.1494140625,27.467269897460938,3.62,-1.0999999999999943,4.008,-89.0,-8.005695343017578,971.4224243164062,10.8475
2024-11-30 02:25:48,3715.09765625,27.433889770507815,3.62,-1.0999999999999943,4.008,-86.0,-8.505712509155273,971.7086791992188,12.631
2024-11-30 01:15:49,3718.1494140625,27.453009033203127,3.62,-1.0999999999999943,4.012,-86.0,-9.70810317993164,972.8485107421875,11.0402
2024-11-30 00:15:49,3715.09765625,27.417132568359378,3.62,-1.0999999999999943,4.008,-87.0,-11.044380187988281,973.3843994140625,10.515400000000001
2024-11-29 23:15:48,3715.09765625,27.41242126464844,3.621,-1.0999999999999943,4.012,-86.0,-11.791247367858887,973.8555297851562,9.683100000000001
2024-11-29 22:15:48,3715.09765625,27.410938110351566,3.62,-1.0999999999999943,4.008,-86.0,-11.902851104736328,974.0038452148438,13.9184
2024-11-29 21:15:48,3715.09765625,27.416270141601565,3.621,-1.1499999999999986,4.008,-85.0,-10.919936180114746,973.4706420898438,14.373500000000002
2024-11-29 20:15:48,3715.09765625,27.416899414062502,3.621,-1.0999999999999943,4.012,-87.0,-10.369721412658691,973.40771484375,9.662600000000001
2024-11-29 19:15:48,3715.09765625,27.41970947265625,3.621,-1.0999999999999943,4.008,-87.0,-10.4596586227417,973.126708984375,10.7491
2024-11-29 18:15:48,3718.1494140625,27.448217773437502,3.621,-1.0999999999999943,4.012,-86.0,-10.988000869750977,973.32763671875,11.1796
2024-11-29 17:15:49,3712.0458984375,27.391128540039062,3.621,-1.1499999999999986,4.012,-86.0,-9.842192649841309,972.9330444335938,11.196000000000002
2024-11-29 16:15:49,3712.0458984375,27.392334594726563,3.622,-1.0999999999999943,4.008,-87.0,-9.3143949508667,972.8124389648438,11.901200000000001
2024-11-29 15:15:49,3712.0458984375,27.396641845703126,3.622,-1.0999999999999943,4.008,-87.0,-8.22021198272705,972.3817138671875,9.9168
2024-11-29 14:15:49,3715.09765625,27.42426025390625,3.623,-1.0999999999999943,4.008,-86.0,-8.077223777770996,972.671630859375,14.324300000000001
2024-11-29 13:15:49,3718.1494140625,27.44803161621094,3.622,-1.1499999999999986,4.012,-86.0,-8.984196662902832,973.3462524414062,12.4875
2024-11-29 12:15:49,3715.09765625,27.421135864257813,3.622,-1.1499999999999986,4.012,-87.0,-8.353623390197754,972.9840698242188,14.365300000000001
2024-11-29 11:15:49,3715.09765625,27.419412231445314,3.623,-1.1499999999999986,4.008,-87.0,-7.693295955657959,973.1564331054688,12.4547
2024-11-29 10:15:49,3715.09765625,27.41655944824219,3.622,-1.1499999999999986,4.008,-87.0,-7.988781929016113,973.4417114257812,14.2956
2024-11-29 09:15:49,3715.09765625,27.406484985351565,3.623,-1.0999999999999943,4.012,-86.0,-9.72583293914795,974.4491577148438,14.271
2024-11-29 08:15:49,3712.0458984375,27.36886901855469,3.624,-1.0999999999999943,4.008,-87.0,-11.110065460205078,975.1589965820312,12.0324
2024-11-29 07:15:49,3715.09765625,27.390718994140627,3.624,-1.0999999999999943,4.008,-86.0,-11.582097053527832,976.0257568359375,9.1255
2024-11-29 06:15:48,3712.0458984375,27.366170654296877,3.624,-1.0999999999999943,4.008,-87.0,-10.662151336669922,975.4288330078125,13.5248
2024-11-29 05:15:49,3715.09765625,27.3999951171875,3.624,-1.1499999999999986,4.012,-87.0,-9.808363914489746,975.09814453125,9.1501
2024-11-29 04:15:49,3715.09765625,27.39948913574219,3.625,-1.0999999999999943,4.012,-87.0,-10.248808860778809,975.1487426757812,13.0492
2024-11-29 03:15:49,3712.0458984375,27.370347900390627,3.624,-1.0999999999999943,4.012,-86.0,-9.726308822631836,975.0111083984375,10.3924
2024-11-29 02:15:49,3715.09765625,27.395405273437504,3.625,-1.1499999999999986,4.012,-87.0,-9.765366554260254,975.55712890625,12.2538
2024-11-29 01:15:49,3708.994140625,27.328597412109374,3.625,-1.0999999999999943,4.015,-89.0,-10.42562484741211,976.1343994140625,10.5441
2024-11-29 00:15:49,3712.0458984375,27.35597595214844,3.626,-1.0999999999999943,4.012,-86.0,-10.953559875488281,976.4483032226562,9.6872
2024-11-28 23:15:49,3712.0458984375,27.35357299804688,3.626,-1.1499999999999986,4.012,-87.0,-11.230094909667969,976.6885986328125,12.741700000000002
2024-11-28 22:15:49,3712.0458984375,27.352023925781253,3.625,-1.1499999999999986,4.012,-87.0,-11.123381614685059,976.843505859375,10.991000000000001
2024-11-28 21:15:49,3712.0458984375,27.352068481445315,3.626,-1.0999999999999943,4.012,-87.0,-11.208970069885254,976.8390502929688,13.336200000000002
2024-11-28 20:15:49,3708.994140625,27.326038208007812,3.626,-1.1999999999999957,4.008,-87.0,-11.189338684082031,976.3903198242188,12.905700000000001
2024-11-28 19:15:49,3705.9423828125,27.291624755859377,3.626,-1.0999999999999943,4.008,-86.0,-11.489511489868164,976.7799072265625,14.365300000000001
2024-11-28 18:15:49,3708.994140625,27.330954589843756,3.626,-1.0999999999999943,4.008,-86.0,-11.233288764953613,975.898681640625,11.7126
2024-11-28 17:15:50,3705.9423828125,27.30256042480469,3.626,-1.0999999999999943,4.012,-87.0,-11.056811332702637,975.6863403320312,11.876600000000002
2024-11-28 16:15:50,3708.994140625,27.332232666015628,3.627,-1.0999999999999943,4.008,-86.0,-11.367378234863281,975.7708740234375,10.8598
2024-11-28 14:15:49,3705.9423828125,27.298345947265624,3.627,-1.0999999999999943,4.012,-87.0,-11.628422737121582,976.1077880859375,9.474
2024-11-28 13:15:49,3705.9423828125,27.298623657226564,3.628,-1.0999999999999943,4.012,-87.0,-11.669316291809082,976.0800170898438,11.7782
2024-11-28 12:15:49,3708.994140625,27.324545898437506,3.627,-1.1499999999999986,4.012,-86.0,-12.19555377960205,976.53955078125,9.1378
2024-11-28 11:15:49,3705.9423828125,27.302312622070314,3.628,-1.0999999999999943,4.012,-87.0,-11.98864459991455,975.7111206054688,11.5281
2024-11-28 10:15:49,3705.9423828125,27.31177673339844,3.629,-1.0999999999999943,4.012,-87.0,-11.46689224243164,974.7647094726562,13.1271
2024-11-28 09:15:49,3702.890625,27.28004211425781,3.629,-1.1499999999999986,4.012,-87.0,-11.40847396850586,974.8864135742188,11.0074
2024-11-28 08:15:49,3705.9423828125,27.315469360351564,3.629,-1.0999999999999943,4.012,-87.0,-11.6879301071167,974.3954467773438,9.748700000000001
2024-11-28 07:15:50,3702.890625,27.283836669921875,3.629,-1.0999999999999943,4.008,-87.0,-12.90743637084961,974.5069580078125,14.1439
2024-11-28 06:15:50,3705.9423828125,27.310565795898437,3.632,-1.0999999999999943,4.012,-87.0,-13.857407569885254,974.8858032226562,11.724900000000002
2024-11-28 05:15:50,3699.8388671875,27.25415771484375,3.632,-1.0999999999999943,4.012,-86.0,-13.947956085205078,974.423095703125,13.0615
2024-11-28 04:15:50,3696.787109375,27.226843872070315,3.632,-1.1499999999999986,4.012,-86.0,-14.348322868347168,974.1027221679688,12.1308
2024-11-28 03:15:50,3696.787109375,27.232187500000002,3.632,-1.0999999999999943,4.008,-86.0,-14.178706169128418,973.568359375,12.680200000000001
2024-11-28 02:15:49,3699.8388671875,27.262825927734376,3.632,-1.0999999999999943,4.012,-87.0,-14.508088111877441,973.5562744140625,12.344000000000001
2024-11-28 01:15:49,3696.787109375,27.231578369140628,3.632,-1.1499999999999986,4.008,-88.0,-15.134995460510254,973.6292724609375,11.8315
2024-11-28 00:15:49,3693.7353515625,27.201899414062503,3.634,-1.1499999999999986,4.012,-87.0,-15.427831649780273,973.54541015625,11.835600000000001
2024-11-27 23:05:50,3699.8388671875,27.266912231445314,3.633,-1.1499999999999986,4.008,-87.0,-15.00368881225586,973.1476440429688,9.925
2024-11-27 22:05:50,3696.787109375,27.240010986328123,3.633,-1.1499999999999986,4.008,-87.0,-15.090161323547363,972.7860107421875,12.364500000000001
2024-11-27 21:05:50,3699.8388671875,27.269238891601564,3.633,-1.0999999999999943,4.012,-87.0,-14.933520317077637,972.9149780273438,13.4838
2024-11-27 20:05:50,3696.787109375,27.24261657714844,3.633,-1.1499999999999986,4.012,-86.0,-14.672881126403809,972.5254516601562,12.3071
2024-11-27 19:05:50,3696.787109375,27.247630615234378,3.634,-1.1499999999999986,4.012,-87.0,-14.056571960449219,972.0240478515625,11.856100000000001
2024-11-27 18:05:50,3696.787109375,27.24907409667969,3.634,-1.0999999999999943,4.012,-87.0,-13.304883003234863,971.8796997070312,11.0648
2024-11-27 17:05:49,3696.787109375,27.255030517578128,3.634,-1.1499999999999986,4.012,-87.0,-11.546843528747559,971.2840576171875,14.664600000000002
2024-11-27 16:05:49,3696.787109375,27.256531982421876,3.634,-1.1499999999999986,4.012,-87.0,-10.38622760772705,971.1339111328125,14.418600000000001
2024-11-27 15:05:50,3696.787109375,27.24805603027344,3.634,-1.1499999999999986,4.012,-87.0,-10.740334510803223,971.9815063476562,14.016800000000002
2024-11-27 14:05:50,3696.787109375,27.23925476074219,3.635,-1.0999999999999943,4.008,-87.0,-11.584882736206055,972.8616333007812,10.3924
2024-11-27 13:05:50,3696.787109375,27.23182373046875,3.635,-1.1499999999999986,4.008,-86.0,-12.163491249084473,973.604736328125,9.174700000000001
2024-11-27 12:05:50,3696.787109375,27.224456787109375,3.636,-1.1499999999999986,4.008,-86.0,-12.021862983703613,974.3414306640625,9.269
2024-11-27 11:05:50,3696.787109375,27.21601501464844,3.636,-1.0999999999999943,4.012,-87.0,-12.109963417053223,975.1856079101562,13.1804
2024-11-27 10:05:50,3696.787109375,27.208309936523438,3.636,-1.0999999999999943,4.012,-87.0,-12.57275676727295,975.9561157226562,9.6216
2024-11-27 09:05:50,3696.787109375,27.205720825195314,3.636,-1.1499999999999986,4.008,-87.0,-12.40164566040039,976.2150268554688,13.287
2024-11-27 08:05:50,3696.787109375,27.205168457031252,3.637,-1.0999999999999943,4.012,-87.0,-13.054906845092773,976.270263671875,14.258700000000001
2024-11-27 07:05:50,3696.787109375,27.206780395507817,3.636,-1.1499999999999986,4.012,-87.0,-12.793996810913086,976.1090698242188,14.332500000000001
2024-11-27 06:05:50,3693.7353515625,27.1744189453125,3.637,-1.1499999999999986,4.012,-87.0,-12.927543640136719,976.29345703125,14.3899
2024-11-27 05:05:51,3696.787109375,27.20204528808594,3.637,-1.1499999999999986,4.012,-87.0,-14.239365577697754,976.5825805664062,13.2993
2024-11-27 04:05:51,3693.7353515625,27.176158447265628,3.638,-1.1499999999999986,4.012,-87.0,-13.494672775268555,976.1195068359375,13.492
2024-11-27 03:05:50,3693.7353515625,27.181947021484376,3.637,-1.0999999999999943,4.012,-87.0,-12.90682601928711,975.5406494140625,13.8077
2024-11-27 02:05:50,3696.787109375,27.217796020507812,3.637,-1.1499999999999986,4.012,-87.0,-12.614872932434082,975.0075073242188,9.4617
2024-11-27 01:05:50,3690.68359375,27.1625537109375,3.638,-1.1499999999999986,4.012,-88.0,-11.253461837768555,974.42822265625,13.5576
2024-11-27 00:05:50,3696.787109375,27.233077392578124,3.638,-1.0999999999999943,4.012,-87.0,-10.168315887451172,973.4793701171875,11.499400000000001
2024-11-26 23:05:50,3687.6318359375,27.15161743164063,3.638,-1.0999999999999943,4.012,-89.0,-9.048048973083496,972.4700927734375,9.9947
2024-11-26 22:05:50,3690.68359375,27.186750488281252,3.639,-1.1499999999999986,4.012,-86.0,-9.243002891540527,972.008544921875,9.3428
2024-11-26 21:05:50,3690.68359375,27.186665039062504,3.639,-1.0999999999999943,4.012,-87.0,-10.317008972167969,972.01708984375,12.1759
2024-11-26 20:05:50,3687.6318359375,27.15635925292969,3.639,-1.1499999999999986,4.008,-88.0,-11.367919921875,971.9959106445312,12.438300000000002
2024-11-26 19:05:51,3687.6318359375,27.178101196289063,3.639,-1.1499999999999986,4.012,-88.0,-8.412517547607422,969.8217163085938,14.1767
2024-11-26 18:05:51,3687.6318359375,27.19114196777344,3.639,-1.1499999999999986,4.008,-87.0,-7.390610218048096,968.5176391601562,13.729800000000001
2024-11-26 17:05:51,3684.580078125,27.171589965820317,3.639,-1.1499999999999986,4.012,-87.0,-6.763566970825195,967.4210815429688,12.959000000000001
2024-11-26 16:05:51,3684.580078125,27.18044982910157,3.64,-1.0499999999999972,4.008,-87.0,-6.312663555145264,966.5350952148438,14.160300000000001
2024-11-26 15:05:51,3687.6318359375,27.217693481445316,3.639,-1.1499999999999986,4.012,-87.0,-6.426782131195068,965.8624877929688,10.868
2024-11-26 14:05:51,3681.5283203125,27.1665771484375,3.639,-1.0999999999999943,4.008,-88.0,-6.125996112823486,964.87060546875,10.9008
2024-11-26 13:05:51,3678.4765625,27.14501953125,3.64,-1.1499999999999986,4.012,-87.0,-5.816450119018555,963.974609375,14.312000000000001
2024-11-26 12:05:51,3678.4765625,27.15609130859375,3.641,-1.0999999999999943,4.008,-87.0,-5.60037088394165,962.867431640625,11.888900000000001
2024-11-26 11:05:51,3678.4765625,27.168256835937502,3.641,-1.0999999999999943,4.012,-87.0,-5.322412014007568,961.65087890625,11.3969
2024-11-26 10:05:51,3678.4765625,27.176950683593752,3.641,-1.0999999999999943,4.008,-88.0,-4.958996772766113,960.781494140625,14.332500000000001
2024-11-26 09:05:51,3678.4765625,27.18344665527344,3.642,-1.1499999999999986,4.012,-88.0,-4.605432033538818,960.1318969726562,9.3018
2024-11-26 08:05:51,3672.373046875,27.13030151367188,3.642,-1.1499999999999986,4.008,-88.0,-4.196506500244141,959.3428955078125,10.1628
2024-11-26 07:05:51,3678.4765625,27.204049072265626,3.642,-1.0999999999999943,4.012,-88.0,-3.7977709770202637,958.0716552734375,9.318200000000001
2024-11-26 06:05:51,3678.4765625,27.214320068359378,3.642,-1.0999999999999943,4.008,-88.0,-3.2104663848876953,957.0445556640625,12.0447
2024-11-26 05:05:51,3672.373046875,27.160289916992188,3.642,-1.1499999999999986,4.012,-88.0,-2.210500478744507,956.3440551757812,11.651100000000001
2024-11-26 04:05:51,3672.373046875,27.164691162109378,3.643,-1.0999999999999943,4.012,-88.0,-1.4209082126617432,955.9039306640625,13.41
2024-11-26 03:05:51,3672.373046875,27.1661376953125,3.643,-1.0999999999999943,4.012,-87.0,-1.030185580253601,955.75927734375,14.4022
2024-11-26 02:05:51,3669.3212890625,27.133403320312503,3.642,-1.1499999999999986,4.008,-87.0,-1.1254223585128784,955.98095703125,13.487900000000002
2024-11-26 01:05:51,3669.3212890625,27.13165954589844,3.643,-1.0999999999999943,4.008,-88.0,-1.362216830253601,956.1553344726562,14.512900000000002
2024-11-26 00:05:51,3669.3212890625,27.133328247070313,3.643,-1.0999999999999943,4.012,-88.0,-1.8686206340789795,955.9884643554688,12.0324
2024-11-25 23:05:51,3669.3212890625,27.130914306640626,3.645,-1.0999999999999943,4.012,-87.0,-2.585190534591675,956.2298583984375,9.5601
2024-11-25 22:05:51,3666.26953125,27.10026611328125,3.644,-1.1499999999999986,4.008,-88.0,-2.709091901779175,956.242919921875,9.7077
2024-11-25 20:55:51,3669.3212890625,27.130155029296876,3.644,-1.0999999999999943,4.008,-88.0,-1.8119677305221558,956.3057861328125,14.201300000000002
2024-11-25 19:55:51,3669.3212890625,27.132591552734375,3.645,-1.0999999999999943,4.012,-89.0,-1.4492334127426147,956.0621337890625,11.360000000000001
2024-11-25 18:55:52,3666.26953125,27.105218505859376,3.644,-1.0999999999999943,4.012,-89.0,-0.9514575004577637,955.7476806640625,9.3838
2024-11-25 17:55:52,3669.3212890625,27.142598876953127,3.645,-1.1499999999999986,4.008,-88.0,0.6196447610855103,955.0614013671875,10.494900000000001
2024-11-25 16:55:52,3669.3212890625,27.150245971679688,3.645,-1.0999999999999943,4.012,-88.0,2.3500378131866455,954.2966918945312,9.6913
2024-11-25 15:55:52,3666.26953125,27.11970642089844,3.645,-1.0999999999999943,4.012,-89.0,2.54145884513855,954.2988891601562,14.549800000000001
2024-11-25 14:55:52,3666.26953125,27.11445495605469,3.646,-1.1499999999999986,4.012,-89.0,2.3580541610717773,954.8240356445312,11.7085
2024-11-25 13:55:52,3666.26953125,27.105917358398443,3.646,-1.1499999999999986,4.008,-89.0,2.235852003097534,955.6777954101562,13.631400000000001
2024-11-25 12:55:52,3666.26953125,27.106394042968752,3.646,-1.1499999999999986,4.012,-89.0,2.5203332901000977,955.630126953125,9.433
2024-11-25 11:55:52,3663.2177734375,27.07795104980469,3.647,-1.1499999999999986,4.008,-87.0,2.716848134994507,955.4226684570312,13.3731
2024-11-25 10:55:52,3669.3212890625,27.142820434570318,3.647,-1.0999999999999943,4.012,-88.0,2.804611921310425,955.0392456054688,14.4227
2024-11-25 09:55:52,3666.26953125,27.108396606445314,3.646,-1.1499999999999986,4.012,-89.0,2.5864269733428955,955.4298706054688,10.2653
2024-11-25 08:55:52,3666.26953125,27.09890319824219,3.647,-1.0999999999999943,4.012,-87.0,1.8867028951644897,956.3792114257812,9.879900000000001
2024-11-25 07:55:52,3663.2177734375,27.062926025390624,3.648,-1.1499999999999986,4.012,-89.0,1.855863094329834,956.9251708984375,11.888900000000001
2024-11-25 06:55:52,3669.3212890625,27.121779785156257,3.648,-1.0999999999999943,4.012,-88.0,2.7760815620422363,957.143310546875,13.8733
2024-11-25 05:55:52,3666.26953125,27.094015502929693,3.648,-1.1499999999999986,4.012,-88.0,2.4802563190460205,956.8679809570312,14.5088
2024-11-25 04:55:52,3660.166015625,27.03553955078125,3.647,-1.1499999999999986,4.012,-89.0,2.316889762878418,956.612060546875,10.925400000000002
2024-11-25 03:55:52,3663.2177734375,27.062962036132813,3.648,-1.0999999999999943,4.008,-88.0,2.380605459213257,956.9215698242188,11.6019
2024-11-25 02:55:52,3663.2177734375,27.055865478515628,3.648,-1.1499999999999986,4.012,-89.0,2.2449536323547363,957.6312255859375,14.426800000000002
2024-11-25 01:55:52,3660.166015625,27.022080688476564,3.648,-1.1499999999999986,4.008,-88.0,2.4352197647094727,957.9579467773438,9.9373
2024-11-25 00:55:52,3666.26953125,27.085579833984376,3.648,-1.1499999999999986,4.012,-88.0,2.428426504135132,957.7115478515625,13.1066
2024-11-24 23:55:52,3660.166015625,27.022197875976563,3.648,-1.0999999999999943,4.012,-89.0,2.2450220584869385,957.9462280273438,14.2382
2024-11-24 22:55:51,3663.2177734375,27.046704101562504,3.649,-1.0999999999999943,4.012,-89.0,1.8392212390899658,958.54736328125,9.3961
2024-11-24 21:55:51,3666.26953125,27.066826782226563,3.65,-1.0999999999999943,4.012,-89.0,1.7090710401535034,959.5868530273438,9.437100000000001
2024-11-24 20:55:51,3666.26953125,27.05992370605469,3.65,-1.0999999999999943,4.012,-89.0,0.8790612816810608,960.2771606445312,9.9701
2024-11-24 19:55:52,3663.2177734375,27.02343383789063,3.651,-1.0999999999999943,4.012,-89.0,0.7972082495689392,960.8743896484375,13.7421
2024-11-24 18:55:52,3666.26953125,27.050585937500003,3.65,-1.1499999999999986,4.012,-89.0,1.0803991556167603,961.2109375,11.9832
2024-11-24 17:55:52,3660.166015625,26.99087890625,3.651,-1.1499999999999986,4.012,-88.0,0.735461413860321,961.078125,11.934000000000001
2024-11-24 16:55:52,3663.2177734375,27.020080566406254,3.651,-1.0999999999999943,4.012,-89.0,0.902496337890625,961.209716796875,13.5248
2024-11-24 15:55:52,3669.3212890625,27.07756103515625,3.652,-1.1499999999999986,4.012,-89.0,0.80474853515625,961.565185546875,9.379700000000001
2024-11-24 14:55:52,3666.26953125,27.042376708984378,3.652,-1.1499999999999986,4.008,-88.0,0.31641480326652527,962.0318603515625,14.5867
2024-11-24 13:55:52,3663.2177734375,27.01384948730469,3.653,-1.1499999999999986,4.012,-89.0,-0.04319579899311066,961.8328247070312,12.9754
2024-11-24 12:55:52,3663.2177734375,27.007118530273438,3.652,-1.0999999999999943,4.012,-90.0,-0.945141613483429,962.5059204101562,9.490400000000001
2024-11-24 11:55:52,3660.166015625,26.97243286132813,3.653,-1.0999999999999943,4.012,-89.0,-1.2302343845367432,962.9227294921875,13.7421
2024-11-24 10:55:52,3666.26953125,27.02462585449219,3.653,-1.0999999999999943,4.012,-88.0,-1.6146386861801147,963.8069458007812,10.1792
2024-11-24 09:55:52,3660.166015625,26.963638305664066,3.653,-1.0999999999999943,4.012,-89.0,-1.8517065048217773,963.8021850585938,14.471900000000002
2024-11-24 08:55:52,3669.3212890625,27.052475585937504,3.654,-1.1499999999999986,4.012,-89.0,-2.354914665222168,964.07373046875,14.6195
2024-11-24 07:55:52,3663.2177734375,26.984168090820315,3.653,-1.0999999999999943,4.012,-89.0,-2.6673827171325684,964.8009643554688,12.6966
2024-11-24 06:55:52,3663.2177734375,26.98338317871094,3.653,-1.1499999999999986,4.012,-89.0,-3.4759278297424316,964.8794555664062,13.803600000000001
2024-11-24 05:55:52,3660.166015625,26.951881103515625,3.654,-1.0999999999999943,4.012,-90.0,-4.139448165893555,964.9779052734375,13.930700000000002
2024-11-24 04:55:52,3663.2177734375,26.978696289062505,3.654,-1.1499999999999986,4.008,-90.0,-4.770429611206055,965.34814453125,11.7208
2024-11-24 03:55:52,3666.26953125,27.006514282226565,3.654,-1.0999999999999943,4.012,-89.0,-5.782214164733887,965.6181030273438,12.0365
2024-11-24 02:55:52,3663.2177734375,26.97287536621094,3.655,-1.1499999999999986,4.012,-89.0,-6.726819038391113,965.9302368164062,9.318200000000001
2024-11-24 01:55:52,3660.166015625,26.94141479492188,3.654,-1.0999999999999943,4.012,-90.0,-7.140158653259277,966.0245361328125,11.5281
2024-11-24 00:55:52,3660.166015625,26.939255371093754,3.655,-1.0999999999999943,4.012,-90.0,-6.861792087554932,966.240478515625,9.338700000000001
2024-11-23 23:55:52,3660.166015625,26.935111694335937,3.655,-1.0999999999999943,4.012,-89.0,-7.145593166351318,966.6548461914062,9.338700000000001
2024-11-23 22:55:52,3663.2177734375,26.967040405273437,3.656,-1.0999999999999943,4.012,-90.0,-6.607673168182373,966.5137329101562,9.379700000000001
2024-11-23 21:55:52,3660.166015625,26.93570068359375,3.656,-1.0999999999999943,4.015,-87.0,-7.182070255279541,966.595947265625,11.815100000000001
2024-11-23 20:55:52,3663.2177734375,26.958709106445315,3.656,-1.0999999999999943,4.008,-90.0,-7.480817794799805,967.3468627929688,11.6798
2024-11-23 19:55:52,3660.166015625,26.92936401367188,3.656,-1.0999999999999943,4.012,-90.0,-7.099404335021973,967.2296142578125,12.061100000000001
2024-11-23 18:45:53,3660.166015625,26.932810668945315,3.657,-1.0999999999999943,4.008,-90.0,-6.434729099273682,966.8849487304688,11.7536
2024-11-23 17:45:52,3660.166015625,26.93255065917969,3.657,-1.0999999999999943,4.008,-90.0,-5.954275131225586,966.9109497070312,11.683900000000001
2024-11-23 16:45:53,3660.166015625,26.933399047851566,3.657,-1.0999999999999943,4.012,-90.0,-5.160879135131836,966.8261108398438,11.032
2024-11-23 15:45:52,3657.1142578125,26.904274902343754,3.658,-1.1499999999999986,4.008,-90.0,-5.188864707946777,966.686767578125,12.721200000000001
2024-11-23 14:45:52,3663.2177734375,26.956375122070316,3.658,-1.0999999999999943,4.012,-90.0,-6.648227691650391,967.5802612304688,15.025400000000001
2024-11-23 13:45:52,3660.166015625,26.923505249023442,3.658,-1.1499999999999986,4.008,-90.0,-7.087856292724609,967.8154907226562,9.912700000000001
2024-11-23 12:45:52,3660.166015625,26.91796325683594,3.658,-1.0999999999999943,4.012,-89.0,-7.374714374542236,968.3696899414062,14.537500000000001
2024-11-23 11:45:52,3660.166015625,26.919543457031253,3.658,-1.1499999999999986,4.012,-90.0,-7.608317852020264,968.211669921875,12.0037
2024-11-23 10:45:52,3654.0625,26.851157836914066,3.658,-1.0999999999999943,4.012,-90.0,-8.239299774169922,968.9467163085938,13.4961
2024-11-23 09:45:52,3663.2177734375,26.94489196777344,3.659,-1.1499999999999986,4.008,-90.0,-7.816042423248291,968.7285766601562,9.674900000000001
2024-11-23 08:45:52,3660.166015625,26.91033386230469,3.659,-1.0999999999999943,4.012,-89.0,-8.834824562072754,969.1326293945312,13.848700000000001
2024-11-23 07:45:52,3660.166015625,26.912002563476562,3.659,-1.1499999999999986,4.008,-89.0,-7.96820068359375,968.9657592773438,12.052900000000001
2024-11-23 06:45:52,3660.166015625,26.908330688476564,3.659,-1.0999999999999943,4.012,-90.0,-7.875749588012695,969.3329467773438,9.3346
2024-11-23 05:45:53,3657.1142578125,26.876136474609375,3.66,-1.1499999999999986,4.012,-89.0,-8.06418228149414,969.5006103515625,10.626100000000001
2024-11-23 04:45:53,3657.1142578125,26.879448852539063,3.66,-1.0999999999999943,4.012,-89.0,-7.672917366027832,969.1693725585938,9.2649
2024-11-23 03:45:53,3657.1142578125,26.876627197265627,3.661,-1.1499999999999986,4.008,-90.0,-7.47585916519165,969.4515380859375,11.4953
2024-11-23 02:45:53,3660.166015625,26.89898681640625,3.661,-1.1499999999999986,4.012,-90.0,-7.632092475891113,970.267333984375,13.467400000000001
2024-11-23 01:45:53,3657.1142578125,26.866859741210938,3.661,-1.0999999999999943,4.012,-90.0,-7.723523139953613,970.4282836914062,10.786000000000001
2024-11-23 00:45:53,3660.166015625,26.891897583007815,3.664,-1.1499999999999986,4.012,-89.0,-7.8951096534729,970.9762573242188,10.3719
2024-11-22 23:45:53,3657.1142578125,26.85595886230469,3.664,-1.0999999999999943,4.012,-90.0,-7.839748382568359,971.5183715820312,9.7323
2024-11-22 22:45:53,3660.166015625,26.8810595703125,3.664,-1.0999999999999943,4.008,-89.0,-8.1715087890625,972.06005859375,10.0275
2024-11-22 21:45:53,3660.166015625,26.875385742187504,3.664,-1.0499999999999972,4.012,-90.0,-8.870078086853027,972.62744140625,14.037300000000002
2024-11-22 20:45:53,3660.166015625,26.873664550781253,3.664,-1.1499999999999986,4.008,-88.0,-8.319658279418945,972.799560546875,14.471900000000002
2024-11-22 19:45:53,3660.166015625,26.87116088867188,3.664,-1.0999999999999943,4.008,-90.0,-7.960319995880127,973.0499267578125,10.8475
2024-11-22 18:45:53,3660.166015625,26.869171752929688,3.664,-1.1499999999999986,4.012,-90.0,-8.210973739624023,973.2488403320312,9.72
2024-11-22 17:45:53,3660.166015625,26.869367675781252,3.664,-1.1499999999999986,4.012,-91.0,-7.771955490112305,973.229248046875,9.371500000000001
2024-11-22 16:45:53,3660.166015625,26.869373168945316,3.664,-1.1499999999999986,4.012,-91.0,-6.902683258056641,973.2286987304688,10.2079
2024-11-22 15:45:52,3660.166015625,26.8611376953125,3.664,-1.0999999999999943,4.012,-90.0,-6.9381422996521,974.05224609375,9.6544
2024-11-22 14:45:53,3660.166015625,26.85473388671875,3.664,-1.1499999999999986,4.012,-90.0,-7.580739974975586,974.692626953125,9.8102
2024-11-22 13:45:53,3657.1142578125,26.817914428710942,3.665,-1.0999999999999943,4.012,-90.0,-8.09658432006836,975.3228149414062,10.191500000000001
2024-11-22 12:45:53,3660.166015625,26.83926391601563,3.664,-1.1499999999999986,4.012,-90.0,-8.391457557678223,976.2396240234375,9.998800000000001
2024-11-22 11:45:53,3660.166015625,26.834843139648438,3.664,-1.0999999999999943,4.012,-90.0,-8.443083763122559,976.6817016601562,14.689200000000001
2024-11-22 10:45:53,3663.2177734375,26.856448974609375,3.664,-1.0999999999999943,4.008,-91.0,-8.335962295532227,977.5728759765625,11.1509
2024-11-22 09:45:53,3660.166015625,26.82462585449219,3.665,-1.0999999999999943,4.012,-90.0,-8.221230506896973,977.7034301757812,14.426800000000002
2024-11-22 08:45:53,3663.2177734375,26.853132934570315,3.665,-1.0999999999999943,4.012,-91.0,-8.098825454711914,977.9044799804688,9.728200000000001
2024-11-22 07:45:53,3660.166015625,26.816484375,3.665,-1.0999999999999943,4.012,-91.0,-7.901767730712891,978.517578125,10.773700000000002
2024-11-22 06:45:53,3660.166015625,26.819777221679686,3.666,-1.1499999999999986,4.012,-92.0,-7.59799337387085,978.1882934570312,12.0898
2024-11-22 05:45:53,3660.166015625,26.81879150390625,3.666,-1.0999999999999943,4.012,-90.0,-7.308552265167236,978.286865234375,12.647400000000001
2024-11-22 04:45:53,3663.2177734375,26.845488891601565,3.666,-1.0999999999999943,4.012,-91.0,-6.985759258270264,978.6688842773438,13.664200000000001
2024-11-22 03:45:53,3660.166015625,26.811215820312498,3.667,-1.0999999999999943,4.008,-90.0,-5.669997692108154,979.04443359375,14.7466
2024-11-22 02:45:53,3660.166015625,26.81615478515625,3.667,-1.0999999999999943,4.012,-90.0,-5.476880073547363,978.550537109375,9.5847
2024-11-22 01:45:53,3660.166015625,26.813479003906252,3.667,-1.0999999999999943,4.008,-91.0,-4.762006759643555,978.818115234375,14.127500000000001
2024-11-22 00:45:53,3657.1142578125,26.778665161132814,3.666,-1.0999999999999943,4.012,-92.0,-4.70413064956665,979.2477416992188,13.315700000000001
2024-11-21 23:45:53,3663.2177734375,26.836401367187502,3.668,-1.1499999999999986,4.012,-91.0,-4.266811370849609,979.57763671875,13.2255
2024-11-21 22:45:54,3660.166015625,26.80516845703125,3.668,-1.0999999999999943,4.012,-91.0,-4.467199802398682,979.649169921875,11.2452
2024-11-21 21:45:54,3660.166015625,26.808972778320314,3.668,-1.0999999999999943,4.008,-92.0,-3.716257333755493,979.2687377929688,9.6708
2024-11-21 20:45:54,3660.166015625,26.810825805664066,3.669,-1.1499999999999986,4.012,-91.0,-3.5409350395202637,979.0834350585938,12.0898
2024-11-21 19:45:53,3660.166015625,26.81122314453125,3.669,-1.0499999999999972,4.012,-87.0,-3.309030771255493,979.043701171875,14.648200000000001
2024-11-21 18:45:53,3660.166015625,26.81556335449219,3.669,-1.0999999999999943,4.008,-91.0,-2.811594247817993,978.6096801757812,13.5699
2024-11-21 17:35:54,3657.1142578125,26.785418090820315,3.669,-1.1499999999999986,4.012,-91.0,-2.5832202434539795,978.5724487304688,13.7954
2024-11-21 16:35:54,3660.166015625,26.813865356445312,3.67,-1.0999999999999943,4.012,-91.0,-2.798959970474243,978.7794799804688,14.7179
2024-11-21 15:35:54,3657.1142578125,26.779328613281255,3.669,-1.0999999999999943,4.012,-91.0,-3.5384912490844727,979.181396484375,14.3694
2024-11-21 14:35:54,3660.166015625,26.808713989257814,3.669,-1.1499999999999986,4.012,-91.0,-4.214848518371582,979.2946166992188,9.437100000000001
2024-11-21 13:35:54,3660.166015625,26.809935302734374,3.67,-1.0999999999999943,4.012,-91.0,-4.500891208648682,979.1724853515625,14.6195
2024-11-21 12:35:54,3660.166015625,26.809338989257814,3.67,-1.0999999999999943,4.012,-92.0,-4.569633960723877,979.2321166992188,14.275100000000002
2024-11-21 11:35:54,3660.166015625,26.810220336914064,3.671,-1.0999999999999943,4.012,-92.0,-3.665175676345825,979.1439819335938,14.168500000000002
2024-11-21 10:35:54,3660.166015625,26.811604003906254,3.671,-1.1499999999999986,4.012,-92.0,-2.423454523086548,979.005615234375,14.6072
2024-11-21 09:35:54,3663.2177734375,26.84395690917969,3.671,-1.0999999999999943,4.012,-92.0,-2.1453588008880615,978.8220825195312,14.742500000000001
2024-11-21 08:35:54,3657.1142578125,26.78606140136719,3.671,-1.1499999999999986,4.012,-92.0,-1.711096167564392,978.5081176757812,11.163200000000002
2024-11-21 07:35:54,3660.166015625,26.80930603027344,3.671,-1.0999999999999943,4.008,-92.0,-1.7472338676452637,979.2354125976562,14.3571
2024-11-21 06:35:54,3660.166015625,26.807229003906254,3.671,-1.1499999999999986,4.012,-92.0,-1.8847192525863647,979.443115234375,12.795000000000002
2024-11-21 05:35:54,3657.1142578125,26.77458801269531,3.671,-1.1499999999999986,4.015,-92.0,-1.9661645889282227,979.6554565429688,14.730200000000002
2024-11-21 04:35:54,3660.166015625,26.80352478027344,3.673,-1.0999999999999943,4.012,-92.0,-1.9587597846984863,979.8135375976562,13.4961
2024-11-21 03:35:54,3660.166015625,26.79618896484375,3.673,-1.1499999999999986,4.012,-92.0,-1.8922582864761353,980.547119140625,14.742500000000001
2024-11-21 02:35:54,3660.166015625,26.790942382812503,3.674,-1.0999999999999943,4.008,-92.0,-1.7570141553878784,981.07177734375,14.225900000000001
2024-11-21 01:35:54,3660.166015625,26.782163085937505,3.674,-1.0999999999999943,4.012,-92.0,-1.8726269006729126,981.94970703125,9.867600000000001
2024-11-21 00:35:54,3660.166015625,26.774274291992192,3.673,-1.1499999999999986,4.012,-92.0,-2.002573251724243,982.7385864257812,14.611300000000002
2024-11-20 23:35:54,3660.166015625,26.77069274902344,3.674,-1.0999999999999943,4.012,-92.0,-2.0817089080810547,983.0967407226562,14.701500000000001
2024-11-20 22:35:54,3660.166015625,26.76729675292969,3.674,-1.0999999999999943,4.012,-93.0,-2.4110913276672363,983.4363403320312,9.683100000000001
2024-11-20 21:35:54,3660.166015625,26.764010009765627,3.674,-1.0999999999999943,4.012,-92.0,-3.046215772628784,983.7650146484375,14.767100000000001
2024-11-20 20:35:54,3660.166015625,26.758616943359375,3.674,-1.0999999999999943,4.012,-93.0,-3.098862409591675,984.3043212890625,12.5736
2024-11-20 19:35:54,3657.1142578125,26.72550720214844,3.675,-1.0999999999999943,4.012,-93.0,-2.756030321121216,984.5635375976562,14.7056
2024-11-20 18:35:54,3657.1142578125,26.7311376953125,3.674,-1.1499999999999986,4.012,-93.0,-2.779531240463257,984.00048828125,14.258700000000001
2024-11-20 17:35:54,3660.166015625,26.753166503906254,3.675,-1.1499999999999986,4.012,-93.0,-3.543041944503784,984.849365234375,14.1849
2024-11-20 16:35:55,3657.1142578125,26.716278686523438,3.675,-1.1499999999999986,4.012,-93.0,-4.364423751831055,985.4863891601562,13.0164
2024-11-20 15:35:55,3660.166015625,26.744631347656252,3.676,-1.1499999999999986,4.012,-93.0,-4.684499740600586,985.702880859375,11.8069
2024-11-20 14:35:55,3657.1142578125,26.711291503906253,3.675,-1.1499999999999986,4.012,-92.0,-5.168622970581055,985.985107421875,11.413300000000001
2024-11-20 13:35:55,3660.166015625,26.7312060546875,3.675,-1.1499999999999986,4.012,-93.0,-5.42926025390625,987.04541015625,10.019300000000001
2024-11-20 12:35:55,3657.1142578125,26.697947998046878,3.677,-1.0999999999999943,4.012,-93.0,-5.908627986907959,987.3194580078125,14.635900000000001
2024-11-20 11:35:55,3663.2177734375,26.75463012695313,3.677,-1.0999999999999943,4.012,-93.0,-6.300300121307373,987.7547607421875,12.0447
2024-11-20 10:35:54,3660.166015625,26.723540039062502,3.677,-1.0999999999999943,4.012,-93.0,-6.851128101348877,987.81201171875,10.7901
2024-11-20 09:35:54,3660.166015625,26.714182739257815,3.677,-1.1499999999999986,4.012,-93.0,-6.889506816864014,988.7477416992188,14.590800000000002
2024-11-20 08:35:54,3663.2177734375,26.747080688476565,3.678,-1.1499999999999986,4.012,-93.0,-7.125622749328613,988.5097045898438,10.310400000000001
2024-11-20 07:35:54,3660.166015625,26.711789550781255,3.678,-1.1499999999999986,4.012,-93.0,-7.128613471984863,988.987060546875,13.2542
2024-11-20 06:35:54,3660.166015625,26.707285766601565,3.678,-1.0999999999999943,4.012,-93.0,-7.027807712554932,989.4374389648438,9.412500000000001
2024-11-20 05:35:54,3660.166015625,26.711593627929688,3.678,-1.1499999999999986,4.012,-93.0,-6.600744724273682,989.0066528320312,10.6056
2024-11-20 04:35:54,3660.166015625,26.71013305664063,3.678,-1.1499999999999986,4.008,-93.0,-6.774911880493164,989.1527099609375,10.064400000000001
2024-11-20 03:35:54,3660.166015625,26.714697875976565,3.678,-1.0999999999999943,4.012,-94.0,-6.589401721954346,988.6962280273438,10.622
2024-11-20 02:35:54,3660.166015625,26.712937622070314,3.679,-1.0999999999999943,4.012,-93.0,-6.916813850402832,988.8722534179688,9.4658
2024-11-20 01:35:54,3657.1142578125,26.68155456542969,3.679,-1.1499999999999986,4.012,-93.0,-7.249524116516113,988.9588012695312,9.4699
2024-11-20 00:35:54,3660.166015625,26.70757873535156,3.679,-1.1999999999999957,4.012,-94.0,-7.459489822387695,989.4081420898438,11.155000000000001
2024-11-19 23:35:55,3660.166015625,26.70641357421875,3.679,-1.1499999999999986,4.012,-94.0,-7.647785663604736,989.524658203125,12.5449
2024-11-19 22:35:55,3660.166015625,26.704263305664064,3.68,-1.1499999999999986,4.012,-94.0,-7.372133731842041,989.7396850585938,9.5396
2024-11-19 21:35:55,3660.166015625,26.70298522949219,3.681,-1.1499999999999986,4.008,-95.0,-7.722097396850586,989.8674926757812,12.331700000000001
2024-11-19 20:35:55,3660.166015625,26.708482666015627,3.681,-1.1499999999999986,4.012,-94.0,-6.930942535400391,989.3177490234375,13.889700000000001
2024-11-19 19:35:55,3660.166015625,26.71625244140625,3.68,-1.1499999999999986,4.012,-94.0,-5.765844821929932,988.540771484375,14.6605
2024-11-19 18:35:55,3657.1142578125,26.688825683593752,3.681,-1.1499999999999986,4.012,-95.0,-5.560021877288818,988.231689453125,13.5371
2024-11-19 17:35:55,3660.166015625,26.722823486328124,3.681,-1.1499999999999986,4.012,-88.0,-4.350634574890137,987.8836669921875,11.823300000000001
2024-11-19 16:35:55,3660.166015625,26.73281188964844,3.681,-1.1499999999999986,4.012,-88.0,-3.4806835651397705,986.8848266601562,13.0287
2024-11-19 15:25:55,3660.166015625,26.730549926757817,3.682,-1.0999999999999943,4.012,-95.0,-3.4131641387939453,987.1110229492188,14.9557
2024-11-19 14:25:55,3654.0625,26.67057739257813,3.682,-1.0999999999999943,4.012,-95.0,-4.287665843963623,987.0047607421875,11.0525
2024-11-19 13:25:55,3654.0625,26.669383544921878,3.682,-1.1499999999999986,4.012,-95.0,-5.389523983001709,987.1241455078125,10.1095
2024-11-19 12:25:55,3654.0625,26.669924316406252,3.682,-1.0999999999999943,4.012,-96.0,-5.741320610046387,987.070068359375,11.3969
2024-11-19 11:25:55,3654.0625,26.670482177734378,3.683,-1.0999999999999943,4.012,-95.0,-6.055690765380859,987.0142822265625,9.4863
2024-11-19 10:25:55,3657.1142578125,26.70053955078125,3.683,-1.0999999999999943,4.012,-95.0,-6.145493030548096,987.060302734375,14.070100000000002
2024-11-19 09:25:55,3657.1142578125,26.70744323730469,3.682,-1.0999999999999943,4.012,-95.0,-5.901562690734863,986.3699340820312,14.406300000000002
2024-11-19 08:25:55,3651.0107421875,26.649410400390625,3.683,-1.0999999999999943,4.012,-95.0,-6.388129711151123,986.0697021484375,9.556000000000001
2024-11-19 07:25:55,3651.0107421875,26.649420776367194,3.683,-1.1499999999999986,4.012,-95.0,-6.776066780090332,986.0686645507812,14.5867
2024-11-19 06:25:55,3651.0107421875,26.654147949218753,3.684,-1.1499999999999986,4.012,-96.0,-6.516311168670654,985.595947265625,14.8368
2024-11-19 05:25:55,3651.0107421875,26.660871582031255,3.684,-1.1499999999999986,4.012,-96.0,-6.0779709815979,984.923583984375,12.467
2024-11-19 04:25:56,3651.0107421875,26.66543151855469,3.685,-1.1499999999999986,4.012,-96.0,-5.642895698547363,984.4675903320312,13.7872
2024-11-19 03:25:56,3651.0107421875,26.671981811523438,3.684,-1.0999999999999943,4.012,-96.0,-5.180644512176514,983.8125610351562,9.953700000000001
2024-11-19 02:25:56,3651.0107421875,26.673403320312502,3.685,-1.0999999999999943,4.012,-96.0,-5.524223804473877,983.67041015625,9.6216
2024-11-19 01:25:55,3647.958984375,26.641647949218754,3.685,-1.0999999999999943,4.012,-96.0,-5.9865403175354,983.794189453125,14.8327
2024-11-19 00:25:55,3651.0107421875,26.673812255859378,3.685,-1.1499999999999986,4.012,-96.0,-6.097602367401123,983.6295166015625,13.0205
2024-11-18 23:25:55,3651.0107421875,26.676668090820314,3.685,-1.1499999999999986,4.012,-96.0,-5.684941291809082,983.3439331054688,12.1841
2024-11-18 22:25:55,3647.958984375,26.65475769042969,3.685,-1.0999999999999943,4.012,-96.0,-5.312290191650391,982.4832153320312,13.0164
2024-11-18 21:25:55,3644.9072265625,26.62375915527344,3.685,-1.0999999999999943,4.012,-96.0,-5.498818397521973,982.5313110351562,12.052900000000001
2024-11-18 20:25:55,3644.9072265625,26.62814819335938,3.685,-1.1499999999999986,4.012,-97.0,-5.612531661987305,982.0924072265625,14.849100000000002
2024-11-18 19:25:55,3644.9072265625,26.63227172851563,3.686,-1.1499999999999986,4.015,-96.0,-4.873544692993164,981.6800537109375,10.007000000000001
2024-11-18 18:25:55,3647.958984375,26.667837524414068,3.686,-1.1499999999999986,4.012,-96.0,-4.8208327293396,981.1752319335938,10.2202
2024-11-18 17:25:55,3641.85546875,26.612432250976564,3.686,-1.0999999999999943,4.012,-97.0,-4.005900859832764,980.6122436523438,14.689200000000001
2024-11-18 16:25:55,3644.9072265625,26.64216674804688,3.686,-1.0999999999999943,4.012,-97.0,-3.944087028503418,980.6905517578125,12.462900000000001
2024-11-18 15:25:55,3644.9072265625,26.642407226562504,3.687,-1.0999999999999943,4.012,-96.0,-4.350839614868164,980.66650390625,12.356300000000001
2024-11-18 14:25:55,3644.9072265625,26.641067504882816,3.686,-1.1499999999999986,4.012,-96.0,-4.838493824005127,980.8004760742188,14.681000000000001
2024-11-18 13:25:55,3641.85546875,26.608049926757815,3.687,-1.1499999999999986,4.012,-97.0,-5.904484748840332,981.0504760742188,15.0295
2024-11-18 12:25:55,3647.958984375,26.66287353515625,3.687,-1.0999999999999943,4.012,-97.0,-6.417407035827637,981.671630859375,11.8848
2024-11-18 11:25:55,3638.8037109375,26.5766845703125,3.687,-1.0999999999999943,4.012,-95.0,-6.164987564086914,981.13525390625,11.175500000000001
2024-11-18 10:25:55,3647.958984375,26.666556396484378,3.688,-1.1499999999999986,4.008,-98.0,-6.422910213470459,981.3033447265625,9.4289
2024-11-18 09:25:55,3644.9072265625,26.63817993164063,3.689,-1.0999999999999943,4.012,-97.0,-6.742170333862305,981.0892333984375,9.5683
2024-11-18 08:25:56,3638.8037109375,26.57037841796875,3.688,-1.1499999999999986,4.012,-96.0,-7.1625075340271,981.765869140625,14.7261
2024-11-18 07:25:56,3641.85546875,26.60165222167969,3.688,-1.1499999999999986,4.012,-96.0,-7.363032341003418,981.6902465820312,9.9291
2024-11-18 06:25:56,3641.85546875,26.599957885742185,3.689,-1.1499999999999986,4.012,-96.0,-7.8289475440979,981.8596801757812,9.437100000000001
2024-11-18 05:25:56,3638.8037109375,26.57320495605469,3.688,-1.0999999999999943,4.012,-96.0,-8.4229097366333,981.4832153320312,13.824100000000001
2024-11-18 04:25:56,3638.8037109375,26.571312255859375,3.689,-1.1499999999999986,4.008,-96.0,-9.066049575805664,981.6724853515625,11.1591
2024-11-18 03:25:56,3638.8037109375,26.552250976562505,3.689,-1.1499999999999986,4.008,-96.0,-10.715473175048828,983.57861328125,12.139000000000001
2024-11-18 02:25:56,3638.8037109375,26.537001953125,3.69,-1.0999999999999943,4.012,-96.0,-13.615788459777832,985.103515625,12.913900000000002
2024-11-18 01:25:56,3638.8037109375,26.529736938476564,3.69,-1.0999999999999943,4.008,-96.0,-14.210495948791504,985.8300170898438,13.697000000000001
2024-11-18 00:25:56,3641.85546875,26.560999145507814,3.69,-1.0999999999999943,4.012,-96.0,-14.06085205078125,985.7555541992188,11.2657
2024-11-17 23:25:55,3638.8037109375,26.529130859375,3.69,-1.1499999999999986,4.012,-96.0,-14.09006118774414,985.890625,14.7261
2024-11-17 22:25:55,3635.751953125,26.485422363281252,3.69,-1.0999999999999943,4.012,-96.0,-15.46804428100586,987.209716796875,12.147200000000002
2024-11-17 21:25:56,3635.751953125,26.482595825195318,3.69,-1.1499999999999986,4.008,-96.0,-15.989187240600586,987.4923706054688,12.319400000000002
2024-11-17 20:25:56,3641.85546875,26.542274169921875,3.69,-1.1499999999999986,4.012,-96.0,-15.263989448547363,987.6280517578125,10.925400000000002
2024-11-17 19:25:56,3638.8037109375,26.513142089843754,3.691,-1.0999999999999943,4.012,-96.0,-15.525578498840332,987.489501953125,9.953700000000001
2024-11-17 18:25:56,3638.8037109375,26.514697875976566,3.69,-1.0999999999999943,4.012,-96.0,-15.302436828613281,987.3339233398438,10.699900000000001
2024-11-17 17:25:56,3638.8037109375,26.52384094238282,3.691,-1.1499999999999986,4.012,-96.0,-13.948838233947754,986.4196166992188,11.6142
2024-11-17 16:25:56,3638.8037109375,26.531640014648442,3.69,-1.1499999999999986,4.012,-96.0,-12.64428424835205,985.6397094726562,10.6712
2024-11-17 15:25:56,3635.751953125,26.50242431640625,3.692,-1.0999999999999943,4.012,-96.0,-12.495522499084473,985.509521484375,10.171000000000001
2024-11-17 14:25:56,3638.8037109375,26.519544677734377,3.691,-1.0999999999999943,4.012,-89.0,-14.161250114440918,986.8492431640625,12.2825
2024-11-17 13:15:56,3632.7001953125,26.462535400390628,3.691,-1.1499999999999986,4.012,-97.0,-13.739960670471191,986.4466552734375,11.0812
2024-11-17 12:15:56,3632.7001953125,26.464041137695315,3.691,-1.1499999999999986,4.012,-96.0,-13.455275535583496,986.2960815429688,12.1431
2024-11-17 11:15:56,3635.751953125,26.49646850585938,3.692,-1.1499999999999986,4.015,-96.0,-13.301216125488281,986.1051025390625,10.896700000000001
2024-11-17 10:15:56,3635.751953125,26.50150207519531,3.693,-1.0999999999999943,4.012,-96.0,-12.560190200805664,985.6017456054688,14.2177
2024-11-17 09:15:56,3632.7001953125,26.48285827636719,3.693,-1.1499999999999986,4.012,-97.0,-11.208970069885254,984.4143676757812,14.730200000000002
2024-11-17 08:15:56,3632.7001953125,26.480727539062503,3.693,-1.1499999999999986,4.012,-96.0,-11.603017807006836,984.62744140625,9.5847
2024-11-17 07:15:56,3632.7001953125,26.483533935546877,3.693,-1.0999999999999943,4.012,-96.0,-11.57666301727295,984.3468017578125,13.381300000000001
2024-11-17 06:15:56,3629.6484375,26.459380493164062,3.693,-1.0999999999999943,4.012,-96.0,-11.37994384765625,983.7103881835938,12.9344
2024-11-17 05:15:56,3632.7001953125,26.497749633789063,3.693,-1.0999999999999943,4.012,-96.0,-10.554553031921387,982.9252319335938,13.6806
2024-11-17 04:15:57,3632.7001953125,26.500511474609375,3.696,-1.1499999999999986,4.012,-96.0,-10.688506126403809,982.6490478515625,14.750700000000002
2024-11-17 03:15:57,3632.7001953125,26.50021301269532,3.696,-1.0999999999999943,4.008,-96.0,-10.72036361694336,982.6788940429688,13.4305
2024-11-17 02:15:57,3632.7001953125,26.50463134765625,3.696,-1.1499999999999986,4.015,-96.0,-10.727089881896973,982.237060546875,10.2981
2024-11-17 01:15:57,3629.6484375,26.47902709960938,3.696,-1.0999999999999943,4.012,-96.0,-10.315717697143555,981.7457275390625,14.8122
2024-11-17 00:15:57,3629.6484375,26.483425292968754,3.696,-1.0999999999999943,4.012,-96.0,-9.967248916625977,981.305908203125,13.5043
2024-11-16 23:15:56,3629.6484375,26.488101806640625,3.696,-1.0999999999999943,4.012,-96.0,-8.97815227508545,980.8382568359375,9.523200000000001
2024-11-16 22:15:56,3623.544921875,26.43975524902344,3.696,-1.1499999999999986,4.012,-96.0,-7.909035682678223,979.5693969726562,14.750700000000002
2024-11-16 21:15:56,3623.544921875,26.446465454101563,3.696,-1.0999999999999943,4.012,-96.0,-7.210192680358887,978.8983764648438,11.5896
2024-11-16 20:15:56,3623.544921875,26.4518408203125,3.696,-1.0999999999999943,4.012,-96.0,-6.840122222900391,978.36083984375,10.9746
2024-11-16 19:15:56,3623.544921875,26.45833923339844,3.696,-1.1499999999999986,4.012,-96.0,-6.894125938415527,977.7109985351562,10.687600000000002
2024-11-16 18:15:56,3620.4931640625,26.42724548339844,3.696,-1.0999999999999943,4.008,-96.0,-7.325942516326904,977.7686157226562,11.499400000000001
2024-11-16 17:15:56,3623.544921875,26.469016113281253,3.696,-1.1499999999999986,4.012,-96.0,-6.096381664276123,976.643310546875,9.543700000000001
2024-11-16 16:15:56,3617.44140625,26.412996215820314,3.696,-1.0999999999999943,4.012,-96.0,-5.441623687744141,976.1417846679688,13.217300000000002
2024-11-16 15:15:56,3620.4931640625,26.449629516601565,3.696,-1.1499999999999986,4.012,-89.0,-4.884209156036377,975.5302124023438,14.471900000000002
2024-11-16 14:15:56,3620.4931640625,26.453283691406252,3.697,-1.1499999999999986,4.012,-89.0,-5.165974140167236,975.164794921875,14.2382
2024-11-16 13:15:56,3617.44140625,26.429995117187502,3.696,-1.1499999999999986,4.012,-96.0,-4.296701431274414,974.44189453125,13.7749
2024-11-16 12:15:57,3620.4931640625,26.471159667968752,3.697,-1.0999999999999943,4.015,-96.0,-3.1191039085388184,973.377197265625,12.700700000000001
2024-11-16 11:15:57,3614.3896484375,26.415201416015627,3.697,-1.1999999999999957,4.012,-96.0,-2.819270133972168,972.8695068359375,14.053700000000001
2024-11-16 10:15:57,3614.3896484375,26.422323608398443,3.697,-1.1499999999999986,4.015,-96.0,-3.029982805252075,972.1572875976562,11.8274
2024-11-16 09:15:57,3617.44140625,26.455432739257816,3.697,-1.0999999999999943,4.012,-96.0,-3.4675049781799316,971.8981323242188,12.946700000000002
2024-11-16 08:15:57,3608.2861328125,26.37132934570313,3.697,-1.1499999999999986,4.012,-98.0,-3.645205020904541,971.1531982421875,14.869600000000002
2024-11-16 07:15:57,3614.3896484375,26.4382568359375,3.698,-1.0999999999999943,4.015,-96.0,-3.913994073867798,970.56396484375,14.689200000000001
2024-11-16 06:15:57,3611.337890625,26.417616577148443,3.698,-1.0999999999999943,4.012,-97.0,-3.589912176132202,969.5762329101562,12.5777
2024-11-16 05:15:57,3608.2861328125,26.394199829101566,3.698,-1.1499999999999986,4.012,-98.0,-3.115231990814209,968.8661499023438,14.1521
2024-11-16 04:15:57,3605.234375,26.364501342773437,3.698,-1.1499999999999986,4.012,-97.0,-3.50262451171875,968.7842407226562,9.597000000000001
2024-11-16 03:15:57,3605.234375,26.369735107421874,3.698,-1.0999999999999943,4.012,-97.0,-3.657160758972168,968.2608642578125,13.619100000000001
2024-11-16 02:15:57,3602.1826171875,26.337930908203127,3.698,-1.1499999999999986,4.012,-96.0,-3.4974608421325684,968.3895263671875,14.517000000000001
2024-11-16 01:15:57,3605.234375,26.367547607421876,3.699,-1.0999999999999943,4.008,-96.0,-3.6960816383361816,968.4796142578125,9.5478
2024-11-16 00:15:57,3608.2861328125,26.395489501953126,3.698,-1.1499999999999986,4.012,-97.0,-4.549936294555664,968.7371826171875,13.7544
2024-11-15 23:15:57,3605.234375,26.362788085937503,3.698,-1.1499999999999986,4.012,-96.0,-4.570788383483887,968.95556640625,14.320200000000002
2024-11-15 22:15:57,3605.234375,26.36159851074219,3.699,-1.0999999999999943,4.015,-96.0,-4.940043926239014,969.0745239257812,12.831900000000001
2024-11-15 21:15:57,3605.234375,26.35638427734375,3.7,-1.1499999999999986,4.008,-96.0,-5.5708909034729,969.595947265625,11.893
2024-11-15 20:15:57,3605.234375,26.350417480468753,3.7,-1.0999999999999943,4.012,-96.0,-5.552346229553223,970.192626953125,9.617500000000001
2024-11-15 19:15:57,3605.234375,26.348999023437504,3.7,-1.0999999999999943,4.012,-96.0,-5.665988922119141,970.33447265625,11.901200000000001
2024-11-15 18:15:57,3605.234375,26.34578063964844,3.7,-1.0999999999999943,4.012,-96.0,-6.242426872253418,970.6563110351562,12.2825
2024-11-15 17:15:57,3605.234375,26.344970092773437,3.701,-1.0999999999999943,4.015,-96.0,-5.824397087097168,970.7373657226562,9.879900000000001
2024-11-15 16:15:57,3605.234375,26.344965820312503,3.701,-1.0999999999999943,4.012,-96.0,-5.216648101806641,970.73779296875,12.9631
2024-11-15 15:15:57,3602.1826171875,26.314783325195314,3.701,-1.0999999999999943,4.012,-96.0,-3.9666380882263184,970.7042846679688,14.061900000000001
2024-11-15 14:15:57,3602.1826171875,26.306477050781254,3.701,-1.0999999999999943,4.012,-96.0,-5.148447036743164,971.534912109375,15.025400000000001
2024-11-15 13:15:57,3605.234375,26.334400024414066,3.701,-1.1499999999999986,4.012,-89.0,-5.942253589630127,971.7943725585938,12.3358
2024-11-15 12:15:57,3599.130859375,26.268677368164063,3.701,-1.1499999999999986,4.008,-90.0,-6.012897968292236,972.2631225585938,12.278400000000001
2024-11-15 11:05:58,3602.1826171875,26.304082641601564,3.701,-1.0999999999999943,4.012,-96.0,-4.640346527099609,971.7743530273438,10.9541
2024-11-15 10:05:58,3599.130859375,26.275601806640626,3.701,-1.1499999999999986,4.012,-96.0,-4.629887580871582,971.5706787109375,12.1021
2024-11-15 09:05:58,3602.1826171875,26.300599365234376,3.701,-1.1499999999999986,4.012,-95.0,-4.963820934295654,972.1226806640625,11.9176
2024-11-15 08:05:58,3602.1826171875,26.285378417968754,3.701,-1.0999999999999943,4.012,-95.0,-4.537368297576904,973.644775390625,14.689200000000001
2024-11-15 07:05:58,3605.234375,26.301489868164065,3.701,-1.0999999999999943,4.015,-95.0,-4.72817850112915,975.0853881835938,13.360800000000001
2024-11-15 06:05:58,3602.1826171875,26.2654150390625,3.702,-1.0999999999999943,4.012,-95.0,-4.330869197845459,975.64111328125,9.9291
2024-11-15 05:05:58,3605.234375,26.293270263671875,3.702,-1.0999999999999943,4.008,-95.0,-4.984809398651123,975.9073486328125,11.130400000000002
2024-11-15 04:05:58,3602.1826171875,26.261914672851567,3.703,-1.1499999999999986,4.012,-95.0,-5.321799278259277,975.9911499023438,11.023800000000001
2024-11-15 03:05:58,3599.130859375,26.228909301757817,3.702,-1.0999999999999943,4.012,-95.0,-5.208291053771973,976.2399291992188,10.093100000000002
2024-11-15 02:05:58,3605.234375,26.29088073730469,3.703,-1.0999999999999943,4.008,-95.0,-4.122057914733887,976.1463012695312,13.4428
2024-11-15 01:05:57,3602.1826171875,26.261832275390628,3.702,-1.1499999999999986,4.008,-94.0,-2.748286247253418,975.9993896484375,10.1464
2024-11-15 00:05:58,3602.1826171875,26.26371765136719,3.703,-1.1499999999999986,4.012,-94.0,-2.31646728515625,975.8108520507812,9.5355
2024-11-14 23:05:57,3599.130859375,26.23210693359375,3.703,-1.0999999999999943,4.008,-94.0,-2.236992120742798,975.920166015625,14.951600000000001
2024-11-14 22:05:57,3596.0791015625,26.207026367187503,3.703,-1.0999999999999943,4.012,-94.0,-2.0912206172943115,975.37646484375,14.041400000000001
2024-11-14 21:05:58,3602.1826171875,26.274509887695316,3.703,-1.0999999999999943,4.008,-94.0,-2.0230884552001953,974.7316284179688,10.2858
2024-11-14 20:05:57,3596.0791015625,26.21869567871094,3.704,-1.1499999999999986,4.012,-94.0,-2.043398380279541,974.2095336914062,10.6753
2024-11-14 19:05:57,3596.0791015625,26.222399902343753,3.703,-1.0999999999999943,4.008,-94.0,-2.044077157974243,973.839111328125,14.139800000000001
2024-11-14 18:05:57,3596.0791015625,26.230137329101563,3.705,-1.0999999999999943,4.012,-93.0,-2.178574323654175,973.0653686523438,14.271
2024-11-14 17:05:57,3593.02734375,26.208923339843754,3.705,-1.1499999999999986,4.008,-93.0,-2.2350902557373047,972.135009765625,14.9967
2024-11-14 16:05:57,3589.9755859375,26.18504272460938,3.705,-1.1499999999999986,4.008,-93.0,-2.244941473007202,971.4713134765625,11.2985
2024-11-14 15:05:57,3593.02734375,26.221292114257814,3.705,-1.0999999999999943,4.008,-93.0,-2.8862476348876953,970.8981323242188,15.009
2024-11-14 14:05:57,3589.9755859375,26.19571044921875,3.705,-1.0999999999999943,4.008,-93.0,-3.749269962310791,970.404541015625,12.9631
2024-11-14 13:05:57,3589.9755859375,26.202277832031253,3.705,-1.0999999999999943,4.008,-93.0,-4.089521408081055,969.747802734375,13.4387
2024-11-14 12:05:57,3586.923828125,26.17512878417969,3.706,-1.1999999999999957,4.008,-93.0,-4.043940544128418,969.4109497070312,13.3977
2024-11-14 11:05:58,3586.923828125,26.183057250976564,3.706,-1.0999999999999943,4.008,-93.0,-4.032937049865723,968.6181030273438,10.2735
2024-11-14 10:05:58,3583.8720703125,26.157842407226568,3.706,-1.1499999999999986,4.008,-93.0,-4.103310585021973,968.0878295898438,11.749500000000001
2024-11-14 09:05:58,3580.8203125,26.132212524414065,3.706,-1.1499999999999986,4.005,-93.0,-4.288957595825195,967.5990600585938,13.5248
2024-11-14 08:05:58,3583.8720703125,26.164304199218755,3.706,-1.0999999999999943,4.008,-93.0,-4.510876655578613,967.441650390625,12.221
2024-11-14 07:05:58,3580.8203125,26.137067871093752,3.706,-1.0999999999999943,4.008,-92.0,-5.161355018615723,967.113525390625,10.3842
2024-11-14 06:05:58,3577.7685546875,26.111401367187504,3.707,-1.0999999999999943,4.008,-93.0,-5.3778395652771,966.62841796875,14.2382
2024-11-14 05:05:58,3580.8203125,26.150717773437503,3.706,-1.1499999999999986,4.008,-93.0,-4.778173923492432,965.74853515625,11.770000000000001
2024-11-14 04:05:58,3577.7685546875,26.130198974609378,3.707,-1.0499999999999972,4.008,-93.0,-5.045605659484863,964.7486572265625,11.8192
2024-11-14 03:05:58,3574.716796875,26.105953979492188,3.706,-1.1499999999999986,4.008,-93.0,-5.012863636016846,964.1213989257812,12.266100000000002
2024-11-14 02:05:58,3574.716796875,26.11233520507813,3.707,-1.0999999999999943,4.008,-92.0,-4.6156907081604,963.4832763671875,12.626900000000001
2024-11-14 01:05:58,3574.716796875,26.11586791992188,3.706,-1.0999999999999943,4.008,-92.0,-4.905129432678223,963.1300048828125,11.6921
2024-11-14 00:05:58,3574.716796875,26.12236083984375,3.707,-1.1499999999999986,4.008,-92.0,-5.316296577453613,962.480712890625,13.467400000000001
2024-11-13 23:05:58,3568.61328125,26.066175537109373,3.707,-1.0999999999999943,4.008,-92.0,-4.847187519073486,961.9957275390625,12.9631
2024-11-13 22:05:58,3574.716796875,26.1399462890625,3.707,-1.0999999999999943,4.005,-92.0,-3.1786084175109863,960.72216796875,14.853200000000001
2024-11-13 21:05:58,3571.6650390625,26.119516601562502,3.707,-1.0999999999999943,4.005,-92.0,-2.7588818073272705,959.71337890625,12.4014
2024-11-13 20:05:58,3568.61328125,26.099226684570315,3.708,-1.0999999999999943,4.008,-92.0,-2.6824634075164795,958.6906127929688,13.897900000000002
2024-11-13 19:05:58,3568.61328125,26.10927490234375,3.708,-1.0499999999999972,4.008,-92.0,-2.501774787902832,957.685791015625,14.701500000000001
2024-11-13 18:05:58,3565.5615234375,26.091932373046877,3.708,-1.1499999999999986,4.005,-91.0,-2.201533317565918,956.3682861328125,13.824100000000001
2024-11-13 17:05:58,3565.5615234375,26.11629150390625,3.708,-1.0999999999999943,4.005,-92.0,-1.5371313095092773,953.932373046875,14.9844
2024-11-13 16:05:58,3556.40625,26.04586181640625,3.707,-1.1499999999999986,4.005,-92.0,-0.34812378883361816,951.820068359375,9.793800000000001
2024-11-13 15:05:58,3556.40625,26.074036865234376,3.708,-1.0999999999999943,4.005,-91.0,0.5142883062362671,949.0025634765625,10.277600000000001
2024-11-13 14:05:58,3553.3544921875,26.063830566406253,3.709,-1.1499999999999986,4.005,-91.0,1.2448523044586182,946.971435546875,14.742500000000001
2024-11-13 13:05:58,3553.3544921875,26.075319824218752,3.707,-1.1499999999999986,4.002,-91.0,0.9425732493400574,945.822509765625,13.282900000000001
2024-11-13 12:05:58,3547.2509765625,26.013425292968755,3.709,-1.0999999999999943,4.008,-91.0,1.475671410560608,945.908447265625,13.0738
2024-11-13 11:05:58,3547.2509765625,26.008502197265628,3.709,-1.0999999999999943,4.005,-91.0,0.8161596655845642,946.4007568359375,12.319400000000002
2024-11-13 09:55:58,3553.3544921875,26.053037109375,3.709,-1.1499999999999986,4.008,-91.0,0.8858532905578613,948.05078125,12.4014
2024-11-13 08:55:58,3553.3544921875,26.034602661132816,3.709,-1.0999999999999943,4.008,-91.0,1.3908288478851318,949.8942260742188,14.23
2024-11-13 07:55:58,3556.40625,26.05084045410156,3.709,-1.1499999999999986,4.005,-90.0,0.7279894948005676,951.3222045898438,12.180000000000001
2024-11-13 06:55:59,3556.40625,26.037274169921876,3.709,-1.0999999999999943,4.005,-92.0,0.6348608136177063,952.6788330078125,11.4502
2024-11-13 05:55:59,3556.40625,26.02343444824219,3.709,-1.1499999999999986,4.005,-91.0,0.8037964105606079,954.0628051757812,10.048
2024-11-13 04:55:59,3556.40625,26.013674926757815,3.712,-1.1499999999999986,4.005,-91.0,0.3034399449825287,955.0387573242188,9.7036
2024-11-13 03:55:59,3556.40625,26.003149414062502,3.712,-1.0999999999999943,4.005,-92.0,-0.3119177222251892,956.09130859375,13.975800000000001
2024-11-13 02:55:59,3553.3544921875,25.956130981445312,3.712,-1.1499999999999986,4.002,-90.0,-0.6018335223197937,957.7413940429688,12.495700000000001
2024-11-13 01:55:59,3559.4580078125,26.014251708984375,3.709,-1.1499999999999986,4.005,-91.0,-0.6658886671066284,958.0328369140625,12.774500000000002
2024-11-13 00:55:59,3556.40625,25.9714208984375,3.712,-1.1499999999999986,4.005,-90.0,-0.4631933569908142,959.26416015625,11.261600000000001
2024-11-12 23:55:59,3556.40625,25.964741210937504,3.712,-1.0999999999999943,4.005,-91.0,-0.6997851729393005,959.93212890625,12.020100000000001
2024-11-12 22:55:59,3556.40625,25.96095703125,3.712,-1.1499999999999986,4.005,-90.0,-1.325808048248291,960.310546875,9.728200000000001
2024-11-12 21:55:59,3553.3544921875,25.93096618652344,3.712,-1.1499999999999986,4.005,-91.0,-1.4826538562774658,960.2578735351562,11.187800000000001
2024-11-12 20:55:59,3556.40625,25.959206542968754,3.712,-1.1499999999999986,4.005,-91.0,-1.418054223060608,960.485595703125,11.5568
2024-11-12 19:55:59,3553.3544921875,25.92834655761719,3.712,-1.0999999999999943,4.005,-91.0,-1.9545483589172363,960.5198364257812,14.344800000000001
2024-11-12 18:55:59,3556.40625,25.957592773437504,3.712,-1.0999999999999943,4.002,-90.0,-2.0029125213623047,960.64697265625,12.040600000000001
2024-11-12 17:55:59,3553.3544921875,25.92451354980469,3.712,-1.0999999999999943,4.002,-89.0,-3.272348642349243,960.9031372070312,10.8598
2024-11-12 16:55:59,3550.302734375,25.893888549804693,3.712,-1.0999999999999943,4.002,-90.0,-3.420771598815918,960.9138793945312,13.1681
2024-11-12 15:55:59,3550.302734375,25.901654663085942,3.712,-1.0999999999999943,4.005,-90.0,-1.479394555091858,960.1372680664062,14.287400000000002
2024-11-12 14:55:59,3550.302734375,25.907079467773436,3.712,-1.0999999999999943,4.002,-90.0,-1.2245287895202637,959.5947875976562,13.844600000000002
2024-11-12 13:55:59,3544.19921875,25.855385131835938,3.712,-1.1499999999999986,4.002,-90.0,-1.7230517864227295,958.6607055664062,14.9106
2024-11-12 12:55:59,3547.2509765625,25.894711914062505,3.712,-1.0999999999999943,4.002,-89.0,-2.267832040786743,957.77978515625,14.6072
2024-11-12 11:55:59,3541.1474609375,25.844875488281254,3.712,-1.0999999999999943,4.002,-90.0,-2.581657648086548,956.659912109375,11.073
2024-11-12 10:55:59,3544.19921875,25.892956542968754,3.712,-1.0999999999999943,4.002,-90.0,-2.5110132694244385,954.903564453125,10.6712
2024-11-12 09:55:59,3535.0439453125,25.819409179687504,3.712,-1.0999999999999943,4.002,-90.0,-2.5610766410827637,953.10302734375,11.6675
2024-11-12 08:55:59,3538.095703125,25.866086425781248,3.712,-1.0999999999999943,4.002,-90.0,-2.501027822494507,951.487060546875,14.5334
2024-11-12 07:55:59,3531.9921875,25.822008056640627,3.712,-1.1499999999999986,4.002,-90.0,-2.6618824005126953,949.7913818359375,9.72
2024-11-12 06:55:59,3528.9404296875,25.810931396484378,3.712,-1.0999999999999943,4.002,-89.0,-2.9854907989501953,947.8472900390625,15.0172
2024-11-12 05:55:59,3528.9404296875,25.828538818359377,3.712,-1.0499999999999972,4.002,-89.0,-3.2298266887664795,946.0865478515625,11.0279
2024-11-12 04:55:59,3525.888671875,25.814786987304686,3.712,-1.0999999999999943,4.002,-89.0,-3.3356566429138184,944.4099731445312,11.8725
2024-11-12 03:55:59,3525.888671875,25.831640625000002,3.712,-1.0999999999999943,4.002,-89.0,-3.81781005859375,942.724609375,15.0623
2024-11-12 02:55:59,3522.8369140625,25.816648559570314,3.712,-1.0999999999999943,4.002,-89.0,-4.201398849487305,941.1720581054688,11.6798
2024-11-12 01:55:59,3516.7333984375,25.765392456054688,3.712,-1.1499999999999986,4.002,-90.0,-4.64788818359375,940.1941528320312,11.7454
2024-11-12 00:55:59,3513.681640625,25.74648620605469,3.712,-1.0999999999999943,4.002,-90.0,-4.714455604553223,939.0330200195312,9.650300000000001
2024-11-11 23:55:59,3513.681640625,25.753770141601564,3.712,-1.0999999999999943,4.002,-89.0,-4.812136173248291,938.3046264648438,14.394000000000002
2024-11-11 22:55:59,3510.6298828125,25.733742065429688,3.712,-1.1999999999999957,4.002,-89.0,-5.161420822143555,937.2556762695312,13.934800000000001
2024-11-11 21:56:00,3510.6298828125,25.747934570312502,3.712,-1.0999999999999943,4.002,-89.0,-5.441691875457764,935.83642578125,11.7782
2024-11-11 20:56:00,3507.578125,25.72680847167969,3.712,-1.1499999999999986,4.002,-90.0,-5.499431133270264,934.8972778320312,14.1193
2024-11-11 19:56:00,3507.578125,25.734451293945316,3.712,-1.0999999999999943,4.002,-90.0,-5.344079494476318,934.1329956054688,12.516200000000001
2024-11-11 18:56:00,3501.474609375,25.684847412109377,3.712,-1.0999999999999943,4.002,-88.0,-5.214880466461182,932.9898681640625,14.7384
2024-11-11 17:56:00,3501.474609375,25.689647827148438,3.712,-1.1499999999999986,4.002,-89.0,-4.231489181518555,932.5098266601562,14.927000000000001
2024-11-11 16:56:00,3501.474609375,25.691701660156248,3.712,-1.0999999999999943,3.999,-89.0,-3.784797430038452,932.304443359375,14.951600000000001
2024-11-11 15:56:00,3501.474609375,25.682283325195314,3.712,-1.1999999999999957,4.002,-89.0,-3.8175365924835205,933.2462768554688,11.8274
2024-11-11 14:56:00,3501.474609375,25.668461914062505,3.712,-1.1499999999999986,4.002,-89.0,-4.195827484130859,934.62841796875,13.3649
2024-11-11 13:56:00,3504.5263671875,25.68498718261719,3.712,-1.1499999999999986,4.002,-89.0,-4.760105133056641,936.0276489257812,10.2161
2024-11-11 12:56:00,3501.474609375,25.64444091796875,3.712,-1.0999999999999943,4.002,-89.0,-4.71194314956665,937.030517578125,14.225900000000001
2024-11-11 11:56:00,3504.5263671875,25.667727661132815,3.712,-1.0999999999999943,4.002,-89.0,-5.0924072265625,937.7536010742188,10.904900000000001
2024-11-11 10:56:00,3504.5263671875,25.664957275390627,3.712,-1.1499999999999986,4.002,-88.0,-4.381066799163818,938.0306396484375,11.7126
2024-11-11 09:56:00,3504.5263671875,25.661298217773442,3.712,-1.1499999999999986,3.999,-89.0,-3.9142675399780273,938.3965454101562,12.569500000000001
2024-11-11 08:56:00,3504.5263671875,25.653516845703127,3.712,-1.0999999999999943,3.999,-89.0,-3.241035223007202,939.1746826171875,12.376800000000001
2024-11-11 07:46:00,3501.474609375,25.627998657226563,3.712,-1.1499999999999986,4.002,-88.0,-2.516245126724243,938.6747436523438,9.9906
2024-11-11 06:46:00,3504.5263671875,25.638493652343755,3.712,-1.1499999999999986,4.002,-88.0,-2.5151562690734863,940.677001953125,14.340700000000002
2024-11-11 05:46:00,3501.474609375,25.592572021484376,3.712,-1.1499999999999986,4.002,-89.0,-1.9231665134429932,942.2174072265625,12.9221
2024-11-11 04:46:00,3504.5263671875,25.607417602539062,3.712,-1.0999999999999943,4.002,-89.0,-1.4082739353179932,943.7846069335938,9.843
2024-11-11 03:46:00,3501.474609375,25.569227905273443,3.712,-1.0999999999999943,3.999,-89.0,-1.9570629596710205,944.5518188476562,13.5166
2024-11-11 02:46:00,3501.474609375,25.554613037109377,3.713,-1.0999999999999943,3.999,-88.0,-3.611513614654541,946.0133056640625,11.9832
2024-11-11 01:46:00,3501.474609375,25.542717895507817,3.712,-1.0999999999999943,3.999,-88.0,-4.694145679473877,947.2028198242188,10.8598
2024-11-11 00:46:00,3501.474609375,25.53009704589844,3.713,-1.0999999999999943,3.999,-88.0,-5.339189529418945,948.4649047851562,14.1972
2024-11-10 23:46:00,3504.5263671875,25.548984985351563,3.713,-1.0999999999999943,4.002,-87.0,-6.386703968048096,949.6278686523438,11.9504
2024-11-10 22:46:00,3501.474609375,25.507700195312502,3.713,-1.0999999999999943,3.999,-88.0,-7.9775071144104,950.70458984375,9.9619
2024-11-10 21:46:01,3501.474609375,25.49891784667969,3.713,-1.1499999999999986,3.999,-87.0,-8.313342094421387,951.5828247070312,13.303400000000002
2024-11-10 20:46:01,3501.474609375,25.497068481445314,3.712,-1.0999999999999943,3.999,-88.0,-8.287053108215332,951.7677612304688,11.286200000000001
2024-11-10 19:46:00,3501.474609375,25.498085327148438,3.713,-1.1499999999999986,3.999,-89.0,-7.591132640838623,951.6660766601562,14.951600000000001
2024-11-10 18:46:00,3498.4228515625,25.471143188476564,3.713,-1.1499999999999986,4.002,-87.0,-6.065268516540527,951.3085327148438,9.9414
2024-11-10 17:46:00,3498.4228515625,25.481633911132814,3.713,-1.0999999999999943,3.999,-87.0,-4.266269683837891,950.2594604492188,11.032
2024-11-10 16:46:00,3495.37109375,25.452268676757814,3.713,-1.1499999999999986,4.002,-88.0,-4.036877632141113,950.1442260742188,10.3596
2024-11-10 15:46:00,3498.4228515625,25.480464477539062,3.714,-1.1499999999999986,3.999,-87.0,-3.963310480117798,950.3764038085938,13.865100000000002
2024-11-10 14:46:00,3492.3193359375,25.411770629882817,3.714,-1.1499999999999986,3.999,-88.0,-4.558359146118164,951.1422729492188,10.1546
2024-11-10 13:46:00,3495.37109375,25.444996337890625,3.714,-1.0999999999999943,3.999,-88.0,-4.362658500671387,950.8714599609375,11.319
2024-11-10 12:46:00,3492.3193359375,25.411607666015627,3.714,-1.1499999999999986,3.999,-88.0,-4.55374002456665,951.1585693359375,9.8963
2024-11-10 11:46:00,3492.3193359375,25.41305847167969,3.714,-1.0999999999999943,3.999,-88.0,-4.874631404876709,951.0134887695312,9.7405
2024-11-10 10:46:00,3492.3193359375,25.418040161132815,3.714,-1.1499999999999986,3.999,-87.0,-4.821713924407959,950.5153198242188,14.918800000000001
2024-11-10 09:46:00,3492.3193359375,25.428488769531256,3.714,-1.1499999999999986,3.999,-88.0,-4.4418625831604,949.470458984375,11.4174
2024-11-10 08:46:00,3483.1640625,25.340779418945317,3.714,-1.1499999999999986,3.995,-88.0,-4.391189098358154,949.0861206054688,14.947500000000002
2024-11-10 07:46:00,3480.1123046875,25.31633483886719,3.714,-1.1499999999999986,4.002,-87.0,-4.594836235046387,948.4788208007812,10.679400000000001
2024-11-10 06:46:00,3483.1640625,25.348777465820316,3.714,-1.0999999999999943,3.995,-87.0,-5.116725921630859,948.2863159179688,9.986500000000001
2024-11-10 05:46:00,3486.2158203125,25.381168212890625,3.714,-1.1499999999999986,3.995,-87.0,-5.898097991943359,948.0989990234375,10.277600000000001
2024-11-10 04:46:00,3483.1640625,25.35082214355469,3.714,-1.1499999999999986,3.999,-88.0,-7.375666618347168,948.0818481445312,12.0693
2024-11-10 03:46:00,3480.1123046875,25.317893066406253,3.714,-1.1499999999999986,3.999,-87.0,-7.678420543670654,948.322998046875,11.109900000000001
2024-11-10 02:46:01,3480.1123046875,25.3221826171875,3.714,-1.1499999999999986,3.999,-87.0,-5.836965560913086,947.89404296875,14.799900000000001
2024-11-10 01:46:01,3474.0087890625,25.263015747070312,3.715,-1.1499999999999986,3.995,-87.0,-5.143964767456055,947.7072143554688,13.4715
2024-11-10 00:46:01,3474.0087890625,25.26367919921875,3.714,-1.1999999999999957,3.995,-87.0,-5.432861328125,947.640869140625,13.3731
2024-11-09 23:46:01,3474.0087890625,25.263674316406252,3.714,-1.1999999999999957,3.999,-87.0,-5.545554161071777,947.641357421875,12.786800000000001
2024-11-09 22:46:01,3474.0087890625,25.27042297363281,3.714,-1.1499999999999986,3.995,-86.0,-5.451135158538818,946.9664916992188,9.9578
2024-11-09 21:46:01,3470.95703125,25.243540649414065,3.714,-1.1499999999999986,3.995,-87.0,-5.41689920425415,946.6029663085938,11.253400000000001
2024-11-09 20:46:01,3467.9052734375,25.216246337890627,3.714,-1.0999999999999943,3.995,-86.0,-5.904553413391113,946.2806396484375,14.512900000000002
2024-11-09 19:46:01,3467.9052734375,25.22129577636719,3.714,-1.1499999999999986,3.999,-87.0,-6.312458515167236,945.7756958007812,11.4543
2024-11-09 18:46:01,3464.853515625,25.196040649414062,3.715,-1.1499999999999986,3.999,-87.0,-6.632534027099609,945.2494506835938,14.148000000000001
2024-11-09 17:46:01,3464.853515625,25.20228454589844,3.714,-1.0999999999999943,3.995,-87.0,-7.884987831115723,944.6250610351562,13.241900000000001
2024-11-09 16:46:01,3464.853515625,25.21308654785156,3.715,-1.0999999999999943,4.002,-87.0,-7.950265884399414,943.5448608398438,12.959000000000001
2024-11-09 15:46:01,3461.8017578125,25.194456787109377,3.715,-1.1499999999999986,3.995,-87.0,-7.544126033782959,942.3560791015625,14.730200000000002
2024-11-09 14:46:01,3455.6982421875,25.146318359375,3.715,-1.0999999999999943,3.995,-87.0,-7.3751220703125,941.06640625,12.0775
2024-11-09 13:46:01,3455.6982421875,25.160579223632816,3.715,-1.1499999999999986,3.999,-87.0,-6.502182483673096,939.6403198242188,15.2222
2024-11-09 12:46:01,3452.646484375,25.14226928710938,3.714,-1.1499999999999986,3.995,-87.0,-5.611918926239014,938.4195556640625,11.0812
2024-11-09 11:46:01,3446.54296875,25.096242065429692,3.715,-1.1499999999999986,3.995,-86.0,-5.677536487579346,936.9187622070312,14.9762
2024-11-09 10:46:01,3446.54296875,25.091958618164064,3.715,-1.1499999999999986,3.995,-87.0,-6.43588399887085,937.3471069335938,9.843
2024-11-09 09:46:01,3446.54296875,25.088535156250003,3.715,-1.1499999999999986,3.999,-86.0,-6.933046817779541,937.689453125,10.039800000000001
2024-11-09 08:46:01,3446.54296875,25.09462341308594,3.715,-1.1499999999999986,3.995,-87.0,-7.579992771148682,937.0806274414062,10.937700000000001
2024-11-09 07:46:01,3449.5947265625,25.11881530761719,3.715,-1.0999999999999943,3.999,-87.0,-7.966569900512695,937.7131958007812,11.466600000000001
2024-11-09 06:46:01,3437.3876953125,24.991340332031253,3.715,-1.1499999999999986,3.999,-87.0,-8.483229637145996,938.253662109375,13.151700000000002
2024-11-09 05:36:01,3440.439453125,25.015559082031253,3.714,-1.1499999999999986,3.995,-87.0,-9.10891342163086,938.883544921875,12.114400000000002
2024-11-09 04:36:01,3446.54296875,25.074972534179693,3.714,-1.1499999999999986,3.995,-86.0,-9.130444526672363,939.0457153320312,12.147200000000002
2024-11-09 03:36:01,3437.3876953125,24.97758728027344,3.714,-1.0999999999999943,3.999,-87.0,-9.192055702209473,939.6289672851562,11.8643
2024-11-09 02:36:01,3437.3876953125,24.96497314453125,3.714,-1.0999999999999943,3.995,-87.0,-8.949077606201172,940.890380859375,10.7368
2024-11-09 01:36:01,3437.3876953125,24.95696472167969,3.714,-1.1499999999999986,3.995,-87.0,-8.922043800354004,941.6912231445312,13.9594
2024-11-09 00:36:01,3437.3876953125,24.95114624023438,3.714,-1.1499999999999986,3.995,-86.0,-9.3173828125,942.2730712890625,10.007000000000001
2024-11-08 23:36:01,3434.3359375,24.905019531250005,3.714,-1.1499999999999986,3.995,-87.0,-10.10989761352539,943.833984375,12.278400000000001
2024-11-08 22:36:01,3434.3359375,24.897272949218753,3.713,-1.1499999999999986,3.999,-87.0,-10.9829740524292,944.608642578125,10.1341
2024-11-08 21:36:01,3434.3359375,24.88790649414063,3.713,-1.1499999999999986,3.995,-87.0,-11.351889610290527,945.5452880859375,14.5662
2024-11-08 20:36:01,3437.3876953125,24.918887329101565,3.713,-1.1499999999999986,3.995,-87.0,-11.34625244140625,945.4989624023438,11.8725
2024-11-08 19:36:02,3431.2841796875,24.858861083984376,3.713,-1.1499999999999986,3.995,-87.0,-11.327910423278809,945.3980712890625,15.652700000000001
2024-11-08 18:36:02,3431.2841796875,24.8647216796875,3.712,-1.1499999999999986,3.995,-87.0,-10.815598487854004,944.81201171875,13.565800000000001
2024-11-08 17:36:02,3428.232421875,24.834688110351564,3.712,-1.0999999999999943,3.995,-87.0,-10.276320457458496,944.7636108398438,12.852400000000001
2024-11-08 16:36:02,3428.232421875,24.840232543945312,3.712,-1.0999999999999943,3.995,-87.0,-9.148174285888672,944.2091674804688,12.6638
2024-11-08 15:36:02,3425.1806640625,24.809795532226566,3.712,-1.1499999999999986,3.995,-86.0,-9.973701477050781,944.2011108398438,16.116000000000003
2024-11-08 14:36:02,3428.232421875,24.834536743164065,3.712,-1.1499999999999986,3.995,-86.0,-11.173442840576172,944.7787475585938,12.688400000000001
2024-11-08 13:36:01,3425.1806640625,24.80146667480469,3.712,-1.1499999999999986,3.995,-87.0,-11.701650619506836,945.0339965820312,11.2657
2024-11-08 12:36:01,3419.0771484375,24.74682434082031,3.712,-1.0999999999999943,3.999,-87.0,-11.005390167236328,944.3947143554688,15.632200000000001
2024-11-08 11:36:01,3419.0771484375,24.755673828125,3.712,-1.1499999999999986,3.995,-86.0,-9.599011421203613,943.509765625,12.405500000000002
2024-11-08 10:36:01,3419.0771484375,24.7525439453125,3.712,-1.1499999999999986,3.995,-86.0,-9.742406845092773,943.82275390625,13.7011
2024-11-08 09:36:01,3419.0771484375,24.749392700195315,3.712,-1.0999999999999943,3.995,-87.0,-10.265180587768555,944.1378784179688,14.676900000000002
2024-11-08 08:36:01,3419.0771484375,24.75009826660156,3.712,-1.1499999999999986,3.995,-87.0,-9.741389274597168,944.0673217773438,10.9623
2024-11-08 07:36:01,3416.025390625,24.721553344726566,3.712,-1.1499999999999986,3.995,-87.0,-8.7080717086792,943.8700561523438,10.646600000000001
2024-11-08 06:36:01,3419.0771484375,24.74474365234375,3.712,-1.1499999999999986,3.995,-87.0,-9.6464262008667,944.602783203125,11.1181
2024-11-08 05:36:01,3409.921875,24.65245849609375,3.712,-1.0999999999999943,3.995,-87.0,-10.107587814331055,944.676025390625,11.671600000000002
2024-11-08 04:36:02,3412.9736328125,24.675955200195318,3.712,-1.1999999999999957,3.995,-87.0,-10.633620262145996,945.3781127929688,10.1628
2024-11-08 03:36:02,3412.9736328125,24.673392333984378,3.709,-1.1499999999999986,3.995,-86.0,-10.257368087768555,945.6343994140625,13.090200000000001
2024-11-08 02:36:02,3416.025390625,24.699427490234378,3.709,-1.1499999999999986,3.995,-86.0,-11.037858963012695,946.0826416015625,14.6851
2024-11-08 01:36:02,3409.921875,24.63393737792969,3.709,-1.0999999999999943,3.999,-87.0,-11.1736478805542,946.5281372070312,10.421100000000001
2024-11-08 00:36:02,3409.921875,24.629290771484378,3.709,-1.0999999999999943,3.995,-87.0,-11.303933143615723,946.9927978515625,11.5937
2024-11-07 23:36:02,3412.9736328125,24.655180664062502,3.709,-1.1499999999999986,3.995,-87.0,-12.714045524597168,947.45556640625,14.205400000000001
2024-11-07 22:36:02,3406.8701171875,24.593313598632815,3.709,-1.1499999999999986,3.995,-87.0,-12.5648775100708,947.5387573242188,12.0447
2024-11-07 21:36:01,3406.8701171875,24.59879577636719,3.709,-1.0999999999999943,3.995,-86.0,-11.140769004821777,946.9905395507812,10.6958
2024-11-07 20:36:02,3403.818359375,24.566489257812503,3.708,-1.0999999999999943,3.995,-86.0,-11.766860008239746,947.16943359375,14.525200000000002
2024-11-07 19:36:02,3403.818359375,24.571416625976564,3.707,-1.1499999999999986,3.995,-86.0,-11.438972473144531,946.6766967773438,11.5568
2024-11-07 18:36:02,3400.7666015625,24.538247070312504,3.707,-1.1499999999999986,3.995,-86.0,-11.872284889221191,946.94189453125,11.278
2024-11-07 17:36:02,3400.7666015625,24.545344848632816,3.706,-1.0999999999999943,3.995,-86.0,-10.745905876159668,946.2321166992188,12.475200000000001
2024-11-07 16:36:02,3403.818359375,24.588994750976564,3.706,-1.1499999999999986,3.995,-87.0,-8.732661247253418,944.9188842773438,12.5859
2024-11-07 15:36:02,3400.7666015625,24.5577392578125,3.706,-1.1499999999999986,3.995,-86.0,-8.239912033081055,944.99267578125,14.894200000000001
2024-11-07 14:36:02,3397.71484375,24.522859497070314,3.707,-1.0999999999999943,3.995,-86.0,-9.270376205444336,945.4288940429688,12.688400000000001
2024-11-07 13:36:02,3391.611328125,24.450195312500004,3.707,-1.0999999999999943,3.995,-87.0,-11.644928932189941,946.591796875,14.102900000000002
2024-11-07 12:36:02,3391.611328125,24.449946289062503,3.707,-1.0999999999999943,3.995,-86.0,-12.2827730178833,946.61669921875,11.491200000000001
2024-11-07 11:36:02,3391.611328125,24.443482666015626,3.707,-1.0999999999999943,3.995,-86.0,-13.799668312072754,947.2630615234375,14.902400000000002
2024-11-07 10:36:02,3391.611328125,24.4386572265625,3.707,-1.0999999999999943,3.992,-86.0,-14.197861671447754,947.74560546875,12.0119
2024-11-07 09:36:03,3388.5595703125,24.412279052734377,3.707,-1.0999999999999943,3.995,-87.0,-13.275403022766113,947.3316650390625,10.1956
2024-11-07 08:36:03,3385.5078125,24.37952575683594,3.707,-1.0999999999999943,3.995,-87.0,-14.199152946472168,947.5552368164062,13.5289
2024-11-07 07:36:02,3391.611328125,24.437143554687502,3.707,-1.0999999999999943,3.995,-86.0,-14.450348854064941,947.89697265625,14.299700000000001
2024-11-07 06:36:02,3382.4560546875,24.34881774902344,3.707,-1.1499999999999986,3.995,-87.0,-14.451911926269531,947.5742797851562,10.5441
2024-11-07 05:36:02,3385.5078125,24.378764648437503,3.707,-1.1499999999999986,3.992,-87.0,-14.379975318908691,947.63134765625,12.9016
2024-11-07 04:36:02,3382.4560546875,24.347378540039063,3.706,-1.1499999999999986,3.992,-87.0,-14.934946060180664,947.7182006835938,12.950800000000001
2024-11-07 03:26:02,3382.4560546875,24.343908691406252,3.706,-1.1499999999999986,3.992,-86.0,-14.897043228149414,948.065185546875,14.988500000000002
2024-11-07 02:26:02,3379.404296875,24.30929382324219,3.707,-1.1499999999999986,3.995,-86.0,-15.236342430114746,948.4749145507812,15.6117
2024-11-07 01:26:03,3379.404296875,24.307414550781253,3.707,-1.0999999999999943,3.995,-87.0,-15.096955299377441,948.662841796875,13.4715
2024-11-07 00:26:03,3379.404296875,24.306040039062502,3.707,-1.0999999999999943,3.995,-86.0,-14.80853271484375,948.80029296875,13.2788
2024-11-06 23:26:03,3382.4560546875,24.338718261718753,3.707,-1.0999999999999943,3.992,-87.0,-13.82262897491455,948.584228515625,14.7589
2024-11-06 22:26:03,3379.404296875,24.3094287109375,3.707,-1.0999999999999943,3.995,-87.0,-13.47375202178955,948.46142578125,11.790500000000002
2024-11-06 21:26:02,3370.2490234375,24.21520812988281,3.707,-1.1499999999999986,3.995,-86.0,-13.536789894104004,948.7282104492188,10.2612
2024-11-06 20:26:02,3373.30078125,24.247817993164062,3.707,-1.1499999999999986,3.992,-87.0,-13.4822416305542,948.5189819335938,12.5449
2024-11-06 19:26:02,3373.30078125,24.253229980468753,3.707,-1.1499999999999986,3.995,-86.0,-11.891509056091309,947.977783203125,12.0324
2024-11-06 18:26:02,3373.30078125,24.261929931640623,3.707,-1.0999999999999943,3.995,-86.0,-10.078242301940918,947.1077880859375,15.783900000000001
2024-11-06 17:26:02,3370.2490234375,24.242278442382812,3.708,-1.1499999999999986,3.992,-86.0,-7.598061561584473,946.0211791992188,16.152900000000002
2024-11-06 16:26:03,3370.2490234375,24.245268554687502,3.707,-1.1499999999999986,3.992,-86.0,-7.249455451965332,945.72216796875,12.417800000000002
2024-11-06 15:26:03,3370.2490234375,24.241604003906254,3.709,-1.0999999999999943,3.995,-86.0,-7.491686820983887,946.088623046875,15.255
2024-11-06 14:26:03,3361.09375,24.14239929199219,3.709,-1.1499999999999986,3.992,-86.0,-8.241337776184082,946.8538208007812,13.229600000000001
2024-11-06 13:26:03,3367.197265625,24.196759643554692,3.709,-1.1999999999999957,3.992,-87.0,-9.278120040893555,947.5213012695312,14.016800000000002
2024-11-06 12:26:03,3361.09375,24.13210632324219,3.709,-1.1499999999999986,3.992,-86.0,-10.066083908081055,947.8831176757812,12.467
2024-11-06 11:26:03,3364.1455078125,24.156801757812502,3.709,-1.1499999999999986,3.995,-87.0,-10.23012924194336,948.46533203125,14.959800000000001
2024-11-06 10:26:03,3361.09375,24.132962646484376,3.709,-1.1499999999999986,3.992,-87.0,-9.58386516571045,947.7974853515625,14.8245
2024-11-06 09:26:03,3358.0419921875,24.106904907226564,3.709,-1.1499999999999986,3.992,-87.0,-8.787070274353027,947.3515014648438,12.9549
2024-11-06 08:26:03,3354.990234375,24.079742431640625,3.709,-1.0999999999999943,3.995,-87.0,-8.285966873168945,947.0159912109375,12.052900000000001
2024-11-06 07:26:03,3354.990234375,24.080591430664064,3.709,-1.1499999999999986,3.992,-86.0,-8.042649269104004,946.9310913085938,12.364500000000001
2024-11-06 06:26:03,3351.9384765625,24.056531372070317,3.712,-1.1499999999999986,3.995,-86.0,-7.080790996551514,946.2853393554688,13.508400000000002
2024-11-06 05:26:03,3351.9384765625,24.05501708984375,3.712,-1.1499999999999986,3.995,-86.0,-6.8250412940979,946.436767578125,9.9086
2024-11-06 04:26:03,3351.9384765625,24.05470458984375,3.712,-1.1499999999999986,3.992,-86.0,-6.957229137420654,946.468017578125,14.918800000000001
2024-11-06 03:26:03,3351.9384765625,24.04920166015625,3.712,-1.1499999999999986,3.995,-87.0,-7.061159610748291,947.018310546875,10.7491
2024-11-06 02:26:04,3345.8349609375,23.989545898437502,3.712,-1.1499999999999986,3.992,-86.0,-7.226630687713623,946.88037109375,9.884
2024-11-06 01:26:03,3345.8349609375,23.984497070312504,3.712,-1.1499999999999986,3.995,-86.0,-7.319897651672363,947.38525390625,15.066400000000002
2024-11-06 00:26:03,3345.8349609375,23.98045593261719,3.712,-1.1499999999999986,3.995,-87.0,-7.391491889953613,947.7893676757812,13.0287
2024-11-05 23:26:03,3342.783203125,23.947163085937504,3.712,-1.1499999999999986,3.995,-86.0,-7.479867935180664,948.06689453125,9.7979
2024-11-05 22:26:03,3342.783203125,23.94313659667969,3.712,-1.0999999999999943,3.995,-86.0,-7.255092620849609,948.4695434570312,10.171000000000001
2024-11-05 21:26:03,3342.783203125,23.937274169921878,3.712,-1.0999999999999943,3.992,-86.0,-7.091252326965332,949.0557861328125,12.3604
2024-11-05 20:26:03,3339.7314453125,23.90349426269531,3.712,-1.1499999999999986,3.995,-86.0,-6.881626129150391,949.3820190429688,9.814300000000001
2024-11-05 19:26:03,3339.7314453125,23.900628662109376,3.712,-1.1499999999999986,3.992,-87.0,-6.718124866485596,949.6685791015625,10.704
2024-11-05 18:26:03,3336.6796875,23.865783081054694,3.712,-1.1499999999999986,3.995,-87.0,-6.466518402099609,950.1013793945312,10.4703
2024-11-05 17:26:03,3336.6796875,23.864905395507815,3.712,-1.0999999999999943,3.995,-86.0,-6.242290019989014,950.1891479492188,13.2542
2024-11-05 16:26:03,3336.6796875,23.860583496093753,3.712,-1.0999999999999943,3.995,-87.0,-6.123960018157959,950.621337890625,10.5564
2024-11-05 15:26:03,3336.6796875,23.860178222656252,3.713,-1.1499999999999986,3.992,-86.0,-5.868686676025391,950.661865234375,10.7942
2024-11-05 14:26:03,3330.576171875,23.79132995605469,3.714,-1.1499999999999986,3.992,-87.0,-6.082590103149414,951.4431762695312,14.927000000000001
2024-11-05 13:26:03,3333.6279296875,23.816784667968754,3.713,-1.1499999999999986,3.995,-87.0,-6.214438438415527,951.949462890625,13.336200000000002
2024-11-05 12:26:03,3330.576171875,23.784414062500005,3.713,-1.1499999999999986,3.992,-86.0,-5.205302715301514,952.134765625,14.7138
2024-11-05 11:26:03,3330.576171875,23.78134704589844,3.714,-1.0999999999999943,3.992,-87.0,-5.366496562957764,952.4414672851562,13.041
2024-11-05 10:26:03,3330.576171875,23.78110290527344,3.714,-1.0999999999999943,3.995,-86.0,-5.369484901428223,952.4658813476562,14.5006
2024-11-05 09:26:03,3327.5244140625,23.74773864746094,3.714,-1.0999999999999943,3.995,-87.0,-5.371996879577637,952.7505493164062,14.025
2024-11-05 08:26:03,3327.5244140625,23.74699340820313,3.714,-1.0999999999999943,3.995,-87.0,-5.465874195098877,952.8250732421875,14.5662
2024-11-05 07:26:04,3324.47265625,23.713582153320317,3.714,-1.1499999999999986,3.992,-87.0,-5.521914005279541,953.1144409179688,12.635100000000001
2024-11-05 06:26:04,3321.4208984375,23.68269470214844,3.714,-1.1499999999999986,3.992,-87.0,-5.789890289306641,953.1514282226562,14.935200000000002
2024-11-05 05:26:04,3324.47265625,23.71070617675781,3.715,-1.0999999999999943,3.995,-86.0,-6.174497127532959,953.4020385742188,14.168500000000002
2024-11-05 04:26:03,3318.369140625,23.64953063964844,3.715,-1.1499999999999986,3.995,-87.0,-6.376447677612305,953.4160766601562,10.626100000000001
2024-11-05 03:26:04,3318.369140625,23.64666931152344,3.715,-1.0999999999999943,3.995,-86.0,-6.111257553100586,953.7022094726562,12.655600000000002
2024-11-05 02:16:04,3318.369140625,23.64253051757813,3.716,-1.1499999999999986,3.992,-87.0,-5.276083946228027,954.1160888671875,13.082
2024-11-05 01:16:04,3315.3173828125,23.611323242187503,3.716,-1.0999999999999943,3.995,-87.0,-5.315686225891113,954.18505859375,14.4227
2024-11-05 00:16:04,3318.369140625,23.642930297851564,3.716,-1.0999999999999943,3.992,-86.0,-4.929177284240723,954.0761108398438,14.853200000000001
2024-11-04 23:16:04,3309.2138671875,23.54861572265625,3.716,-1.1499999999999986,3.992,-87.0,-4.950981616973877,954.352294921875,10.0767
2024-11-04 22:16:04,3315.3173828125,23.609161987304688,3.717,-1.1499999999999986,3.995,-87.0,-5.561992168426514,954.4011840820312,10.3268
2024-11-04 21:16:04,3312.265625,23.57520751953125,3.717,-1.0999999999999943,3.992,-87.0,-5.814887523651123,954.744873046875,12.6392
2024-11-04 20:16:04,3309.2138671875,23.550015258789063,3.717,-1.0999999999999943,3.992,-87.0,-6.804936408996582,954.2123413085938,9.855300000000002
2024-11-04 19:16:04,3303.1103515625,23.49600341796875,3.717,-1.1499999999999986,3.992,-86.0,-5.454870700836182,953.510009765625,11.7003
2024-11-04 18:16:04,3306.162109375,23.541354980468753,3.717,-1.1499999999999986,3.995,-86.0,-3.2592382431030273,952.026611328125,14.668700000000001
2024-11-04 17:16:04,3300.05859375,23.489403076171875,3.717,-1.1499999999999986,3.992,-87.0,-2.740065813064575,951.1182861328125,10.4129
2024-11-04 16:16:04,3300.05859375,23.496900634765623,3.717,-1.0999999999999943,3.995,-87.0,-2.7107884883880615,950.3685302734375,14.9229
2024-11-04 15:16:04,3300.05859375,23.503192749023437,3.718,-1.1499999999999986,3.995,-87.0,-2.8907299041748047,949.7393188476562,11.155000000000001
2024-11-04 14:16:04,3290.9033203125,23.418436279296877,3.717,-1.1499999999999986,3.995,-86.0,-2.9452075958251953,949.0596923828125,11.483
2024-11-04 13:16:04,3293.955078125,23.45310913085938,3.718,-1.1499999999999986,3.995,-87.0,-3.5383543968200684,948.6441650390625,11.401000000000002
2024-11-04 12:16:04,3284.7998046875,23.37101440429688,3.718,-1.1499999999999986,3.992,-87.0,-4.234072208404541,947.6983642578125,10.568700000000002
2024-11-04 11:16:04,3290.9033203125,23.444764404296876,3.718,-1.0999999999999943,3.992,-87.0,-4.776679515838623,946.4268798828125,14.307900000000002
2024-11-04 10:16:05,3281.748046875,23.36921081542969,3.717,-1.0999999999999943,3.992,-86.0,-4.085309982299805,944.8269653320312,12.1759
2024-11-04 09:16:04,3281.748046875,23.379538574218756,3.718,-1.0999999999999943,3.992,-87.0,-4.147326469421387,943.794189453125,10.4129
2024-11-04 08:16:05,3272.5927734375,23.29932800292969,3.718,-1.1999999999999957,3.995,-87.0,-4.453750133514404,942.6599731445312,10.1956
2024-11-04 07:16:04,3275.64453125,23.343558349609378,3.718,-1.0999999999999943,3.992,-87.0,-4.719416618347168,941.2886962890625,11.2657
2024-11-04 06:16:04,3272.5927734375,23.320896606445313,3.719,-1.1499999999999986,3.992,-87.0,-4.933864593505859,940.5031127929688,12.118500000000001
2024-11-04 05:16:04,3272.5927734375,23.330540161132816,3.719,-1.1499999999999986,3.995,-87.0,-5.076987266540527,939.5387573242188,10.4006
2024-11-04 04:16:04,3269.541015625,23.3052099609375,3.718,-1.1499999999999986,3.992,-87.0,-5.288583755493164,939.02001953125,10.5031
2024-11-04 03:16:04,3263.4375,23.2464501953125,3.717,-1.0999999999999943,3.992,-85.0,-5.383544921875,938.79248046875,13.7216
2024-11-04 02:16:04,3263.4375,23.250328979492192,3.718,-1.1499999999999986,3.992,-87.0,-5.544467926025391,938.4046020507812,12.0775
2024-11-04 01:16:04,3263.4375,23.24735534667969,3.717,-1.1499999999999986,3.992,-87.0,-5.577614784240723,938.7019653320312,10.3842
2024-11-04 00:16:04,3260.3857421875,23.216226806640627,3.717,-1.0999999999999943,3.992,-87.0,-5.570212364196777,938.7630615234375,14.4473
2024-11-03 23:16:04,3257.333984375,23.179398193359376,3.718,-1.1499999999999986,3.992,-87.0,-5.355219841003418,939.3941650390625,14.8778
2024-11-03 22:16:04,3257.333984375,23.1717822265625,3.719,-1.0999999999999943,3.992,-87.0,-5.437685489654541,940.15576171875,10.5646
2024-11-03 21:16:04,3254.2822265625,23.13565612792969,3.718,-1.1499999999999986,3.995,-87.0,-5.48910665512085,940.7166137695312,14.603100000000001
2024-11-03 20:16:04,3251.23046875,23.096870117187503,3.719,-1.1999999999999957,3.992,-87.0,-5.802455902099609,941.54345703125,11.524000000000001
2024-11-03 19:16:04,3254.2822265625,23.122641601562503,3.719,-1.1499999999999986,3.992,-87.0,-5.993876934051514,942.01806640625,12.323500000000001
2024-11-03 18:16:04,3248.1787109375,23.06080810546875,3.718,-1.1499999999999986,3.992,-87.0,-6.136186599731445,942.097900390625,14.291500000000001
2024-11-03 17:16:04,3254.2822265625,23.119075317382816,3.72,-1.1499999999999986,3.992,-87.0,-6.089587211608887,942.3746948242188,14.037300000000002
2024-11-03 16:16:04,3245.126953125,23.03587341308594,3.719,-1.0999999999999943,3.995,-87.0,-3.9950342178344727,941.5396118164062,13.369000000000002
2024-11-03 15:16:04,3242.0751953125,23.000538940429692,3.719,-1.1499999999999986,3.992,-87.0,-4.444648265838623,942.0213012695312,11.843800000000002
2024-11-03 14:16:04,3242.0751953125,22.9899072265625,3.72,-1.1499999999999986,3.995,-87.0,-5.987561225891113,943.08447265625,13.594500000000002
2024-11-03 13:16:05,3242.0751953125,22.978842773437506,3.72,-1.1499999999999986,3.992,-87.0,-7.124265193939209,944.19091796875,11.433800000000002
2024-11-03 12:16:05,3239.0234375,22.93669677734375,3.721,-1.1499999999999986,3.992,-87.0,-8.355116844177246,945.353759765625,14.603100000000001
2024-11-03 11:16:05,3239.0234375,22.923789062500003,3.72,-1.1499999999999986,3.992,-87.0,-8.505441665649414,946.64453125,13.0492
2024-11-03 10:16:05,3239.0234375,22.919841918945316,3.721,-1.1499999999999986,3.995,-88.0,-7.932741641998291,947.0392456054688,14.160300000000001
2024-11-03 09:16:05,3239.0234375,22.919068603515626,3.721,-1.0999999999999943,3.992,-86.0,-6.532341480255127,947.1165771484375,12.6638
2024-11-03 08:16:05,3235.9716796875,22.885615234375003,3.721,-1.1499999999999986,3.992,-87.0,-5.793286323547363,947.41015625,14.3161
2024-11-03 07:16:05,3235.9716796875,22.88585693359375,3.722,-1.1499999999999986,3.992,-87.0,-5.067680835723877,947.385986328125,10.117700000000001
2024-11-03 06:16:05,3235.9716796875,22.88015502929688,3.721,-1.1499999999999986,3.995,-87.0,-4.784081935882568,947.9561767578125,10.212000000000002
2024-11-03 05:16:05,3232.919921875,22.849000244140626,3.721,-1.0999999999999943,3.995,-87.0,-4.7630934715271,948.0198974609375,12.2538
2024-11-03 04:16:05,3229.8681640625,22.816134033203127,3.722,-1.1499999999999986,3.992,-87.0,-4.66140604019165,948.2547607421875,11.0525
2024-11-03 03:16:05,3226.81640625,22.78404663085938,3.722,-1.1499999999999986,3.992,-87.0,-4.5838303565979,948.4117431640625,13.639600000000002
2024-11-03 02:16:05,3223.7646484375,22.75210693359375,3.721,-1.1499999999999986,3.992,-84.0,-4.2566237449646,948.553955078125,11.130400000000002
2024-11-03 01:16:05,3223.7646484375,22.752520751953128,3.723,-1.0999999999999943,3.992,-87.0,-4.410139083862305,948.5125732421875,12.233300000000002
2024-11-03 00:06:05,3223.7646484375,22.755141601562503,3.721,-1.1499999999999986,3.992,-87.0,-4.081369400024414,948.25048828125,11.401000000000002
2024-11-02 23:06:05,3217.6611328125,22.69666687011719,3.722,-1.1499999999999986,3.992,-87.0,-4.045434474945068,947.9944458007812,9.867600000000001
2024-11-02 22:06:05,3211.5576171875,22.63757751464844,3.722,-1.0999999999999943,3.992,-87.0,-4.316738128662109,947.7998657226562,13.4838
2024-11-02 21:06:05,3214.609375,22.672656250000003,3.722,-1.1499999999999986,3.992,-87.0,-3.644728899002075,947.34375,14.939300000000001
2024-11-02 20:06:05,3208.505859375,22.620960083007816,3.722,-1.1499999999999986,3.992,-87.0,-2.586482048034668,946.4098510742188,9.998800000000001
2024-11-02 19:06:05,3211.5576171875,22.65860107421875,3.722,-1.1499999999999986,3.992,-87.0,-1.973230004310608,945.697509765625,14.861400000000001
2024-11-02 18:06:05,3208.505859375,22.632210693359376,3.722,-1.0999999999999943,3.995,-87.0,-0.8031713962554932,945.2847900390625,14.2423
2024-11-02 17:06:05,3205.4541015625,22.606611328125005,3.722,-1.0999999999999943,3.992,-87.0,0.19672606885433197,944.79296875,13.5617
2024-11-02 16:06:05,3202.40234375,22.575051269531254,3.722,-1.1499999999999986,3.995,-86.0,-0.00033325195545330644,944.897216796875,12.073400000000001
2024-11-02 15:06:05,3199.3505859375,22.541296386718752,3.723,-1.0999999999999943,3.995,-87.0,-0.44328978657722473,945.220947265625,10.704
2024-11-02 14:06:06,3199.3505859375,22.53644470214844,3.723,-1.0999999999999943,3.992,-87.0,-1.26202392578125,945.7061157226562,10.8885
2024-11-02 13:06:06,3196.298828125,22.503407592773442,3.723,-1.1499999999999986,3.992,-87.0,-2.5406298637390137,945.9580688476562,10.2653
2024-11-02 12:06:06,3193.2470703125,22.470255126953127,3.723,-1.0999999999999943,3.992,-88.0,-2.776474714279175,946.2215576171875,13.0738
2024-11-02 11:06:06,3196.298828125,22.50706726074219,3.723,-1.1499999999999986,3.995,-88.0,-2.203911066055298,945.5921020507812,10.1751
2024-11-02 10:06:06,3190.1953125,22.446077270507814,3.723,-1.1499999999999986,3.995,-88.0,-1.7248852252960205,945.5875854492188,14.799900000000001
2024-11-02 09:06:06,3190.1953125,22.453096923828127,3.723,-1.1499999999999986,3.995,-88.0,-1.3860595226287842,944.8856201171875,9.9947
2024-11-02 08:06:06,3187.1435546875,22.42946044921875,3.723,-1.0999999999999943,3.992,-87.0,-0.04856201261281967,944.197509765625,14.795800000000002
2024-11-02 07:06:06,3184.091796875,22.40032653808594,3.723,-1.0999999999999943,3.992,-88.0,0.3912707567214966,944.0591430664062,11.0197
2024-11-02 06:06:06,3181.0400390625,22.375250244140624,3.723,-1.0999999999999943,3.995,-87.0,0.7519006133079529,943.5150146484375,13.574000000000002
2024-11-02 05:06:06,3174.9365234375,22.31652526855469,3.724,-1.1499999999999986,3.992,-88.0,0.6539477705955505,943.2839965820312,10.9746
2024-11-02 04:06:06,3174.9365234375,22.31887634277344,3.723,-1.1499999999999986,3.992,-88.0,-0.4042993187904358,943.0488891601562,14.902400000000002
2024-11-02 03:06:06,3171.884765625,22.28968200683594,3.723,-1.1499999999999986,3.992,-88.0,-0.922656238079071,942.9165649414062,10.1136
2024-11-02 02:06:06,3174.9365234375,22.32034362792969,3.724,-1.0999999999999943,3.992,-84.0,-0.5239208936691284,942.9021606445312,14.2956
2024-11-02 01:06:06,3162.7294921875,22.20133728027344,3.725,-1.1499999999999986,3.992,-84.0,0.6754138469696045,942.5957641601562,13.459200000000001
2024-11-02 00:06:06,3162.7294921875,22.199885253906253,3.723,-1.1499999999999986,3.992,-87.0,0.12886597216129303,942.740966796875,14.644100000000002
2024-11-01 23:06:06,3162.7294921875,22.200776977539064,3.725,-1.1499999999999986,3.992,-88.0,-0.2653869688510895,942.6517944335938,14.9762
2024-11-01 22:06:06,3162.7294921875,22.204799804687504,3.723,-1.1499999999999986,3.992,-88.0,0.8133752346038818,942.24951171875,13.82
2024-11-01 21:06:06,3162.7294921875,22.200252075195316,3.725,-1.1499999999999986,3.995,-89.0,0.4820910692214966,942.7042846679688,14.968000000000002
2024-11-01 20:06:06,3153.57421875,22.11109558105469,3.724,-1.1499999999999986,3.995,-89.0,1.3048328161239624,942.4646606445312,14.545700000000002
2024-11-01 19:06:06,3156.6259765625,22.14441467285156,3.725,-1.1499999999999986,3.992,-89.0,1.9112926721572876,942.1845092773438,12.462900000000001
2024-11-01 18:06:06,3150.5224609375,22.0801025390625,3.725,-1.1499999999999986,3.992,-88.0,2.2893786430358887,942.51220703125,10.613800000000001
2024-11-01 17:06:06,3150.5224609375,22.084954223632813,3.725,-1.1999999999999957,3.992,-88.0,2.693209171295166,942.0270385742188,15.1033
2024-11-01 16:06:06,3150.5224609375,22.078690185546876,3.725,-1.0999999999999943,3.995,-89.0,3.585714101791382,942.6534423828125,11.688
2024-11-01 15:06:06,3144.4189453125,22.011884765625002,3.728,-1.1499999999999986,3.992,-87.0,1.5965832471847534,943.23046875,14.9639
2024-11-01 14:06:06,3144.4189453125,22.005147094726567,3.728,-1.1499999999999986,3.992,-88.0,1.0476574897766113,943.9042358398438,10.568700000000002
2024-11-01 13:06:06,3141.3671875,21.974170532226562,3.725,-1.1499999999999986,3.992,-87.0,1.3515673875808716,943.9501342773438,10.2817
2024-11-01 12:06:06,3141.3671875,21.979731445312503,3.728,-1.1499999999999986,3.992,-88.0,1.4612023830413818,943.39404296875,13.1148
2024-11-01 11:06:06,3138.3154296875,21.958841552734377,3.728,-1.1499999999999986,3.992,-87.0,1.4370886087417603,942.4312744140625,10.0562
2024-11-01 10:06:06,3135.263671875,21.941797485351564,3.728,-1.0999999999999943,3.992,-87.0,2.039947509765625,941.0839233398438,11.339500000000001
2024-11-01 09:06:06,3129.16015625,21.890715332031256,3.725,-1.0999999999999943,3.992,-88.0,2.422177791595459,940.088623046875,12.2948
2024-11-01 08:06:06,3129.16015625,21.895367431640626,3.725,-1.1499999999999986,3.992,-88.0,2.499072313308716,939.6234130859375,15.152500000000002
2024-11-01 07:06:06,3123.056640625,21.84068969726563,3.725,-1.0999999999999943,3.995,-88.0,1.9662463665008545,938.9876708984375,13.7872
2024-11-01 06:06:06,3123.056640625,21.837937011718754,3.728,-1.1499999999999986,3.992,-87.0,1.639377474784851,939.262939453125,15.05
2024-11-01 05:06:06,3123.056640625,21.83653503417969,3.728,-1.1499999999999986,3.992,-88.0,1.7316235303878784,939.4031372070312,11.1181
2024-11-01 04:06:06,3116.953125,21.771166992187503,3.728,-1.0999999999999943,3.995,-87.0,1.5192126035690308,939.83642578125,14.1439
2024-11-01 03:06:06,3110.849609375,21.699075927734377,3.728,-1.1499999999999986,3.995,-87.0,0.9850964546203613,940.9420166015625,14.0455
2024-11-01 02:06:06,3116.953125,21.7491015625,3.728,-1.0999999999999943,3.992,-87.0,1.087192416191101,942.04296875,12.622800000000002
2024-11-01 01:06:06,3116.953125,21.739629516601564,3.728,-1.1499999999999986,3.992,-87.0,1.2755553722381592,942.9901733398438,10.236600000000001
2024-11-01 00:06:06,3113.9013671875,21.69642456054688,3.728,-1.0999999999999943,3.992,-88.0,1.2664538621902466,944.2589111328125,12.5736
2024-10-31 23:06:06,3110.849609375,21.65938659667969,3.728,-1.1499999999999986,3.995,-88.0,1.394565463066101,944.9109497070312,12.614600000000001
2024-10-31 21:56:06,3113.9013671875,21.668812255859375,3.728,-1.1499999999999986,3.992,-87.0,0.32918456196784973,947.0201416015625,10.355500000000001
2024-10-31 20:56:06,3110.849609375,21.617463989257814,3.728,-1.1499999999999986,3.992,-88.0,0.21594971418380737,949.1032104492188,10.335
2024-10-31 19:56:06,3104.74609375,21.552800292968755,3.728,-1.1499999999999986,3.992,-87.0,-0.06778564304113388,949.466064453125,13.360800000000001
2024-10-31 18:56:06,3101.6943359375,21.515866699218755,3.728,-1.0999999999999943,3.992,-87.0,-0.5923925638198853,950.107666015625,12.2292
2024-10-31 17:56:06,3101.6943359375,21.509817504882815,3.728,-1.1499999999999986,3.995,-87.0,-1.268613338470459,950.7125854492188,15.123800000000001
2024-10-31 16:56:06,3104.74609375,21.531801757812502,3.728,-1.0999999999999943,3.992,-87.0,-1.614230990409851,951.56591796875,12.475200000000001
2024-10-31 15:56:06,3101.6943359375,21.487214965820314,3.728,-1.1499999999999986,3.992,-87.0,-2.4341187477111816,952.9728393554688,14.127500000000001
2024-10-31 14:56:06,3098.642578125,21.445374755859376,3.728,-1.0999999999999943,3.992,-87.0,-2.8069067001342773,954.1051025390625,15.8454
2024-10-31 13:56:06,3098.642578125,21.43589599609375,3.728,-1.1499999999999986,3.992,-87.0,-3.004441022872925,955.052978515625,12.8688
2024-10-31 12:56:06,3098.642578125,21.422351684570312,3.728,-1.0999999999999943,3.992,-87.0,-4.075119495391846,956.4074096679688,13.533000000000001
2024-10-31 11:56:06,3095.5908203125,21.385654296875,3.729,-1.0999999999999943,3.992,-88.0,-4.709496974945068,957.025390625,10.2407
2024-10-31 10:56:06,3089.4873046875,21.32391540527344,3.728,-1.0999999999999943,3.992,-87.0,-4.12185525894165,957.0957641601562,9.9824
2024-10-31 09:56:07,3089.4873046875,21.31365417480469,3.728,-1.1499999999999986,3.992,-88.0,-5.313376426696777,958.1218872070312,14.767100000000001
2024-10-31 08:56:07,3086.435546875,21.27427551269531,3.729,-1.1499999999999986,3.995,-88.0,-6.254584789276123,959.0079956054688,13.4059
2024-10-31 07:56:07,3086.435546875,21.264403686523437,3.729,-1.1499999999999986,3.992,-87.0,-6.508703708648682,959.9951782226562,11.380500000000001
2024-10-31 06:56:07,3086.435546875,21.256543579101567,3.729,-1.0999999999999943,3.992,-87.0,-6.542734146118164,960.7811889648438,12.471100000000002
2024-10-31 05:56:07,3080.33203125,21.183071899414063,3.729,-1.0999999999999943,3.992,-88.0,-7.294287204742432,962.0248413085938,10.9418
2024-10-31 04:56:07,3080.33203125,21.179990844726568,3.729,-1.1499999999999986,3.992,-88.0,-7.101916313171387,962.3329467773438,11.167300000000001
2024-10-31 03:56:07,3074.228515625,21.11757019042969,3.729,-1.0999999999999943,3.992,-88.0,-7.102663516998291,962.4714965820312,14.9434
2024-10-31 02:56:07,3080.33203125,21.172564697265628,3.73,-1.1499999999999986,3.992,-89.0,-7.212094783782959,963.0755615234375,13.237800000000002
2024-10-31 01:56:07,3074.228515625,21.106577148437502,3.729,-1.1499999999999986,3.992,-89.0,-6.924760818481445,963.57080078125,14.9639
2024-10-31 00:56:07,3071.1767578125,21.071742553710937,3.73,-1.0999999999999943,3.992,-87.0,-7.094172477722168,964.0025024414062,14.939300000000001
2024-10-30 23:56:06,3068.125,21.033295288085938,3.73,-1.0999999999999943,3.992,-88.0,-7.212775707244873,964.7954711914062,10.5974
2024-10-30 22:56:07,3071.1767578125,21.057517089843753,3.729,-1.1499999999999986,3.989,-88.0,-7.464921951293945,965.425048828125,10.7491
2024-10-30 21:56:06,3068.125,21.019302368164062,3.73,-1.1499999999999986,3.995,-89.0,-8.0331392288208,966.1947631835938,14.312000000000001
2024-10-30 20:56:06,3068.125,21.013120117187505,3.73,-1.1499999999999986,3.992,-88.0,-7.965890884399414,966.81298828125,12.2415
2024-10-30 19:56:06,3062.021484375,20.9494189453125,3.73,-1.1999999999999957,3.992,-89.0,-7.63406229019165,967.07958984375,13.713400000000002
2024-10-30 18:56:06,3062.021484375,20.950895385742186,3.73,-1.0999999999999943,3.992,-87.0,-7.028825759887695,966.9319458007812,10.839300000000001
2024-10-30 17:56:07,3062.021484375,20.952550659179686,3.73,-1.1499999999999986,3.992,-89.0,-5.972956657409668,966.7664184570312,13.598600000000001
2024-10-30 16:56:07,3055.91796875,20.88972351074219,3.73,-1.1499999999999986,3.992,-89.0,-5.39285135269165,966.9456176757812,13.988100000000001
2024-10-30 15:56:07,3052.8662109375,20.853601684570314,3.73,-1.1499999999999986,3.992,-88.0,-5.349514007568359,967.5060424804688,13.1148
2024-10-30 14:56:07,3049.814453125,20.816267089843752,3.73,-1.0999999999999943,3.995,-89.0,-6.420600414276123,968.187744140625,15.132000000000001
2024-10-30 13:56:07,3046.7626953125,20.77264343261719,3.73,-1.0999999999999943,3.992,-89.0,-7.897148609161377,969.4983520507812,13.725700000000002
2024-10-30 12:56:07,3043.7109375,20.730335693359375,3.73,-1.1499999999999986,3.995,-89.0,-9.477895736694336,970.6773681640625,13.869200000000001
2024-10-30 11:56:07,3043.7109375,20.728376464843752,3.73,-1.1999999999999957,3.992,-89.0,-10.436562538146973,970.873291015625,16.001200000000004
2024-10-30 10:56:07,3043.7109375,20.71847595214844,3.73,-1.0999999999999943,3.992,-88.0,-11.189406394958496,971.8633422851562,10.3391
2024-10-30 09:56:07,3034.5556640625,20.620609741210938,3.73,-1.1499999999999986,3.992,-89.0,-11.4142484664917,972.4946899414062,14.64
2024-10-30 08:56:07,3043.7109375,20.71040466308594,3.73,-1.1499999999999986,3.995,-89.0,-11.648869514465332,972.6704711914062,11.901200000000001
2024-10-30 07:56:07,3034.5556640625,20.6169677734375,3.73,-1.1499999999999986,3.995,-88.0,-11.656682014465332,972.85888671875,14.365300000000001
2024-10-30 06:56:07,3031.50390625,20.58992126464844,3.73,-1.1499999999999986,3.992,-88.0,-11.390473365783691,972.5117797851562,12.1759
2024-10-30 05:56:07,3025.400390625,20.52272705078125,3.73,-1.0999999999999943,3.992,-88.0,-11.801504135131836,973.127685546875,11.0853
2024-10-30 04:56:08,3025.400390625,20.518933715820317,3.73,-1.0999999999999943,3.992,-87.0,-12.266199111938477,973.5070190429688,14.918800000000001
2024-10-30 03:56:07,3025.400390625,20.518735961914064,3.73,-1.0999999999999943,3.992,-88.0,-12.500957489013672,973.5267944335938,14.6072
2024-10-30 02:56:07,3025.400390625,20.515064086914062,3.73,-1.0999999999999943,3.992,-87.0,-12.502995491027832,973.8939819335938,14.4883
2024-10-30 01:56:07,3019.296875,20.455103149414064,3.73,-1.0999999999999943,3.995,-88.0,-11.60879135131836,973.7865600585938,13.004100000000001
2024-10-30 00:56:07,3016.2451171875,20.43105407714844,3.731,-1.0999999999999943,3.992,-88.0,-10.77749252319336,973.1397094726562,10.6507
2024-10-29 23:56:07,3016.2451171875,20.4323095703125,3.73,-1.0499999999999972,3.992,-88.0,-10.694145202636719,973.01416015625,12.0447
2024-10-29 22:56:07,3007.08984375,20.347996826171876,3.731,-1.0999999999999943,3.992,-88.0,-10.538249969482422,972.2901611328125,12.5859
2024-10-29 21:56:07,3010.1416015625,20.378560791015627,3.73,-1.0999999999999943,3.992,-87.0,-10.593069076538086,972.2855224609375,14.016800000000002
2024-10-29 20:56:07,3007.08984375,20.351732177734377,3.73,-1.0999999999999943,3.992,-82.0,-10.641704559326172,971.9166259765625,12.655600000000002
2024-10-29 19:46:07,3000.986328125,20.29883972167969,3.73,-1.1499999999999986,3.992,-88.0,-10.149975776672363,971.1023559570312,10.5974
2024-10-29 18:46:07,2997.9345703125,20.27557312011719,3.73,-1.0999999999999943,3.992,-88.0,-9.779292106628418,970.3772583007812,15.669100000000002
2024-10-29 17:46:08,2991.8310546875,20.219152832031252,3.73,-1.1499999999999986,3.992,-87.0,-9.712248802185059,969.915771484375,13.1681
2024-10-29 16:46:08,2988.779296875,20.197438354492192,3.73,-1.1499999999999986,3.992,-87.0,-9.562670707702637,969.0354614257812,13.5289
2024-10-29 15:46:08,2988.779296875,20.207446289062503,3.73,-1.0999999999999943,3.992,-88.0,-8.851465225219727,968.03466796875,13.664200000000001
2024-10-29 14:46:08,2988.779296875,20.206569824218754,3.73,-1.1499999999999986,3.992,-87.0,-10.01934814453125,968.122314453125,13.848700000000001
2024-10-29 13:46:08,2985.7275390625,20.176755981445314,3.73,-1.0999999999999943,3.992,-87.0,-11.35080337524414,968.0519409179688,16.304600000000004
2024-10-29 12:46:08,2976.572265625,20.091524047851564,3.73,-1.0999999999999943,3.995,-88.0,-11.72494888305664,967.4198608398438,15.7019
2024-10-29 11:46:08,2979.6240234375,20.1278857421875,3.73,-1.0999999999999943,3.992,-87.0,-12.123821258544922,966.83544921875,14.914700000000002
2024-10-29 10:46:07,2970.46875,20.049611816406248,3.73,-1.0999999999999943,3.995,-88.0,-11.8629789352417,965.507568359375,14.9762
2024-10-29 09:46:07,2970.46875,20.05511169433594,3.73,-1.0999999999999943,3.992,-88.0,-11.870451927185059,964.9575805664062,12.877
2024-10-29 08:46:07,2970.46875,20.0634765625,3.73,-1.1499999999999986,3.992,-87.0,-12.108808517456055,964.12109375,14.951600000000001
2024-10-29 07:46:07,2961.3134765625,19.977229003906253,3.729,-1.0999999999999943,3.992,-87.0,-12.739587783813477,963.590576171875,12.9672
2024-10-29 06:46:08,2961.3134765625,19.98563171386719,3.73,-1.1499999999999986,3.992,-87.0,-12.660314559936523,962.7503051757812,14.992600000000001
2024-10-29 05:46:08,2955.2099609375,19.936212158203126,3.729,-1.1499999999999986,3.992,-87.0,-12.507477760314941,961.5887451171875,11.478900000000001
2024-10-29 04:46:08,2958.26171875,19.96785339355469,3.729,-1.1499999999999986,3.992,-87.0,-12.949145317077637,961.4763793945312,14.799900000000001
2024-10-29 03:46:08,2949.1064453125,19.885369262695317,3.73,-1.0999999999999943,3.992,-87.0,-13.061836242675781,960.5695190429688,14.914700000000002
2024-10-29 02:46:08,2946.0546875,19.865183105468752,3.73,-1.1499999999999986,3.992,-87.0,-12.630766868591309,959.536376953125,14.4801
2024-10-29 01:46:08,2943.0029296875,19.839630737304688,3.73,-1.0999999999999943,3.992,-87.0,-12.141618728637695,959.0398559570312,12.5203
2024-10-29 00:46:08,2936.8994140625,19.788084106445318,3.73,-1.0999999999999943,3.992,-87.0,-11.6993408203125,958.0910034179688,14.271
2024-10-28 23:46:08,2936.8994140625,19.789906005859375,3.73,-1.0999999999999943,3.992,-88.0,-11.946325302124023,957.9088134765625,14.549800000000001
2024-10-28 22:46:07,2930.7958984375,19.73195739746094,3.73,-1.0999999999999943,3.992,-88.0,-11.883153915405273,957.6001586914062,10.330900000000002
2024-10-28 21:46:07,2930.7958984375,19.739796752929692,3.73,-1.1499999999999986,3.992,-83.0,-11.513014793395996,956.8162231445312,13.246
2024-10-28 20:46:07,2927.744140625,19.718862304687505,3.729,-1.1999999999999957,3.992,-87.0,-10.411088943481445,955.85791015625,14.0332
2024-10-28 19:46:07,2924.6923828125,19.697392578125005,3.73,-1.1499999999999986,3.992,-87.0,-9.98959732055664,954.953125,10.3268
2024-10-28 18:46:08,2921.640625,19.675808715820313,3.73,-1.1499999999999986,3.992,-88.0,-9.710412979125977,954.0597534179688,15.476400000000002
2024-10-28 17:46:08,2924.6923828125,19.714531860351563,3.73,-1.1499999999999986,3.992,-87.0,-8.446616172790527,953.2391967773438,15.7429
2024-10-28 16:46:08,2915.537109375,19.632593994140628,3.73,-1.1499999999999986,3.992,-87.0,-6.689389705657959,952.2777099609375,14.3571
2024-10-28 15:46:08,2909.43359375,19.574251708984377,3.73,-1.1499999999999986,3.992,-88.0,-7.172358512878418,952.0084228515625,13.988100000000001
2024-10-28 14:46:08,2912.4853515625,19.601578369140626,3.73,-1.0999999999999943,3.992,-87.0,-8.739453315734863,952.3275146484375,11.638800000000002
2024-10-28 13:46:08,2906.3818359375,19.540230712890626,3.73,-1.0999999999999943,3.992,-88.0,-9.494336128234863,952.3587646484375,13.3526
2024-10-28 12:46:08,2906.3818359375,19.53574462890625,3.73,-1.0999999999999943,3.995,-88.0,-10.593000411987305,952.807373046875,15.033600000000002
2024-10-28 11:46:08,2903.330078125,19.50541931152344,3.73,-1.1499999999999986,3.992,-88.0,-11.2463960647583,952.7881469726562,14.906500000000001
2024-10-28 10:46:08,2891.123046875,19.38427001953125,3.73,-1.1499999999999986,3.995,-87.0,-11.759455680847168,952.696044921875,11.921700000000001
2024-10-28 09:46:09,2897.2265625,19.444765625000002,3.73,-1.1499999999999986,3.992,-87.0,-12.35110855102539,952.75,14.8901
2024-10-28 08:46:09,2897.2265625,19.445769042968752,3.73,-1.0999999999999943,3.992,-88.0,-11.659331321716309,952.649658203125,13.307500000000001
2024-10-28 07:46:09,2891.123046875,19.383201293945316,3.73,-1.0999999999999943,3.992,-88.0,-11.493860244750977,952.8029174804688,14.828600000000002
2024-10-28 06:46:09,2891.123046875,19.39048828125,3.73,-1.1499999999999986,3.992,-88.0,-11.599079132080078,952.07421875,14.9639
2024-10-28 05:46:08,2888.0712890625,19.358784790039067,3.731,-1.0999999999999943,3.992,-89.0,-11.613752365112305,952.1928100585938,11.130400000000002
2024-10-28 04:46:08,2885.01953125,19.329185180664066,3.731,-1.0999999999999943,3.992,-89.0,-11.764211654663086,952.1010131835938,11.122200000000001
2024-10-28 03:46:08,2878.916015625,19.26647705078125,3.73,-1.0999999999999943,3.992,-89.0,-11.882133483886719,952.268310546875,15.0951
2024-10-28 02:46:08,2878.916015625,19.2682421875,3.731,-1.1499999999999986,3.995,-89.0,-11.86508560180664,952.091796875,12.5736
2024-10-28 01:46:08,2872.8125,19.204772949218754,3.731,-1.0999999999999943,3.992,-89.0,-12.108674049377441,952.335205078125,14.750700000000002
2024-10-28 00:46:08,2875.8642578125,19.23375732421875,3.73,-1.1499999999999986,3.992,-87.0,-12.28555679321289,952.488525390625,12.590000000000002
2024-10-27 23:46:09,2875.8642578125,19.237783813476565,3.73,-1.1499999999999986,3.992,-89.0,-11.792062759399414,952.0858764648438,11.888900000000001
2024-10-27 22:46:09,2866.708984375,19.14808532714844,3.731,-1.0999999999999943,3.992,-89.0,-11.395363807678223,951.9004516601562,13.360800000000001
2024-10-27 21:46:09,2863.6572265625,19.117005004882813,3.732,-1.1499999999999986,3.995,-87.0,-11.673120498657227,951.9567260742188,14.845
2024-10-27 20:46:09,2860.60546875,19.086056518554688,3.731,-1.1499999999999986,3.992,-88.0,-11.729567527770996,951.9998168945312,14.23
2024-10-27 19:46:09,2860.60546875,19.088682861328124,3.73,-1.0999999999999943,3.992,-89.0,-11.256316184997559,951.7371826171875,13.176300000000001
2024-10-27 18:36:09,2857.5537109375,19.06661071777344,3.731,-1.0999999999999943,3.992,-88.0,-9.61755657196045,950.8926391601562,15.8741
2024-10-27 17:36:09,2857.5537109375,19.07473876953125,3.732,-1.0999999999999943,3.992,-89.0,-7.596091270446777,950.079833984375,11.737200000000001
2024-10-27 16:36:08,2851.4501953125,19.021558227539064,3.732,-1.0999999999999943,3.995,-87.0,-5.554861068725586,949.2943725585938,15.349300000000001
2024-10-27 15:36:09,2851.4501953125,19.022273559570316,3.731,-1.0999999999999943,3.992,-88.0,-3.6094067096710205,949.2228393554688,11.499400000000001
2024-10-27 14:36:08,2851.4501953125,19.017059936523438,3.732,-1.0999999999999943,3.992,-88.0,-4.786459922790527,949.7442016601562,13.6765
2024-10-27 13:36:08,2845.3466796875,18.948179321289064,3.732,-1.0999999999999943,3.995,-89.0,-5.658586502075195,950.5287475585938,13.631400000000001
2024-10-27 12:36:08,2845.3466796875,18.93118103027344,3.732,-1.0999999999999943,3.992,-87.0,-7.210871696472168,952.2285766601562,11.4543
2024-10-27 11:36:08,2842.294921875,18.887256469726562,3.733,-1.0999999999999943,3.995,-89.0,-8.371420860290527,953.5692749023438,12.016
2024-10-27 10:36:08,2842.294921875,18.881140136718752,3.733,-1.1499999999999986,3.992,-89.0,-8.025464057922363,954.180908203125,13.045100000000001
2024-10-27 09:36:09,2839.2431640625,18.83935302734375,3.732,-1.1499999999999986,3.992,-89.0,-8.361706733703613,955.307861328125,10.3596
2024-10-27 08:36:09,2836.19140625,18.794144287109376,3.734,-1.0999999999999943,3.992,-88.0,-8.574932098388672,956.7769775390625,13.725700000000002
2024-10-27 07:36:09,2833.1396484375,18.756578369140627,3.733,-1.0999999999999943,3.992,-88.0,-8.702771186828613,957.4818115234375,10.5318
2024-10-27 06:36:09,2833.1396484375,18.749677124023442,3.733,-1.1499999999999986,3.992,-89.0,-7.592695236206055,958.1719360351562,11.8397
2024-10-27 05:36:09,2833.1396484375,18.745021972656254,3.733,-1.1499999999999986,3.992,-89.0,-7.433608531951904,958.637451171875,14.102900000000002
2024-10-27 04:36:09,2827.0361328125,18.682338867187504,3.733,-1.1499999999999986,3.992,-87.0,-6.507614612579346,958.80224609375,13.639600000000002
2024-10-27 03:36:09,2823.984375,18.647639160156253,3.733,-1.0999999999999943,3.992,-89.0,-6.7643141746521,959.220458984375,15.152500000000002
2024-10-27 02:36:09,2823.984375,18.639079589843753,3.733,-1.0999999999999943,3.992,-88.0,-7.343127250671387,960.076416015625,13.2788
2024-10-27 01:36:09,2817.880859375,18.575340576171875,3.734,-1.0999999999999943,3.992,-89.0,-6.917763710021973,960.3468017578125,13.5699
2024-10-27 01:36:09,2817.880859375,18.57122436523438,3.734,-1.0999999999999943,3.992,-89.0,-6.662082672119141,960.7584228515625,10.925400000000002
2024-10-27 00:36:09,2814.8291015625,18.53474792480469,3.734,-1.1499999999999986,3.992,-89.0,-6.630700588226318,961.3543090820312,11.273900000000001
2024-10-26 23:36:09,2814.8291015625,18.535316162109375,3.734,-1.0999999999999943,3.992,-89.0,-5.967250823974609,961.2974853515625,13.6355
2024-10-26 22:36:09,2814.8291015625,18.536711425781252,3.735,-1.0999999999999943,3.992,-88.0,-5.751306056976318,961.157958984375,11.9135
2024-10-26 21:36:09,2808.7255859375,18.471145019531253,3.735,-1.0999999999999943,3.992,-89.0,-5.480207443237305,961.611083984375,13.598600000000001
2024-10-26 20:36:09,2805.673828125,18.442546997070316,3.735,-1.1499999999999986,3.995,-87.0,-4.963954925537109,961.4191284179688,15.685500000000001
2024-10-26 19:36:09,2802.6220703125,18.41273315429688,3.735,-1.1499999999999986,3.992,-83.0,-3.9944214820861816,961.3487548828125,14.6605
2024-10-26 18:36:09,2805.673828125,18.452563476562503,3.735,-1.1499999999999986,3.992,-89.0,-1.0485278367996216,960.41748046875,14.406300000000002
2024-10-26 17:36:09,2799.5703125,18.39380554199219,3.735,-1.0999999999999943,3.992,-87.0,-0.20072022080421448,960.1897583007812,13.565800000000001
2024-10-26 16:36:09,2796.5185546875,18.360415039062502,3.736,-1.0999999999999943,3.992,-88.0,0.08138427883386612,960.47705078125,13.832300000000002
2024-10-26 15:36:10,2793.466796875,18.326847534179688,3.735,-1.0999999999999943,3.992,-88.0,-0.3261145055294037,960.7820434570312,11.5035
2024-10-26 14:36:10,2790.4150390625,18.291423950195313,3.736,-1.0999999999999943,3.992,-88.0,-1.8108813762664795,961.2726440429688,14.7179
2024-10-26 13:36:10,2784.3115234375,18.225964965820314,3.735,-1.1499999999999986,3.992,-88.0,-3.651928663253784,961.7150268554688,10.667100000000001
2024-10-26 12:36:10,2784.3115234375,18.224826660156253,3.736,-1.1499999999999986,3.992,-89.0,-3.9713940620422363,961.828857421875,13.545300000000001
2024-10-26 11:36:10,2778.2080078125,18.16918640136719,3.735,-1.0999999999999943,3.992,-88.0,-3.1389379501342773,961.2893676757812,10.3391
2024-10-26 10:36:10,2775.15625,18.14165710449219,3.735,-1.0999999999999943,3.992,-88.0,-2.520251512527466,960.9905395507812,12.397300000000001
2024-10-26 09:36:10,2778.2080078125,18.174336547851567,3.735,-1.0999999999999943,3.992,-89.0,-1.6908520460128784,960.7743530273438,13.815900000000001
2024-10-26 08:36:10,2772.1044921875,18.116794433593753,3.735,-1.1499999999999986,3.992,-89.0,-1.4545996189117432,960.425048828125,14.9434
2024-10-26 07:36:10,2769.052734375,18.08605407714844,3.736,-1.1499999999999986,3.992,-89.0,-1.579248070716858,960.4473266601562,12.4875
2024-10-26 06:36:10,2766.0009765625,18.058323974609376,3.735,-1.0999999999999943,3.992,-89.0,-2.2530908584594727,960.1685791015625,10.4457
2024-10-26 05:36:10,2762.94921875,18.03335327148438,3.735,-1.1499999999999986,3.992,-89.0,-1.5724536180496216,959.6138916015625,10.1464
2024-10-26 04:36:10,2753.7939453125,17.943831787109378,3.735,-1.0999999999999943,3.992,-88.0,-1.2763574123382568,959.4107666015625,10.355500000000001
2024-10-26 03:36:10,2750.7421875,17.915789184570315,3.735,-1.1499999999999986,3.992,-87.0,-1.2216064929962158,959.1632690429688,11.7782
2024-10-26 02:36:10,2750.7421875,17.917751464843754,3.736,-1.1499999999999986,3.992,-89.0,-1.093019962310791,958.967041015625,11.122200000000001
2024-10-26 01:36:10,2747.6904296875,17.88959655761719,3.736,-1.0999999999999943,3.992,-88.0,-0.9362426996231079,958.7307739257812,11.5076
2024-10-26 00:36:10,2741.5869140625,17.832037353515627,3.735,-1.0999999999999943,3.992,-88.0,-0.9525463581085205,958.3831787109375,14.394000000000002
2024-10-25 23:36:10,2741.5869140625,17.832281494140627,3.735,-1.0999999999999943,3.992,-89.0,-0.9375341534614563,958.3587646484375,10.2489
2024-10-25 22:36:10,2738.53515625,17.804289550781252,3.735,-1.1499999999999986,3.992,-88.0,-0.9704785346984863,958.106201171875,13.869200000000001
2024-10-25 21:36:10,2738.53515625,17.805744628906254,3.737,-1.0999999999999943,3.995,-87.0,-1.1247411966323853,957.960693359375,11.3108
2024-10-25 20:36:10,2726.328125,17.687475585937502,3.736,-1.1499999999999986,3.992,-88.0,-0.9412695169448853,957.58056640625,14.939300000000001
2024-10-25 19:36:10,2729.3798828125,17.721296386718752,3.737,-1.1499999999999986,3.992,-88.0,-0.5682763457298279,957.250244140625,15.607600000000001
2024-10-25 18:36:10,2723.2763671875,17.66464599609375,3.737,-1.0999999999999943,3.992,-87.0,0.26268431544303894,956.811767578125,13.422300000000002
2024-10-25 17:26:10,2717.1728515625,17.608005371093753,3.737,-1.0999999999999943,3.992,-88.0,1.1871813535690308,956.372314453125,12.8442
2024-10-25 16:26:10,2720.224609375,17.6425634765625,3.736,-1.1499999999999986,3.992,-89.0,0.8351110816001892,955.96826171875,13.844600000000002
2024-10-25 15:26:10,2711.0693359375,17.559580078125002,3.737,-1.1499999999999986,3.992,-89.0,0.2429846227169037,955.111328125,13.328000000000001
2024-10-25 14:26:10,2711.0693359375,17.56354187011719,3.737,-1.0999999999999943,3.992,-89.0,-1.3885058164596558,954.7151489257812,12.676100000000002
2024-10-25 13:26:10,2704.9658203125,17.511569824218753,3.737,-1.1499999999999986,3.992,-87.0,-1.774133324623108,953.808837890625,12.4465
2024-10-25 12:26:10,2695.810546875,17.429011230468753,3.737,-1.1499999999999986,3.992,-89.0,-2.5946338176727295,952.909423828125,14.7794
2024-10-25 11:26:10,2692.7587890625,17.412364501953128,3.737,-1.0999999999999943,3.992,-89.0,-0.9164087176322937,951.5223388671875,10.6917
2024-10-25 10:26:10,2689.70703125,17.392524414062503,3.737,-1.0999999999999943,3.992,-87.0,-0.7178540229797363,950.45458984375,13.3321
2024-10-25 09:26:10,2686.6552734375,17.379465942382815,3.737,-1.1499999999999986,3.992,-89.0,-0.18597900867462158,948.7086791992188,12.971300000000001
2024-10-25 08:26:10,2683.603515625,17.365415649414064,3.738,-1.1499999999999986,3.995,-89.0,-0.08415527641773224,947.0619506835938,13.848700000000001
2024-10-25 07:26:10,2671.396484375,17.26029479980469,3.736,-1.0999999999999943,3.992,-87.0,-0.5790771245956421,945.3670043945312,10.449800000000002
2024-10-25 06:26:10,2668.3447265625,17.249045410156253,3.737,-1.0999999999999943,3.992,-89.0,-1.182888150215149,943.440185546875,12.0488
2024-10-25 05:26:10,2662.2412109375,17.206751098632814,3.737,-1.0999999999999943,3.992,-87.0,-1.521508812904358,941.5661010742188,10.2161
2024-10-25 04:26:10,2653.0859375,17.135052490234376,3.737,-1.0999999999999943,3.992,-89.0,-1.7487963438034058,939.5806884765625,11.368200000000002
2024-10-25 03:26:10,2653.0859375,17.15429138183594,3.738,-1.0499999999999972,3.992,-89.0,-1.8283398151397705,937.6567993164062,10.289900000000001
2024-10-25 02:26:10,2646.982421875,17.11447265625,3.737,-1.1499999999999986,3.992,-89.0,-1.904758334159851,935.53515625,11.278
2024-10-25 01:26:10,2640.87890625,17.076613769531253,3.737,-1.0999999999999943,3.992,-88.0,-1.9711230993270874,933.217529296875,13.487900000000002
2024-10-25 00:26:11,2631.7236328125,17.009318847656253,3.737,-1.0999999999999943,3.992,-89.0,-1.9947631359100342,930.791748046875,10.3678
2024-10-24 23:26:11,2622.568359375,16.934362792968752,3.737,-1.0999999999999943,3.992,-89.0,-2.116215705871582,929.132080078125,13.651900000000001
2024-10-24 22:26:11,2622.568359375,16.953757934570316,3.736,-1.0999999999999943,3.992,-90.0,-2.2438526153564453,927.1925659179688,10.236600000000001
2024-10-24 21:26:11,2616.46484375,16.91639892578125,3.738,-1.0999999999999943,3.992,-89.0,-2.2138965129852295,924.824951171875,10.4375
2024-10-24 20:26:11,2610.361328125,16.880906982421877,3.737,-1.0999999999999943,3.992,-89.0,-2.179187059402466,922.2706298828125,14.529300000000001
2024-10-24 19:26:11,2607.3095703125,16.870018310546875,3.738,-1.0999999999999943,3.992,-90.0,-1.6879321336746216,920.3077392578125,11.544500000000001
2024-10-24 18:26:10,2607.3095703125,16.878420410156252,3.738,-1.0999999999999943,3.992,-83.0,-0.9092748761177063,919.467529296875,14.221800000000002
2024-10-24 17:26:10,2601.2060546875,16.81537719726563,3.738,-1.0999999999999943,3.992,-90.0,-0.5124413967132568,919.6683349609375,14.4227
2024-10-24 16:26:11,2595.1025390625,16.740232543945314,3.738,-1.1499999999999986,3.992,-90.0,-0.45137327909469604,921.0792846679688,10.396500000000001
2024-10-24 15:26:11,2588.9990234375,16.661868286132815,3.738,-1.1499999999999986,3.992,-90.0,-0.3778759837150574,922.8121948242188,11.729000000000001
2024-10-24 14:26:11,2592.05078125,16.667886962890627,3.738,-1.1499999999999986,3.992,-90.0,-0.2698022425174713,925.2620849609375,14.3694
2024-10-24 13:26:11,2585.947265625,16.58054077148438,3.738,-1.1499999999999986,3.995,-89.0,0.04843994230031967,927.8931884765625,10.818800000000001
2024-10-24 12:26:11,2585.947265625,16.559025878906255,3.739,-1.0999999999999943,3.992,-89.0,-0.7908080816268921,930.044677734375,14.3161
2024-10-24 11:26:11,2585.947265625,16.533121337890627,3.738,-1.1999999999999957,3.992,-90.0,-1.1025292873382568,932.6351318359375,13.791300000000001
2024-10-24 10:26:11,2585.947265625,16.51220336914063,3.739,-1.0999999999999943,3.995,-89.0,-2.122670888900757,934.7269287109375,14.947500000000002
2024-10-24 09:26:11,2582.8955078125,16.456435546875,3.739,-1.0999999999999943,3.992,-89.0,-3.056813955307007,937.251953125,10.277600000000001
2024-10-24 08:26:11,2579.84375,16.410635375976565,3.739,-1.0999999999999943,3.992,-90.0,-3.371455192565918,938.7802124023438,14.804
2024-10-24 07:26:11,2579.84375,16.394648437500003,3.739,-1.0999999999999943,3.992,-89.0,-3.638005256652832,940.37890625,14.742500000000001
2024-10-24 06:26:11,2573.740234375,16.31921142578125,3.739,-1.0999999999999943,3.992,-89.0,-3.784116268157959,941.819091796875,13.770800000000001
2024-10-24 05:26:11,2573.740234375,16.30279296875,3.738,-1.0999999999999943,3.992,-89.0,-3.9938111305236816,943.4609375,11.5732
2024-10-24 04:26:11,2567.63671875,16.22341735839844,3.739,-1.1499999999999986,3.992,-89.0,-4.199223518371582,945.2949829101562,14.8778
2024-10-24 03:26:11,2567.63671875,16.214038085937503,3.739,-1.0999999999999943,3.995,-89.0,-3.9637866020202637,946.23291015625,11.7536
2024-10-24 02:26:11,2564.5849609375,16.17022705078125,3.739,-1.1499999999999986,3.992,-90.0,-3.6383447647094727,947.562255859375,11.286200000000001
2024-10-24 01:26:11,2561.533203125,16.13233337402344,3.739,-1.1499999999999986,3.992,-91.0,-2.9596776962280273,948.2998657226562,14.463700000000001
2024-10-24 00:26:11,2555.4296875,16.07306335449219,3.739,-1.0999999999999943,3.992,-90.0,-2.683347225189209,948.1233520507812,15.1156
2024-10-23 23:26:11,2549.326171875,16.008953247070316,3.74,-1.1499999999999986,3.992,-90.0,-1.6492139101028442,948.4308471679688,14.927000000000001
2024-10-23 22:26:11,2549.326171875,16.00767944335938,3.74,-1.1499999999999986,3.992,-90.0,-1.0194531679153442,948.5582275390625,14.8573
2024-10-23 21:26:11,2540.1708984375,15.914318847656252,3.74,-1.1499999999999986,3.992,-90.0,-0.4082397520542145,948.739013671875,10.7614
2024-10-23 20:26:11,2540.1708984375,15.915733032226564,3.741,-1.0999999999999943,3.992,-90.0,0.3334643542766571,948.5975952148438,14.279200000000001
2024-10-23 19:26:11,2534.0673828125,15.86133483886719,3.74,-1.0999999999999943,3.992,-90.0,1.441707730293274,947.9338989257812,12.7171
2024-10-23 18:26:11,2537.119140625,15.890292968750002,3.741,-1.0999999999999943,3.992,-91.0,1.5892468690872192,948.08984375,12.672
2024-10-23 17:26:11,2531.015625,15.833692016601564,3.741,-1.0999999999999943,3.992,-85.0,2.6461353302001953,947.6464233398438,13.41
2024-10-23 16:26:11,2527.9638671875,15.806597900390628,3.741,-1.0499999999999972,3.992,-90.0,2.527193546295166,947.3040771484375,14.258700000000001
2024-10-23 15:16:11,2515.7568359375,15.683541870117189,3.741,-1.0999999999999943,3.992,-91.0,1.4455785751342773,947.4026489257812,12.774500000000002
2024-10-23 14:16:11,2521.8603515625,15.749515991210941,3.741,-1.0999999999999943,3.992,-91.0,1.969846248626709,946.9087524414062,16.054500000000004
2024-10-23 13:16:11,-48885.0,-498.31983459472656,3.741,-51.2,3.992,-90.0,1.485927700996399,946.9834594726562,16.480900000000002
2024-10-23 12:16:11,2509.6533203125,15.628217773437502,3.741,-1.0999999999999943,3.992,-91.0,0.7430688738822937,946.83154296875,13.065600000000002
2024-10-23 11:16:11,2500.498046875,15.546324462890627,3.741,-1.0999999999999943,3.989,-91.0,1.0280945301055908,945.8656005859375,11.286200000000001
2024-10-23 10:16:11,2494.39453125,15.490449829101564,3.741,-1.0999999999999943,3.995,-91.0,1.2816686630249023,945.3495483398438,14.8655
2024-10-23 09:16:11,2494.39453125,15.49540954589844,3.742,-1.0499999999999972,3.992,-91.0,1.629052758216858,944.8535766601562,13.9594
2024-10-23 08:16:12,2485.2392578125,15.41242858886719,3.742,-1.1499999999999986,3.992,-91.0,2.131718635559082,943.9963989257812,11.724900000000002
2024-10-23 07:16:12,2482.1875,15.386422119140626,3.742,-1.0999999999999943,3.992,-91.0,2.4858264923095703,943.5452880859375,11.823300000000001
2024-10-23 06:16:12,2479.1357421875,15.362971191406253,3.742,-1.0999999999999943,3.992,-91.0,2.575490713119507,942.838623046875,14.275100000000002
2024-10-23 05:16:12,2476.083984375,15.33630554199219,3.742,-1.0999999999999943,3.995,-91.0,2.36430287361145,942.4534301757812,13.9266
2024-10-23 04:16:12,2473.0322265625,15.30677673339844,3.742,-1.0999999999999943,3.992,-91.0,1.5751855373382568,942.3545532226562,10.527700000000001
2024-10-23 03:16:12,2466.9287109375,15.246299438476566,3.742,-1.1499999999999986,3.992,-91.0,0.7400122284889221,942.2987670898438,15.037700000000001
2024-10-23 02:16:12,2457.7734375,15.158103637695316,3.742,-1.1499999999999986,3.995,-91.0,0.5112316608428955,941.9630737304688,12.1513
2024-10-23 01:16:12,2457.7734375,15.159896240234376,3.742,-1.0999999999999943,3.992,-91.0,0.017939453944563866,941.7838134765625,14.049600000000002
2024-10-23 00:16:12,2451.669921875,15.101567993164064,3.743,-1.0999999999999943,3.992,-91.0,-0.32862794399261475,941.5131225585938,13.9389
2024-10-22 23:16:12,2448.6181640625,15.073081665039062,3.742,-1.1499999999999986,3.992,-91.0,-0.5594457983970642,941.3099975585938,15.05
2024-10-22 22:16:12,2439.462890625,14.985549926757816,3.742,-1.0999999999999943,3.992,-91.0,-0.5810473561286926,940.9078979492188,10.745000000000001
2024-10-22 21:16:12,2439.462890625,14.989707641601564,3.743,-1.1499999999999986,3.992,-91.0,-0.5125756859779358,940.4921264648438,14.959800000000001
2024-10-22 20:16:12,2436.4111328125,14.966748657226566,3.743,-1.0999999999999943,3.992,-91.0,0.7692211866378784,939.7362670898438,15.890500000000001
2024-10-22 19:16:12,2433.359375,14.944880981445314,3.744,-1.0999999999999943,3.992,-91.0,2.1352503299713135,938.8712768554688,15.6896
2024-10-22 18:16:12,2421.15234375,14.830657958984377,3.743,-1.1499999999999986,3.995,-91.0,3.128016471862793,938.0865478515625,13.729800000000001
2024-10-22 17:16:12,2418.1005859375,14.806616821289065,3.742,-1.1499999999999986,3.992,-91.0,4.144012451171875,937.4389038085938,13.455100000000002
2024-10-22 16:16:11,2421.15234375,14.838062744140627,3.744,-1.1499999999999986,3.992,-91.0,4.37680196762085,937.3460693359375,13.077900000000001
2024-10-22 15:16:11,2411.9970703125,14.750012817382814,3.742,-1.0999999999999943,3.992,-91.0,4.077307224273682,936.9957885742188,12.3932
2024-10-22 14:16:12,2411.9970703125,14.746923828125002,3.742,-1.0999999999999943,3.992,-91.0,2.454986572265625,937.3046875,13.619100000000001
2024-10-22 13:16:12,2402.841796875,14.655742797851566,3.743,-1.0999999999999943,3.992,-91.0,1.221621036529541,937.2675170898438,11.1796
2024-10-22 12:16:12,2396.73828125,14.593645019531252,3.744,-1.1499999999999986,3.995,-92.0,-0.076751708984375,937.373779296875,10.2489
2024-10-22 11:16:12,2396.73828125,14.597062988281252,3.742,-1.0999999999999943,3.992,-92.0,-0.8825122117996216,937.031982421875,10.7696
2024-10-22 10:16:12,2393.6865234375,14.564664306640626,3.744,-1.1499999999999986,3.992,-92.0,-0.7751171588897705,937.2200927734375,13.446900000000001
2024-10-22 09:16:12,2384.53125,14.472279663085938,3.744,-1.1499999999999986,3.992,-92.0,-0.8456274271011353,937.3032836914062,14.287400000000002
2024-10-22 08:16:12,2387.5830078125,14.504920654296875,3.744,-1.1499999999999986,3.992,-92.0,-1.4478759765625,937.0909423828125,15.05
2024-10-22 07:16:12,2378.427734375,14.412879028320313,3.744,-1.0999999999999943,3.992,-92.0,-1.3393261432647705,937.1398315429688,11.1386
2024-10-22 06:16:12,2378.427734375,14.406843872070315,3.744,-1.0999999999999943,3.992,-92.0,-1.6974414587020874,937.7433471679688,13.356700000000002
2024-10-22 05:16:12,2375.3759765625,14.371812744140628,3.744,-1.1499999999999986,3.992,-92.0,-1.9655542373657227,938.1947021484375,13.9799
2024-10-22 04:16:12,2366.220703125,14.276495361328127,3.745,-1.1499999999999986,3.992,-92.0,-1.799741268157959,938.5711669921875,10.540000000000001
2024-10-22 03:16:12,2366.220703125,14.270708618164063,3.744,-1.0999999999999943,3.992,-92.0,-1.4762694835662842,939.1498413085938,14.8983
2024-10-22 02:16:12,2366.220703125,14.26147705078125,3.744,-1.0999999999999943,3.992,-92.0,-1.5512622594833374,940.072998046875,10.5236
2024-10-22 01:16:12,2360.1171875,14.190758666992188,3.744,-1.1499999999999986,3.992,-92.0,-1.6206152439117432,941.0413208007812,11.716700000000001
2024-10-22 00:16:12,2357.0654296875,14.15756774902344,3.744,-1.0999999999999943,3.992,-92.0,-1.3366771936416626,941.3086547851562,13.098400000000002
2024-10-21 23:16:12,2354.013671875,14.126119384765627,3.744,-1.0999999999999943,3.992,-92.0,-0.931079089641571,941.4017333984375,13.467400000000001
2024-10-21 22:16:12,2347.91015625,14.05628295898438,3.744,-1.1499999999999986,3.992,-92.0,-1.2338354587554932,942.2818603515625,11.9258
2024-10-21 21:16:12,2347.91015625,14.05472351074219,3.745,-1.0999999999999943,3.992,-92.0,-0.9121289253234863,942.4378051757812,12.7581
2024-10-21 20:16:12,2338.7548828125,13.964063110351566,3.744,-1.0999999999999943,3.992,-92.0,-0.03538329899311066,942.3485717773438,15.390300000000002
2024-10-21 19:16:12,2338.7548828125,13.964709472656253,3.745,-1.1499999999999986,3.992,-92.0,1.2314709424972534,942.283935546875,15.066400000000002
2024-10-21 18:16:12,2335.703125,13.938510742187502,3.745,-1.1499999999999986,3.992,-92.0,2.340596914291382,941.85205078125,15.993
2024-10-21 17:16:12,2329.599609375,13.877288208007814,3.745,-1.0999999999999943,3.992,-92.0,2.9095592498779297,941.8707885742188,11.319
2024-10-21 16:16:12,2326.5478515625,13.839509887695316,3.745,-1.0999999999999943,3.992,-92.0,1.7727197408676147,942.5968627929688,16.480900000000002
2024-10-21 15:16:12,2326.5478515625,13.834308471679687,3.746,-1.0999999999999943,3.992,-93.0,0.5250890851020813,943.1170043945312,16.370200000000004
2024-10-21 14:16:12,2320.4443359375,13.76692565917969,3.746,-1.0999999999999943,3.992,-92.0,-0.7668994069099426,943.7517700195312,14.23
2024-10-21 13:06:12,2314.3408203125,13.698701171875003,3.746,-1.1499999999999986,3.992,-92.0,-2.252209424972534,944.470703125,12.516200000000001
2024-10-21 12:06:12,2311.2890625,13.667695922851566,3.746,-1.1499999999999986,3.992,-93.0,-2.685249090194702,944.5194702148438,12.721200000000001
2024-10-21 11:06:12,2305.185546875,13.602462768554688,3.746,-1.0999999999999943,3.995,-92.0,-2.2096166610717773,944.9392700195312,10.3514
2024-10-21 10:06:12,2302.1337890625,13.576521606445313,3.746,-1.1999999999999957,3.992,-93.0,-2.127084970474243,944.4816284179688,13.217300000000002
2024-10-21 09:06:12,2299.08203125,13.541157836914067,3.746,-1.0999999999999943,3.992,-93.0,-1.991909146308899,944.9662475585938,14.972100000000001
2024-10-21 08:06:12,2296.0302734375,13.510609741210938,3.745,-1.1499999999999986,3.992,-93.0,-2.1404004096984863,944.9692993164062,14.1111
2024-10-21 07:06:12,2292.978515625,13.480803833007815,3.746,-1.0999999999999943,3.992,-92.0,-2.150385856628418,944.8981323242188,14.3571
2024-10-21 06:06:13,2280.771484375,13.356557617187503,3.746,-1.0999999999999943,3.992,-93.0,-2.767102003097534,945.11572265625,10.125900000000001
2024-10-21 05:06:13,2280.771484375,13.360809936523438,3.746,-1.0999999999999943,3.992,-93.0,-2.144338369369507,944.6904907226562,10.396500000000001
2024-10-21 04:06:13,2280.771484375,13.362308349609378,3.746,-1.1499999999999986,3.992,-93.0,-2.028183698654175,944.5406494140625,10.9869
2024-10-21 03:06:13,2265.5126953125,13.215322265625002,3.746,-1.0999999999999943,3.992,-93.0,-1.1569409370422363,943.98046875,10.4457
2024-10-21 02:06:13,2262.4609375,13.187813110351565,3.746,-1.1499999999999986,3.992,-93.0,-0.49104249477386475,943.6796264648438,13.9389
2024-10-21 01:06:13,2259.4091796875,13.164583740234377,3.746,-1.0999999999999943,3.995,-93.0,-0.3284240663051605,942.9508056640625,14.139800000000001
2024-10-21 00:06:13,2256.357421875,13.138725585937504,3.746,-1.0999999999999943,3.992,-93.0,-0.3742077648639679,942.48486328125,12.475200000000001
2024-10-20 23:06:13,2250.25390625,13.080632324218753,3.746,-1.0999999999999943,3.992,-93.0,-0.46455201506614685,942.190673828125,11.1509
2024-10-20 22:06:13,2241.0986328125,12.9951513671875,3.746,-1.0999999999999943,3.992,-94.0,-0.507617175579071,941.58349609375,14.799900000000001
2024-10-20 21:06:13,2234.9951171875,12.942036132812502,3.746,-1.1499999999999986,3.992,-94.0,0.030710449442267418,940.79150390625,14.894200000000001
2024-10-20 20:06:13,2234.9951171875,12.948919067382816,3.746,-1.0999999999999943,3.992,-94.0,0.22145141661167145,940.1032104492188,13.779000000000002
2024-10-20 19:06:13,2225.83984375,12.865142822265627,3.746,-1.1499999999999986,3.992,-93.0,0.5793628096580505,939.3255615234375,11.011500000000002
2024-10-20 18:06:13,2219.736328125,12.81291931152344,3.746,-1.0999999999999943,3.992,-94.0,1.6927001476287842,938.4443969726562,11.1837
2024-10-20 17:06:13,2216.6845703125,12.789526977539065,3.746,-1.0999999999999943,3.992,-95.0,1.8367077112197876,937.7318725585938,13.7216
2024-10-20 16:06:13,2213.6328125,12.758982543945315,3.746,-1.0999999999999943,3.992,-95.0,1.722316861152649,937.7345581054688,16.0832
2024-10-20 15:06:13,2210.5810546875,12.730275268554688,3.746,-1.1499999999999986,3.992,-95.0,0.47081419825553894,937.5535278320312,16.480900000000002
2024-10-20 14:06:13,2207.529296875,12.69991394042969,3.746,-1.1499999999999986,3.992,-87.0,-0.2472509741783142,937.5379028320312,11.4092
2024-10-20 13:06:13,2204.4775390625,12.670230712890627,3.746,-1.1499999999999986,3.992,-86.0,-1.119443416595459,937.4544677734375,13.5166
2024-10-20 12:06:13,2195.322265625,12.577231445312503,3.746,-1.1499999999999986,3.992,-95.0,-1.7678149938583374,937.59912109375,11.0074
2024-10-20 11:06:13,2192.2705078125,12.546685791015628,3.746,-1.0999999999999943,3.992,-96.0,-2.544299364089966,937.6019287109375,14.156200000000002
2024-10-20 10:06:13,2186.1669921875,12.483011474609377,3.747,-1.0999999999999943,3.992,-96.0,-2.9223852157592773,937.8658447265625,14.443200000000001
2024-10-20 09:06:13,2180.0634765625,12.422149658203129,3.747,-1.0999999999999943,3.995,-96.0,-3.113330125808716,937.8485107421875,11.749500000000001
2024-10-20 08:06:13,2170.908203125,12.326672363281252,3.746,-1.0999999999999943,3.992,-96.0,-3.4373462200164795,938.240966796875,14.053700000000001
2024-10-20 07:06:13,2167.8564453125,12.292476196289064,3.746,-1.1499999999999986,3.992,-96.0,-3.9053685665130615,938.6088256835938,11.101700000000001
2024-10-20 06:06:13,2161.7529296875,12.230774536132817,3.746,-1.1499999999999986,3.992,-96.0,-4.638037204742432,938.6754760742188,10.4129
2024-10-20 05:06:13,2152.59765625,12.135213012695317,3.746,-1.1499999999999986,3.992,-96.0,-5.736770153045654,939.0763549804688,12.9016
2024-10-20 04:06:13,2143.4423828125,12.037715454101566,3.746,-1.1499999999999986,3.992,-96.0,-6.24819803237915,939.6708374023438,14.1767
2024-10-20 03:06:13,2140.390625,11.995321044921878,3.746,-1.1499999999999986,3.992,-96.0,-7.2449049949646,940.8585205078125,11.0279
2024-10-20 02:06:13,2134.287109375,11.93484130859375,3.746,-1.1499999999999986,3.992,-96.0,-7.543176174163818,940.802978515625,13.865100000000002
2024-10-20 01:06:13,2122.080078125,11.80375,3.746,-1.1499999999999986,3.992,-96.0,-7.569260120391846,941.705078125,12.344000000000001
2024-10-20 00:06:13,2125.1318359375,11.825871582031251,3.746,-1.0999999999999943,3.992,-96.0,-7.602748870849609,942.544677734375,10.777800000000001
2024-10-19 23:06:14,2112.9248046875,11.699191284179689,3.746,-1.1499999999999986,3.995,-97.0,-6.973669528961182,943.0056762695312,12.7786
2024-10-19 22:06:14,2106.8212890625,11.634632568359377,3.746,-1.0999999999999943,3.992,-96.0,-6.289023399353027,943.3580322265625,14.1316
2024-10-19 21:06:14,2103.76953125,11.599412231445314,3.746,-1.0999999999999943,3.992,-97.0,-5.729025840759277,943.8283081054688,12.0652
2024-10-19 20:06:14,2097.666015625,11.536182861328129,3.746,-1.1499999999999986,3.989,-96.0,-5.200888633728027,944.0477294921875,13.627300000000002
2024-10-19 19:06:14,2088.5107421875,11.439719238281253,3.746,-1.0999999999999943,3.992,-97.0,-4.552041053771973,944.538818359375,11.2247
2024-10-19 18:06:14,2085.458984375,11.402791137695317,3.746,-1.0999999999999943,3.992,-96.0,-3.943610906600952,945.1798706054688,12.581800000000001
2024-10-19 17:06:14,2079.35546875,11.336168212890627,3.746,-1.1499999999999986,3.992,-97.0,-4.0520920753479,945.7386474609375,14.8245
2024-10-19 16:06:14,2073.251953125,11.270399169921879,3.746,-1.1499999999999986,3.992,-96.0,-4.448925971984863,946.2120361328125,12.3727
2024-10-19 15:06:14,2070.2001953125,11.232971191406254,3.746,-1.1499999999999986,3.992,-97.0,-4.119204044342041,946.903076171875,14.918800000000001
2024-10-19 14:06:14,2054.94140625,11.075001831054688,3.745,-1.1499999999999986,3.992,-88.0,-4.330732345581055,947.4412231445312,14.430900000000001
2024-10-19 13:06:14,2054.94140625,11.066503295898439,3.745,-1.1499999999999986,3.992,-88.0,-4.900715351104736,948.2910766601562,11.7331
2024-10-19 12:06:14,2042.7343750000002,10.933137207031251,3.746,-1.0999999999999943,3.992,-88.0,-5.2118239402771,949.420654296875,10.1136
2024-10-19 10:56:13,2033.5791015625002,10.832531738281252,3.746,-1.0999999999999943,3.992,-96.0,-5.348290920257568,950.325927734375,14.799900000000001
2024-10-19 09:56:14,2024.4238281250002,10.737500000000002,3.745,-1.1499999999999986,3.992,-97.0,-5.453103065490723,950.673828125,13.4059
2024-10-19 08:56:13,2018.3203125000002,10.670010986328126,3.745,-1.0999999999999943,3.992,-96.0,-5.548000335693359,951.3192138671875,13.627300000000002
2024-10-19 07:56:13,2015.2685546875002,10.632344970703127,3.745,-1.1499999999999986,3.992,-96.0,-5.802048206329346,952.0340576171875,14.9229
2024-10-19 06:56:13,2003.0615234375002,10.50494567871094,3.745,-1.1499999999999986,3.992,-96.0,-5.952102184295654,952.5669555664062,14.320200000000002
2024-10-19 05:56:13,2000.0097656250002,10.470385742187503,3.745,-1.1499999999999986,3.992,-96.0,-6.100185394287109,952.97119140625,13.241900000000001
2024-10-19 04:56:13,1996.9580078125,10.435679321289062,3.745,-1.0999999999999943,3.992,-96.0,-5.930908203125,953.3900756835938,14.373500000000002
2024-10-19 03:56:13,1987.802734375,10.342051391601563,3.745,-1.0999999999999943,3.992,-96.0,-6.074167251586914,953.5975952148438,14.951600000000001
2024-10-19 02:56:13,1978.6474609375,10.246229248046873,3.745,-1.1499999999999986,3.992,-96.0,-6.342551231384277,954.0245361328125,10.482600000000001
2024-10-19 01:56:14,1972.5439453125,10.175065917968752,3.745,-1.0999999999999943,3.992,-96.0,-6.943984508514404,955.037353515625,14.102900000000002
2024-10-19 00:56:14,1969.4921875,10.146741333007814,3.744,-1.0999999999999943,3.992,-96.0,-5.87887716293335,954.8180541992188,12.323500000000001
2024-10-18 23:56:14,1963.388671875,10.083453369140624,3.745,-1.0999999999999943,3.992,-96.0,-5.419887542724609,955.0433349609375,15.045900000000001
2024-10-18 22:56:14,1957.28515625,10.022022705078125,3.744,-1.0999999999999943,3.992,-96.0,-4.965857028961182,955.0828857421875,12.733500000000001
2024-10-18 21:56:14,1948.1298828125,9.930730590820312,3.745,-1.0999999999999943,3.992,-96.0,-4.485336780548096,955.0568237304688,14.193100000000001
2024-10-18 20:56:14,1948.1298828125,9.935222778320313,3.744,-1.1499999999999986,3.992,-96.0,-4.146172046661377,954.6076049804688,15.0951
2024-10-18 19:56:14,1932.87109375,9.786105346679687,3.744,-1.1499999999999986,3.992,-97.0,-3.59405517578125,954.2605590820312,10.8229
2024-10-18 18:56:14,1929.8193359375,9.7564306640625,3.742,-1.0999999999999943,3.992,-97.0,-3.141860246658325,954.17626953125,15.5256
2024-10-18 17:56:14,1923.7158203125,9.702417602539063,3.743,-1.0999999999999943,3.992,-97.0,-2.3318188190460205,953.4740600585938,13.0492
2024-10-18 16:56:14,1914.560546875,9.619902343749999,3.743,-1.0999999999999943,3.992,-98.0,0.626708984375,952.5703125,11.757700000000002
2024-10-18 15:56:14,1905.4052734375,9.525026245117187,3.742,-1.0499999999999972,3.992,-97.0,-2.328967332839966,952.9026489257812,13.8405
2024-10-18 14:56:14,1902.353515625,9.490519409179687,3.744,-1.0999999999999943,3.992,-97.0,-3.583864688873291,953.3015747070312,13.758500000000002
2024-10-18 13:56:14,1899.3017578125,9.45954345703125,3.743,-1.0999999999999943,3.992,-96.0,-5.027265548706055,953.347412109375,16.132400000000004
2024-10-18 12:56:14,1887.0947265625,9.338743896484376,3.741,-1.1499999999999986,3.992,-92.0,-6.292761325836182,953.2203369140625,14.0906
2024-10-18 11:56:14,1877.939453125,9.248388061523437,3.741,-1.0999999999999943,3.992,-97.0,-7.427019119262695,953.1006469726562,11.433800000000002
2024-10-18 10:56:14,1868.7841796875,9.160687255859374,3.741,-1.1499999999999986,3.992,-97.0,-7.282468318939209,952.7154541015625,14.049600000000002
2024-10-18 09:56:14,1862.6806640625,9.110029296875,3.741,-1.0999999999999943,3.992,-96.0,-6.409799575805664,951.677734375,11.0607
2024-10-18 08:56:14,1853.525390625,9.022249755859375,3.741,-1.0999999999999943,3.992,-96.0,-6.084152698516846,951.3004150390625,13.877400000000002
2024-10-18 07:56:14,1841.318359375,8.9080859375,3.741,-1.0999999999999943,3.992,-96.0,-6.695368766784668,950.509765625,11.5896
2024-10-18 06:56:14,1829.111328125,8.793619384765625,3.741,-1.0999999999999943,3.992,-96.0,-5.875751972198486,949.7493896484375,15.0295
2024-10-18 05:56:14,1823.0078125,8.739271240234375,3.741,-1.1499999999999986,3.992,-96.0,-5.447534084320068,949.0806884765625,11.7003
2024-10-18 04:56:15,1813.8525390625,8.654862670898439,3.741,-1.0999999999999943,3.992,-96.0,-4.887536525726318,948.3662719726562,12.389100000000001
2024-10-18 03:56:15,1804.697265625,8.570708618164062,3.74,-1.0999999999999943,3.992,-96.0,-4.412177562713623,947.6264038085938,12.688400000000001
2024-10-18 02:56:15,1789.4384765625,8.423546752929687,3.74,-1.0999999999999943,3.992,-96.0,-4.044416427612305,947.0838012695312,11.278
2024-10-18 01:56:15,1783.3349609375,8.366179809570312,3.739,-1.1499999999999986,3.992,-97.0,-3.867805242538452,946.7169799804688,13.045100000000001
2024-10-18 00:56:15,1768.076171875,8.22242919921875,3.739,-1.0999999999999943,3.992,-101.0,-4.028928279876709,945.833251953125,13.262400000000001
2024-10-17 23:56:15,1743.662109375,7.984180297851562,3.738,-1.0999999999999943,3.992,-104.0,-3.556218147277832,945.2440795898438,12.200500000000002
2024-10-17 22:56:15,1728.4033203125,7.8378448486328125,3.738,-1.0999999999999943,3.989,-108.0,-3.383071184158325,944.6188354492188,10.2079
2024-10-17 21:56:15,1713.14453125,7.6875500488281245,3.737,-1.1499999999999986,3.992,-107.0,-3.4180541038513184,944.3895263671875,15.607600000000001
2024-10-17 20:56:15,1697.8857421875,7.539702758789062,3.737,-1.1499999999999986,3.992,-102.0,-3.225817918777466,943.9154663085938,15.5707
2024-10-17 19:56:15,1682.626953125,7.4039849853515625,3.737,-1.1499999999999986,3.992,-99.0,-1.4846923351287842,942.2284545898438,16.140600000000003
2024-10-17 18:56:15,1670.419921875,7.2900976562499995,3.736,-1.0999999999999943,3.992,-96.0,0.10692504793405533,941.41015625,15.009
2024-10-17 17:56:15,1667.3681640625,7.2635253906249995,3.735,-1.1499999999999986,3.995,-96.0,0.5303869843482971,941.015625,12.495700000000001
2024-10-17 16:56:15,1649.0576171875,7.085635375976562,3.735,-1.1499999999999986,3.992,-93.0,0.8284546136856079,940.4940795898438,15.6773
2024-10-17 15:56:15,1636.8505859375,6.963469848632813,3.734,-1.0999999999999943,3.992,-92.0,-0.25349974632263184,940.5036010742188,16.480900000000002
2024-10-17 14:56:15,1624.6435546875,6.839951782226562,3.734,-1.1499999999999986,3.992,-91.0,-1.7301146984100342,940.6483764648438,12.905700000000001
2024-10-17 13:56:15,1615.48828125,6.749006958007813,3.734,-1.0999999999999943,3.992,-90.0,-3.0450611114501953,940.5875854492188,12.426
2024-10-17 12:56:15,1603.28125,6.622932739257812,3.733,-1.1499999999999986,3.992,-89.0,-4.272924900054932,940.9879760742188,11.671600000000002
2024-10-17 11:56:15,1594.1259765625,6.527733154296875,3.732,-1.1499999999999986,3.992,-88.0,-5.468183517456055,941.3526611328125,15.1361
2024-10-17 10:56:15,1584.970703125,6.434534912109376,3.731,-1.0999999999999943,3.992,-88.0,-5.666464805603027,941.5172119140625,14.799900000000001
2024-10-17 09:56:15,1575.8154296875,6.345424804687499,3.73,-1.0999999999999943,3.992,-87.0,-5.5769362449646,941.27294921875,12.9631
2024-10-17 08:46:15,1560.556640625,6.19547119140625,3.73,-1.1499999999999986,3.992,-88.0,-5.279955863952637,941.009521484375,10.150500000000001
2024-10-17 07:46:15,1551.4013671875,6.10263916015625,3.73,-1.0999999999999943,3.992,-88.0,-5.191174507141113,941.137451171875,10.236600000000001
2024-10-17 06:46:15,1542.24609375,6.010966186523437,3.729,-1.0999999999999943,3.992,-87.0,-5.111223220825195,941.1494750976562,15.140200000000002
2024-10-17 05:46:14,1536.142578125,5.947445068359375,3.729,-1.0999999999999943,3.992,-87.0,-4.968710899353027,941.3980712890625,12.376800000000001
2024-10-17 04:46:15,1526.9873046875,5.8555224609375,3.728,-1.0999999999999943,3.992,-87.0,-4.823142051696777,941.43505859375,12.118500000000001
2024-10-17 03:46:15,1520.8837890625,5.789191894531251,3.728,-1.1499999999999986,3.992,-86.0,-4.791894435882568,941.964599609375,12.643300000000002
2024-10-17 02:46:15,1511.728515625,5.695988769531249,3.728,-1.1499999999999986,3.992,-84.0,-4.793932914733887,942.129638671875,15.091000000000001
2024-10-17 01:46:15,1508.6767578125,5.659429931640625,3.728,-1.0999999999999943,3.995,-84.0,-4.6548171043396,942.7337646484375,13.057400000000001
2024-10-17 00:46:15,1499.521484375,5.563576049804687,3.728,-1.0999999999999943,3.992,-84.0,-4.447976112365723,943.1638793945312,14.9967
2024-10-16 23:46:15,1490.3662109375,5.468754272460937,3.725,-1.1499999999999986,3.992,-84.0,-4.328220367431641,943.4907836914062,12.5736
2024-10-16 22:46:15,1484.2626953125,5.404816284179688,3.724,-1.0999999999999943,3.992,-84.0,-4.067648887634277,943.7810668945312,11.3108
2024-10-16 21:46:15,1478.1591796875,5.342052612304688,3.723,-1.1499999999999986,3.992,-84.0,-3.4999072551727295,943.9539184570312,11.401000000000002
2024-10-16 20:46:15,1465.9521484375,5.219884033203125,3.723,-1.1499999999999986,3.992,-84.0,-1.7954614162445068,943.9637451171875,11.368200000000002
2024-10-16 19:46:15,1465.9521484375,5.219447021484375,3.723,-1.1499999999999986,3.992,-86.0,-0.7438037395477295,944.0074462890625,15.3124
2024-10-16 18:46:15,1453.7451171875,5.096661987304687,3.722,-1.1499999999999986,3.995,-89.0,0.8764795064926147,944.0789184570312,12.1677
2024-10-16 17:46:15,1441.5380859375,4.9639990234375,3.722,-1.1499999999999986,3.992,-92.0,-0.6434741020202637,945.13818359375,16.480900000000002
2024-10-16 16:46:15,1438.486328125,4.9271783447265625,3.722,-1.0999999999999943,3.992,-96.0,-1.3241113424301147,945.7684936523438,11.401000000000002
2024-10-16 15:46:15,1429.3310546875,4.8275213623046875,3.722,-1.0999999999999943,3.992,-90.0,-0.945141613483429,946.5789184570312,14.0004
2024-10-16 14:46:15,1423.2275390625,4.758480224609375,3.721,-1.1499999999999986,3.992,-90.0,-1.8698437213897705,947.3795166015625,13.664200000000001
2024-10-16 13:46:15,1411.0205078125,4.6266021728515625,3.723,-1.1499999999999986,3.992,-93.0,-2.97509765625,948.3602905273438,13.9799
2024-10-16 12:46:15,1401.865234375,4.530588378906249,3.723,-1.0999999999999943,3.992,-96.0,-3.944155216217041,948.806396484375,14.094700000000001
2024-10-16 11:46:15,1398.8134765625,4.487122192382812,3.723,-1.1499999999999986,3.992,-91.0,-5.518383979797363,950.1012573242188,11.565000000000001
2024-10-16 10:46:15,1386.6064453125,4.357412719726562,3.723,-1.0999999999999943,3.992,-82.0,-5.674685001373291,950.8651733398438,14.365300000000001
2024-10-16 09:46:15,1383.5546875,4.324353637695313,3.724,-1.0999999999999943,3.992,-81.0,-5.541818618774414,951.1193237304688,14.5088
2024-10-16 08:46:15,1371.34765625,4.196370849609376,3.723,-1.0999999999999943,3.989,-81.0,-5.563554763793945,951.7105712890625,13.069700000000001
2024-10-16 07:46:15,1365.244140625,4.130759887695312,3.722,-1.0999999999999943,3.992,-87.0,-4.90084981918335,952.1681518554688,14.9311
2024-10-16 06:46:15,1365.244140625,4.128464965820312,3.722,-1.0999999999999943,3.992,-86.0,-4.291945934295654,952.3976440429688,13.004100000000001
2024-10-16 05:46:15,1346.93359375,3.9404876708984373,3.722,-1.0999999999999943,3.992,-85.0,-3.753413200378418,952.8848266601562,10.158700000000001
2024-10-16 04:46:15,1337.7783203125,3.84266845703125,3.722,-1.0999999999999943,3.992,-86.0,-3.666738271713257,953.511474609375,10.203800000000001
2024-10-16 03:46:15,1328.623046875,3.748054809570313,3.722,-1.0999999999999943,3.992,-85.0,-3.6092700958251953,953.8175659179688,11.011500000000002
2024-10-16 02:46:15,1310.3125,3.5601562499999995,3.721,-1.0999999999999943,3.992,-84.0,-3.8519091606140137,954.296875,14.0045
2024-10-16 01:46:16,1298.10546875,3.4363671875,3.719,-1.1499999999999986,3.992,-84.0,-3.4253222942352295,954.46875,14.861400000000001
2024-10-16 00:46:16,1288.9501953125,3.339862060546875,3.718,-1.0999999999999943,3.992,-84.0,-3.161015510559082,954.9639892578125,11.1181
2024-10-15 23:46:16,1273.69140625,3.185529174804688,3.714,-1.0999999999999943,3.992,-83.0,-2.9935059547424316,955.1384887695312,14.8573
2024-10-15 22:46:16,1261.484375,3.0613146972656247,3.703,-1.0999999999999943,3.992,-81.0,-3.1577539443969727,955.3529052734375,11.544500000000001
2024-10-15 21:46:16,1246.2255859375,2.9046130371093746,3.678,-1.0499999999999972,3.992,-87.0,-2.4696459770202637,955.7642822265625,11.187800000000001
2024-10-15 20:46:16,1224.86328125,2.6947436523437496,3.679,-1.1499999999999986,3.992,-86.0,-0.49498289823532104,955.388916015625,12.5736
2024-10-15 19:46:16,1203.5009765625,2.4911157226562497,3.68,-1.1499999999999986,3.992,-85.0,2.4366466999053955,954.389404296875,13.3321
2024-10-15 18:46:16,1188.2421875,2.3401330566406253,3.684,-1.0999999999999943,3.992,-87.0,3.6816272735595703,954.2288818359375,11.585500000000001
2024-10-15 17:46:16,1166.8798828125,2.1195642089843747,3.685,-1.0999999999999943,3.992,-88.0,3.0922179222106934,954.9234619140625,13.729800000000001
2024-10-15 16:46:16,1145.517578125,1.907477416992187,3.693,-1.0999999999999943,3.992,-90.0,4.043886661529541,954.7698364257812,14.258700000000001
2024-10-15 15:46:16,1130.2587890625,1.7487005615234374,3.877,-1.0999999999999943,3.992,-91.0,1.6867908239364624,955.3887329101562,13.988100000000001
2024-10-15 14:46:16,1108.896484375,1.52571044921875,3.984,-1.0999999999999943,3.992,-95.0,-0.7467920184135437,956.325439453125,11.524000000000001
2024-10-15 13:46:16,1093.6376953125,1.3703436279296877,3.985,-1.0999999999999943,3.992,-95.0,-1.332736849784851,956.6033325195312,14.631800000000002
2024-10-15 12:46:16,1084.482421875,1.2723822021484377,3.986,-1.1499999999999986,3.992,-96.0,-2.2091431617736816,957.2442016601562,10.3473
2024-10-15 11:46:16,1066.171875,1.088505249023437,3.987,-1.0999999999999943,3.992,-95.0,-2.5023193359375,957.3213500976562,14.968000000000002
2024-10-15 10:46:16,1053.96484375,0.9672937011718752,3.987,-1.1499999999999986,3.992,-96.0,-3.0104198455810547,957.2354736328125,14.517000000000001
2024-10-15 09:46:16,1041.7578125,0.8461834716796879,3.987,-1.1499999999999986,3.992,-96.0,-2.8695361614227295,957.1394653320312,10.613800000000001
2024-10-15 08:46:16,1023.447265625,0.6659887695312494,3.988,-1.0999999999999943,3.992,-96.0,-2.428889274597168,956.848388671875,14.529300000000001
2024-10-15 07:46:16,1014.2919921875,0.5741149902343745,3.987,-1.1499999999999986,3.992,-94.0,-2.218515634536743,956.8804931640625,12.8483
2024-10-15 06:36:16,1005.13671875,0.48080871582031226,3.988,-1.1499999999999986,3.992,-96.0,-1.994081974029541,957.0558471679688,14.471900000000002
2024-10-15 05:36:16,992.9296875,0.3630218505859373,3.987,-1.1499999999999986,3.992,-96.0,-1.8913769721984863,956.6275024414062,11.671600000000002
2024-10-15 04:36:16,986.826171875,0.29945007324218786,3.987,-1.0999999999999943,3.992,-96.0,-1.814548373222351,956.8811645507812,14.918800000000001
2024-10-15 03:36:16,980.72265625,0.24005615234374944,3.987,-1.1499999999999986,3.992,-96.0,-1.6949292421340942,956.717041015625,13.877400000000002
2024-10-15 02:36:16,968.515625,0.11501037597656194,3.987,-1.1999999999999957,3.992,-96.0,-1.7259032726287842,957.0145874023438,11.2247
2024-10-15 01:36:16,959.3603515625,0.024731445312500266,3.986,-1.0999999999999943,3.992,-96.0,-1.3328051567077637,956.88720703125,13.6478
2024-10-15 00:36:16,953.2568359375,-0.032532958984374805,3.986,-1.0499999999999972,3.992,-96.0,-0.8357104659080505,956.5101318359375,14.213600000000001
2024-10-14 23:36:16,950.205078125,-0.06009399414062533,3.987,-1.1499999999999986,3.992,-96.0,-0.6942163109779358,956.2144775390625,13.889700000000001
2024-10-14 22:36:16,953.2568359375,-0.02951293945312461,3.987,-1.1499999999999986,3.989,-96.0,-0.4758960008621216,956.2081298828125,14.5867
2024-10-14 21:36:16,950.205078125,-0.05488830566406255,3.987,-1.1499999999999986,3.992,-96.0,0.04035644605755806,955.6939086914062,15.0746
2024-10-14 20:36:16,953.2568359375,-0.020249633789062305,3.986,-1.1499999999999986,3.992,-96.0,0.43433716893196106,955.2817993164062,13.446900000000001
2024-10-14 19:36:16,953.2568359375,-0.014178466796874734,3.987,-1.0999999999999943,3.992,-96.0,0.8666980266571045,954.6746826171875,14.066
2024-10-14 18:36:16,953.2568359375,-0.012209472656250497,3.986,-1.0999999999999943,3.992,-96.0,1.0741491317749023,954.477783203125,15.894600000000002
2024-10-14 17:36:16,950.205078125,-0.03945678710937539,3.986,-1.0999999999999943,3.992,-96.0,1.0117919445037842,954.1507568359375,15.997100000000001
2024-10-14 16:36:16,950.205078125,-0.03736022949218709,3.986,-1.1499999999999986,3.992,-96.0,1.3625036478042603,953.9411010742188,13.0082
2024-10-14 15:36:16,950.205078125,-0.038855590820312536,3.986,-1.0999999999999943,3.989,-96.0,1.1673462390899658,954.0906372070312,14.172600000000001
2024-10-14 14:36:16,953.2568359375,-0.005850219726563077,3.986,-1.0999999999999943,3.992,-95.0,0.945086658000946,953.8418579101562,13.3649
2024-10-14 13:36:16,953.2568359375,-0.006766967773437216,3.986,-1.0999999999999943,3.992,-94.0,0.39432740211486816,953.9335327148438,14.020900000000001
2024-10-14 12:36:16,950.205078125,-0.037398681640624654,3.986,-1.1499999999999986,3.992,-95.0,-0.02268066443502903,953.9449462890625,10.5113
2024-10-14 11:36:16,953.2568359375,-0.002424316406249849,3.986,-1.1499999999999986,3.992,-95.0,-0.20601806044578552,953.499267578125,13.594500000000002
2024-10-14 10:36:16,953.2568359375,-0.002685546874999778,3.986,-1.1499999999999986,3.992,-95.0,-0.13924559950828552,953.525390625,14.377600000000001
2024-10-14 09:36:16,950.205078125,-0.029009399414062775,3.985,-1.1499999999999986,3.992,-95.0,-0.015073242597281933,953.1060180664062,10.253
2024-10-14 08:36:16,950.205078125,-0.02931091308593814,3.986,-1.1499999999999986,3.992,-94.0,0.10678955167531967,953.1361694335938,14.9434
2024-10-14 07:36:16,950.205078125,-0.026345825195313033,3.986,-1.0999999999999943,3.992,-95.0,0.19407714903354645,952.8396606445312,14.8122
2024-10-14 06:36:16,953.2568359375,0.008480224609375142,3.985,-1.0999999999999943,3.992,-95.0,0.2014123499393463,952.4088134765625,13.246
2024-10-14 05:36:17,950.205078125,-0.021175537109374698,3.985,-1.1499999999999986,3.992,-95.0,0.12635253369808197,952.3226318359375,14.623600000000001
2024-10-14 04:36:17,953.2568359375,0.012008056640624432,3.985,-1.0999999999999943,3.992,-95.0,0.14625488221645355,952.0560302734375,12.2497
2024-10-14 03:36:17,956.30859375,0.04087829589843772,3.986,-1.1499999999999986,3.992,-96.0,-0.09814941138029099,952.2207641601562,11.073
2024-10-14 02:36:17,947.1533203125,-0.05150024414062537,3.985,-1.0999999999999943,3.992,-96.0,-0.1432531774044037,952.3033447265625,10.5769
2024-10-14 01:36:17,950.205078125,-0.020027465820312562,3.985,-1.0999999999999943,3.995,-95.0,-0.0016235351795330644,952.2078247070312,12.298900000000001
2024-10-14 00:36:17,941.0498046875,-0.10914672851562557,3.985,-1.1499999999999986,3.992,-95.0,-0.8018139600753784,951.9644775390625,12.602300000000001
2024-10-13 23:36:17,950.205078125,-0.016576538085937287,3.985,-1.1999999999999957,3.992,-96.0,-1.7922680377960205,951.8627319335938,10.9418
2024-10-13 22:36:17,950.205078125,-0.01155700683593719,3.985,-1.1499999999999986,3.992,-95.0,-2.119885206222534,951.3607788085938,14.193100000000001
2024-10-13 21:36:17,950.205078125,-0.0001208496093751954,3.984,-1.1499999999999986,3.992,-95.0,-0.9591333270072937,950.2171630859375,15.0951
2024-10-13 20:36:17,950.205078125,0.014866333007812482,3.985,-1.1499999999999986,3.992,-95.0,2.1107287406921387,948.7184448242188,15.919200000000002
2024-10-13 19:36:17,947.1533203125,-0.005783691406250346,3.984,-1.1499999999999986,3.992,-95.0,4.676430702209473,947.731689453125,13.196800000000001
2024-10-13 18:36:17,947.1533203125,-0.000949707031250302,3.984,-1.1499999999999986,3.992,-95.0,5.952999114990234,947.248291015625,13.9717
2024-10-13 17:36:17,944.1015625,-0.026762695312499973,3.984,-1.0999999999999943,3.992,-96.0,5.975142955780029,946.77783203125,13.1927
2024-10-13 16:36:17,944.1015625,-0.02509521484374999,3.984,-1.1999999999999957,3.992,-95.0,5.137457370758057,946.611083984375,14.2177
2024-10-13 15:36:17,947.1533203125,0.005540771484374707,3.984,-1.1499999999999986,3.992,-95.0,4.182934761047363,946.5992431640625,13.9389
2024-10-13 14:36:17,947.1533203125,0.005787963867187607,3.984,-1.0999999999999943,3.995,-96.0,2.114328622817993,946.5745239257812,16.480900000000002
2024-10-13 13:36:17,944.1015625,-0.02392395019531257,3.984,-1.0999999999999943,3.992,-96.0,-0.18523193895816803,946.4939575195312,11.597800000000001
2024-10-13 12:36:17,944.1015625,-0.029693603515624778,3.984,-1.1499999999999986,3.992,-94.0,-2.988273859024048,947.0709228515625,13.6232
2024-10-13 11:36:17,944.1015625,-0.023820190429687527,3.984,-1.1499999999999986,3.992,-93.0,-3.673938035964966,946.4835815429688,14.496500000000001
2024-10-13 10:36:17,941.0498046875,-0.0501434326171879,3.984,-1.1499999999999986,3.992,-93.0,-3.4874072074890137,946.0641479492188,10.4252
2024-10-13 09:36:17,944.1015625,-0.01229736328125064,3.984,-1.0999999999999943,3.992,-93.0,-3.2460596561431885,945.331298828125,14.135700000000002
2024-10-13 08:36:17,941.0498046875,-0.039382324218749654,3.984,-1.1499999999999986,3.992,-94.0,-2.9067602157592773,944.988037109375,10.6056
2024-10-13 07:36:17,941.0498046875,-0.03596984863281305,3.984,-1.0999999999999943,3.992,-94.0,-2.614262580871582,944.6467895507812,12.8155
2024-10-13 06:36:17,941.0498046875,-0.0332983398437503,3.984,-1.1499999999999986,3.992,-95.0,-2.463803768157959,944.379638671875,12.786800000000001
2024-10-13 05:26:17,941.0498046875,-0.029655151367187216,3.984,-1.0999999999999943,3.995,-94.0,-2.525822639465332,944.0153198242188,11.638800000000002
2024-10-13 04:26:17,941.0498046875,-0.030333251953125195,3.984,-1.0999999999999943,3.992,-94.0,-2.253974676132202,944.0831298828125,15.107400000000002
2024-10-13 03:26:17,941.0498046875,-0.027561035156250524,3.984,-1.1499999999999986,3.992,-94.0,-2.130007266998291,943.805908203125,12.946700000000002
2024-10-13 02:26:17,941.0498046875,-0.03252197265624979,3.984,-1.0999999999999943,3.992,-95.0,-2.086735725402832,944.302001953125,13.541200000000002
2024-10-13 01:26:17,944.1015625,0.0009149169921873757,3.984,-1.1499999999999986,3.992,-94.0,-1.1539502143859863,944.0100708007812,13.4428
2024-10-13 00:26:17,941.0498046875,-0.031528320312500524,3.984,-1.0999999999999943,3.992,-95.0,-1.2436840534210205,944.20263671875,10.6835
2024-10-12 23:26:17,941.0498046875,-0.03347167968750009,3.984,-1.0999999999999943,3.992,-93.0,-0.7421044707298279,944.39697265625,15.0746
2024-10-12 22:26:17,941.0498046875,-0.037708129882813024,3.984,-1.0999999999999943,3.992,-94.0,-0.11689697206020355,944.8206176757812,12.516200000000001
2024-10-12 21:26:17,944.1015625,-0.0058453369140620826,3.984,-1.0999999999999943,3.992,-95.0,1.2255603075027466,944.6860961914062,15.107400000000002
2024-10-12 20:26:17,944.1015625,-0.0006658935546877132,3.984,-1.0999999999999943,3.992,-95.0,4.425369739532471,944.1681518554688,15.775700000000002
2024-10-12 19:26:17,941.0498046875,-0.031159667968749805,3.981,-1.1499999999999986,3.992,-95.0,6.631393909454346,944.165771484375,14.4883
2024-10-12 18:26:17,941.0498046875,-0.03269897460937532,3.981,-1.1499999999999986,3.992,-95.0,7.989203929901123,944.3197021484375,13.729800000000001
2024-10-12 17:26:17,947.1533203125,0.023072509765624805,3.984,-1.0999999999999943,3.992,-95.0,8.228649139404297,944.8460693359375,16.480900000000002
2024-10-12 16:26:17,944.1015625,-0.014371948242187793,3.984,-1.1499999999999986,3.992,-94.0,7.878413200378418,945.5387573242188,12.913900000000002
2024-10-12 15:26:17,947.1533203125,0.00812683105468781,3.981,-1.0999999999999943,3.992,-94.0,6.534189224243164,946.3406372070312,15.1689
2024-10-12 14:26:17,950.205078125,0.027896118164062456,3.98,-1.1499999999999986,3.992,-93.0,4.995555400848389,947.4154663085938,13.0738
2024-10-12 13:26:18,947.1533203125,-0.012799682617187225,3.98,-1.0999999999999943,3.992,-94.0,3.176788330078125,948.4332885742188,15.906900000000002
2024-10-12 12:26:18,950.205078125,0.008363037109374583,3.979,-1.1499999999999986,3.992,-93.0,1.6653258800506592,949.3687744140625,13.9594
2024-10-12 11:26:17,947.1533203125,-0.03192321777343743,3.979,-1.0999999999999943,3.992,-94.0,0.1442858874797821,950.3456420898438,13.414100000000001
2024-10-12 10:26:18,950.205078125,-0.007782592773437624,3.979,-1.1499999999999986,3.992,-94.0,0.0203857421875,950.9833374023438,11.380500000000001
2024-10-12 09:26:18,956.30859375,0.050391235351562313,3.979,-1.1499999999999986,3.992,-94.0,0.11310669034719467,951.2694702148438,13.0533
2024-10-12 08:26:18,950.205078125,-0.019098510742187047,3.979,-1.0999999999999943,3.989,-94.0,0.2558227479457855,952.1149291992188,11.852
2024-10-12 07:26:18,953.2568359375,0.007722778320312651,3.979,-1.0999999999999943,3.992,-94.0,0.08416992425918579,952.4845581054688,12.462900000000001
2024-10-12 06:26:18,953.2568359375,-0.0046722412109379,3.979,-1.0999999999999943,3.992,-93.0,-0.018061524257063866,953.7240600585938,14.443200000000001
2024-10-12 05:26:18,953.2568359375,-0.01192443847656266,3.979,-1.0999999999999943,3.992,-94.0,-0.23597411811351776,954.4492797851562,10.827
2024-10-12 04:26:18,953.2568359375,-0.02180603027343797,3.979,-1.1499999999999986,3.992,-94.0,-0.23386840522289276,955.4374389648438,13.963500000000002
2024-10-12 03:26:18,953.2568359375,-0.032044067382812624,3.979,-1.0999999999999943,3.992,-94.0,-0.2773425281047821,956.4612426757812,12.3071
2024-10-12 02:26:18,956.30859375,-0.00754455566406298,3.979,-1.0999999999999943,3.992,-94.0,-0.7008715867996216,957.0630493164062,11.7782
2024-10-12 01:26:18,953.2568359375,-0.04598266601562484,3.978,-1.0999999999999943,3.992,-94.0,-0.24018554389476776,957.8551025390625,13.897900000000002
2024-10-12 00:26:18,956.30859375,-0.02171264648437532,3.979,-1.0999999999999943,3.992,-94.0,0.3533679246902466,958.4798583984375,14.2505
2024-10-11 23:26:18,959.3603515625,0.0014379882812498579,3.978,-1.0999999999999943,3.992,-94.0,0.21683228015899658,959.216552734375,14.570300000000001
2024-10-11 22:26:19,959.3603515625,-0.007771606445312607,3.978,-1.0999999999999943,3.992,-94.0,0.06739135831594467,960.1375122070312,13.82
2024-10-11 21:26:19,959.3603515625,-0.012810668945312242,3.978,-1.1999999999999957,3.992,-94.0,0.6986449956893921,960.6414184570312,10.6507
2024-10-11 20:26:19,959.3603515625,-0.011310424804688024,3.978,-1.0999999999999943,3.992,-94.0,3.895261287689209,960.4913940429688,13.0943
2024-10-11 19:26:19,962.412109375,0.026285400390625435,3.978,-1.1499999999999986,3.992,-94.0,6.431142807006836,959.7835693359375,11.478900000000001
2024-10-11 18:26:19,959.3603515625,-0.011901245117187376,3.978,-1.0999999999999943,3.992,-94.0,7.485789775848389,960.5504760742188,16.480900000000002
2024-10-11 17:26:19,959.3603515625,-0.017976074218749583,3.978,-1.0999999999999943,3.992,-94.0,6.900999546051025,961.157958984375,13.6027
2024-10-11 16:26:19,959.3603515625,-0.029491577148437198,3.978,-1.0999999999999943,3.992,-94.0,5.412632942199707,962.3095092773438,16.480900000000002
2024-10-11 15:26:19,959.3603515625,-0.04036499023437501,3.978,-1.1499999999999986,3.992,-94.0,4.198354721069336,963.3968505859375,13.598600000000001
2024-10-11 14:26:19,962.412109375,-0.019080200195312758,3.978,-1.0999999999999943,3.992,-94.0,2.812762498855591,964.3201293945312,16.480900000000002
2024-10-11 13:26:19,962.412109375,-0.024605712890625187,3.978,-1.0999999999999943,3.992,-94.0,1.337030053138733,964.8726806640625,11.9258
2024-10-11 12:26:19,965.4638671875,0.0006457519531244404,3.978,-1.0999999999999943,3.992,-94.0,0.016376953572034836,965.3992919921875,16.4399
2024-10-11 11:26:19,968.515625,0.027952880859375417,3.978,-1.0999999999999943,3.992,-94.0,-1.36126708984375,965.7203369140625,14.935200000000002
2024-10-11 10:26:19,962.412109375,-0.03741333007812542,3.978,-1.1499999999999986,3.992,-94.0,-1.4088842868804932,966.1534423828125,12.905700000000001
2024-10-11 09:26:19,962.412109375,-0.03934692382812521,3.978,-1.0999999999999943,3.992,-94.0,-1.4040625095367432,966.3468017578125,13.492
2024-10-11 08:26:19,959.3603515625,-0.07408020019531225,3.979,-1.0999999999999943,3.992,-94.0,-1.6784228086471558,966.7683715820312,10.9008
2024-10-11 07:26:19,962.412109375,-0.04164978027343724,3.978,-1.0999999999999943,3.992,-94.0,-1.4473315477371216,966.5770874023438,13.069700000000001
2024-10-11 06:26:19,965.4638671875,-0.014973754882812162,3.978,-1.1499999999999986,3.992,-94.0,-1.2985010147094727,966.9612426757812,14.299700000000001
2024-10-11 05:26:18,965.4638671875,-0.018665771484375204,3.978,-1.0999999999999943,3.992,-93.0,-1.1413159370422363,967.3304443359375,12.950800000000001
2024-10-11 04:26:19,968.515625,0.009824218749999725,3.978,-1.1499999999999986,3.992,-93.0,-1.1001514196395874,967.533203125,12.795000000000002
2024-10-11 03:16:19,968.515625,0.007226562500000089,3.977,-1.0999999999999943,3.992,-94.0,-0.8135644793510437,967.79296875,11.868400000000001
2024-10-11 02:16:19,968.515625,0.005275878906250142,3.978,-1.1499999999999986,3.992,-94.0,-0.7692089676856995,967.988037109375,12.672
2024-10-11 01:16:19,968.515625,0.003597412109375142,3.978,-1.0999999999999943,3.992,-94.0,-0.5467431545257568,968.1558837890625,10.773700000000002
2024-10-11 00:16:19,965.4638671875,-0.028971557617187838,3.978,-1.0999999999999943,3.992,-94.0,-0.35505250096321106,968.3610229492188,15.2673
2024-10-10 23:16:19,965.4638671875,-0.028430175781249956,3.978,-1.0999999999999943,3.992,-95.0,0.026566162705421448,968.306884765625,11.843800000000002
2024-10-10 22:16:19,968.515625,-0.0007110595703130329,3.977,-1.1499999999999986,3.992,-94.0,0.44303223490715027,968.5867309570312,13.426400000000001
2024-10-10 21:16:19,965.4638671875,-0.02546936035156211,3.978,-1.0999999999999943,3.992,-94.0,1.8638781309127808,968.0108032226562,11.011500000000002
2024-10-10 20:16:19,968.515625,0.011007690429687411,3.977,-1.0999999999999943,3.992,-94.0,4.604766845703125,967.4148559570312,15.771600000000001
2024-10-10 19:16:19,968.515625,0.010396728515624787,3.977,-1.1499999999999986,3.992,-94.0,6.491599082946777,967.4759521484375,15.152500000000002
2024-10-10 18:16:19,968.515625,0.009657592773437695,3.977,-1.1499999999999986,3.992,-94.0,7.283365249633789,967.5498657226562,11.2124
2024-10-10 17:16:19,968.515625,0.005939331054687358,3.977,-1.0999999999999943,3.992,-94.0,6.596003532409668,967.9216918945312,13.5699
2024-10-10 16:16:19,971.5673828125,0.030891113281249494,3.976,-1.0999999999999943,3.992,-95.0,6.092998027801514,968.478271484375,11.847900000000001
2024-10-10 15:16:19,968.515625,-0.004312744140625435,3.977,-1.0999999999999943,3.992,-94.0,5.260202407836914,968.9468994140625,16.480900000000002
2024-10-10 14:16:19,968.515625,-0.007561035156250506,3.975,-1.1499999999999986,3.992,-95.0,4.440041542053223,969.271728515625,16.480900000000002
2024-10-10 13:16:19,968.515625,-0.013637695312500586,3.975,-1.1499999999999986,3.992,-94.0,3.2921972274780273,969.87939453125,11.704400000000001
2024-10-10 12:16:19,968.515625,-0.019073486328125,3.974,-1.1499999999999986,3.992,-95.0,1.4120227098464966,970.4229736328125,11.856100000000001
2024-10-10 11:16:19,968.515625,-0.021638793945312207,3.975,-1.1499999999999986,3.992,-94.0,1.076391577720642,970.6795043945312,11.392800000000001
2024-10-10 10:16:19,974.619140625,0.037528686523436994,3.974,-1.0999999999999943,3.995,-95.0,1.5569812059402466,970.8662719726562,14.4883
2024-10-10 09:16:19,968.515625,-0.023610839843749565,3.974,-1.0999999999999943,3.992,-95.0,2.060190439224243,970.876708984375,12.774500000000002
2024-10-10 08:16:19,968.515625,-0.024317016601562713,3.974,-1.1499999999999986,3.992,-94.0,2.2321155071258545,970.9473266601562,10.5195
2024-10-10 07:16:19,968.515625,-0.02944519042968774,3.973,-1.0999999999999943,3.992,-95.0,2.722554922103882,971.4601440429688,15.033600000000002
2024-10-10 06:16:19,968.515625,-0.03216735839843721,3.973,-1.1499999999999986,3.992,-95.0,2.9954211711883545,971.7323608398438,11.7659
2024-10-10 05:16:19,974.619140625,0.02592590332031186,3.973,-1.0999999999999943,3.992,-95.0,3.1259777545928955,972.0265502929688,15.144300000000001
2024-10-10 04:16:19,977.6708984375,0.04997802734375001,3.973,-1.0999999999999943,3.992,-95.0,3.002960205078125,972.673095703125,14.988500000000002
2024-10-10 03:16:19,974.619140625,0.014063110351562047,3.971,-1.0999999999999943,3.992,-95.0,3.199747323989868,973.2128295898438,11.4707
2024-10-10 02:16:19,977.6708984375,0.03844360351562437,3.97,-1.0999999999999943,3.992,-94.0,3.073606014251709,973.8265380859375,12.827800000000002
2024-10-10 01:16:19,974.619140625,0.002460327148436914,3.968,-1.0999999999999943,3.992,-95.0,3.3639965057373047,974.3731079101562,12.4998
2024-10-10 00:16:19,971.5673828125,-0.03473083496093765,3.966,-1.1499999999999986,3.992,-95.0,3.317941904067993,975.0404663085938,10.3145
2024-10-09 23:16:19,977.6708984375,0.02179199218749983,3.965,-1.0999999999999943,3.992,-95.0,3.2871031761169434,975.49169921875,14.750700000000002
2024-10-09 22:16:19,977.6708984375,0.021130981445312003,3.964,-1.0999999999999943,3.992,-95.0,3.375544548034668,975.5578002929688,15.000800000000002
2024-10-09 21:16:19,977.6708984375,0.015840454101562207,3.962,-1.0999999999999943,3.992,-95.0,3.7096142768859863,976.0868530273438,10.937700000000001
2024-10-09 20:16:19,977.6708984375,0.013124389648437873,3.963,-1.1499999999999986,3.992,-94.0,4.428630352020264,976.3584594726562,10.568700000000002
2024-10-09 19:16:19,977.6708984375,0.010204467773436976,3.962,-1.0999999999999943,3.992,-95.0,4.947802543640137,976.6504516601562,10.8352
2024-10-09 18:16:19,977.6708984375,0.007722778320312651,3.962,-1.1499999999999986,3.992,-95.0,4.557693004608154,976.8986206054688,10.7491
2024-10-09 17:16:19,980.72265625,0.03345458984374994,3.962,-1.0999999999999943,3.989,-94.0,4.350377082824707,977.377197265625,15.05
2024-10-09 16:16:19,977.6708984375,-0.0012365722656249023,3.962,-1.1499999999999986,3.989,-95.0,4.409271240234375,977.7945556640625,14.512900000000002
2024-10-09 15:16:19,980.72265625,0.02602050781249976,3.962,-1.0999999999999943,3.995,-94.0,4.561904430389404,978.12060546875,13.82
2024-10-09 14:16:19,977.6708984375,-0.008297119140625586,3.962,-1.1499999999999986,3.992,-95.0,3.3718762397766113,978.5006103515625,10.9623
2024-10-09 13:16:19,977.6708984375,-0.010952148437499698,3.963,-1.1999999999999957,3.992,-94.0,2.7567224502563477,978.76611328125,10.806500000000002
2024-10-09 12:16:19,977.6708984375,-0.008506469726562438,3.963,-1.0999999999999943,3.992,-95.0,2.345487117767334,978.5215454101562,11.856100000000001
2024-10-09 11:16:19,977.6708984375,-0.008561401367187527,3.963,-1.0999999999999943,3.992,-94.0,2.1003355979919434,978.5270385742188,10.9418
2024-10-09 10:16:19,977.6708984375,-0.007592773437500311,3.965,-1.0999999999999943,3.992,-95.0,1.8241406679153442,978.43017578125,13.9717
2024-10-09 09:16:20,977.6708984375,-0.004928588867187944,3.965,-1.0999999999999943,3.992,-94.0,1.4376989603042603,978.1637573242188,11.425600000000001
2024-10-09 08:16:20,980.72265625,0.02450317382812539,3.966,-1.0999999999999943,3.992,-94.0,0.9103759527206421,978.2723388671875,10.6425
2024-10-09 07:16:19,977.6708984375,-0.006053466796874796,3.966,-1.0999999999999943,3.992,-95.0,-0.3423498570919037,978.2762451171875,14.7712
2024-10-09 06:16:20,980.72265625,0.026665649414062687,3.966,-1.0999999999999943,3.992,-95.0,-0.45313966274261475,978.0560913085938,12.147200000000002
2024-10-09 05:16:20,980.72265625,0.029968872070312846,3.968,-1.0999999999999943,3.992,-94.0,-0.5678027272224426,977.7257690429688,13.287
2024-10-09 04:16:19,977.6708984375,0.004185791015625107,3.968,-1.1499999999999986,3.992,-95.0,-0.33705079555511475,977.2523193359375,12.991800000000001
2024-10-09 03:16:20,977.6708984375,0.006275634765624538,3.968,-1.1499999999999986,3.992,-95.0,-0.4360900819301605,977.0433349609375,12.8155
2024-10-09 02:16:20,974.619140625,-0.016186523437500266,3.969,-1.1499999999999986,3.992,-93.0,-0.38623046875,976.23779296875,12.979500000000002
2024-10-09 01:06:20,977.6708984375,0.01647399902343749,3.969,-1.0999999999999943,3.992,-94.0,0.06691528111696243,976.0234985351562,14.6072
2024-10-09 00:06:20,974.619140625,-0.007178344726562758,3.97,-1.0999999999999943,3.992,-95.0,0.4329785108566284,975.3369750976562,15.173000000000002
2024-10-08 23:06:20,977.6708984375,0.02853088378906188,3.97,-1.1499999999999986,3.992,-94.0,0.956634521484375,974.8178100585938,14.9229
2024-10-08 22:06:20,971.5673828125,-0.02901855468749992,3.97,-1.1499999999999986,3.992,-94.0,1.765994906425476,974.46923828125,14.631800000000002
2024-10-08 21:06:20,974.619140625,0.006561889648437624,3.971,-1.1499999999999986,3.992,-95.0,3.9155712127685547,973.9629516601562,14.5662
2024-10-08 20:06:20,974.619140625,0.016004028320312225,3.97,-1.1499999999999986,3.992,-95.0,6.70944356918335,973.0187377929688,14.939300000000001
2024-10-08 19:06:20,977.6708984375,0.051804199218750124,3.971,-1.1499999999999986,3.992,-95.0,8.500496864318848,972.490478515625,14.4678
2024-10-08 18:06:20,968.515625,-0.03768615722656299,3.972,-1.1499999999999986,3.992,-95.0,9.347285270690918,972.2842407226562,16.152900000000002
2024-10-08 17:06:20,977.6708984375,0.05231811523437546,3.972,-1.0999999999999943,3.992,-94.0,9.046500205993652,972.4390869140625,14.074200000000001
2024-10-08 16:06:20,971.5673828125,-0.009086914062500506,3.972,-1.1499999999999986,3.992,-94.0,7.884118556976318,972.47607421875,13.4387
2024-10-08 15:06:20,971.5673828125,-0.013123168945312624,3.973,-1.0999999999999943,3.992,-94.0,6.75617790222168,972.8796997070312,16.480900000000002
2024-10-08 14:06:20,974.619140625,0.013668212890625142,3.973,-1.1499999999999986,3.992,-95.0,5.051053524017334,973.2523193359375,13.512500000000001
2024-10-08 13:06:20,971.5673828125,-0.016901245117187935,3.973,-1.0999999999999943,3.992,-95.0,3.4154186248779297,973.2575073242188,12.303
2024-10-08 12:06:20,974.619140625,0.009161987304687758,3.974,-1.1499999999999986,3.992,-94.0,1.815310001373291,973.7029418945312,11.610100000000001
2024-10-08 11:06:20,977.6708984375,0.03503295898437453,3.974,-1.1499999999999986,3.992,-94.0,0.45817992091178894,974.1676025390625,15.107400000000002
2024-10-08 10:06:20,971.5673828125,-0.025045166015624787,3.975,-1.1499999999999986,3.992,-94.0,0.39290159940719604,974.0718994140625,14.939300000000001
2024-10-08 09:06:20,974.619140625,0.005128784179687651,3.975,-1.0999999999999943,3.992,-94.0,0.3613830506801605,974.1062622070312,15.107400000000002
2024-10-08 08:06:20,968.515625,-0.05560180664062497,3.977,-1.1499999999999986,3.992,-94.0,0.6879797577857971,974.0758056640625,14.266900000000001
2024-10-08 07:06:20,971.5673828125,-0.025615234375000462,3.976,-1.0999999999999943,3.992,-94.0,0.6076208353042603,974.12890625,10.4457
2024-10-08 06:06:20,971.5673828125,-0.025169677734374618,3.977,-1.0999999999999943,3.992,-94.0,0.9323168992996216,974.0843505859375,14.635900000000001
2024-10-08 05:06:20,974.619140625,0.004205322265624645,3.977,-1.0999999999999943,3.992,-95.0,0.9990893602371216,974.1986083984375,14.816300000000002
2024-10-08 04:06:20,971.5673828125,-0.026965332031250178,3.978,-1.1499999999999986,3.992,-94.0,1.4530518054962158,974.263916015625,13.262400000000001
2024-10-08 03:06:20,977.6708984375,0.03573547363281193,3.978,-1.0999999999999943,3.992,-94.0,1.4991064071655273,974.0973510742188,14.656400000000001
2024-10-08 02:06:20,971.5673828125,-0.02721984863281235,3.978,-1.1499999999999986,3.992,-94.0,1.6283044815063477,974.2893676757812,14.0578
2024-10-08 01:06:20,977.6708984375,0.031593627929686896,3.978,-1.0999999999999943,3.992,-94.0,1.620424747467041,974.5115356445312,13.217300000000002
2024-10-08 00:06:20,974.619140625,-0.0030682373046875266,3.978,-1.1499999999999986,3.992,-94.0,1.7768627405166626,974.9259643554688,15.1689
2024-10-07 23:06:20,974.619140625,-0.0064898681640623845,3.978,-1.1499999999999986,3.992,-94.0,1.8723022937774658,975.2681274414062,11.888900000000001
2024-10-07 22:06:20,977.6708984375,0.020130615234374982,3.979,-1.0999999999999943,3.992,-94.0,2.117724657058716,975.6578369140625,14.8122
2024-10-07 21:06:20,977.6708984375,0.022940063476561967,3.978,-1.0999999999999943,3.992,-95.0,3.9926013946533203,975.3768920898438,12.680200000000001
2024-10-07 20:06:20,971.5673828125,-0.03388427734374977,3.979,-1.1499999999999986,3.989,-94.0,6.911120414733887,974.955810546875,14.2095
2024-10-07 19:06:20,977.6708984375,0.025915527343749467,3.978,-1.0999999999999943,3.992,-94.0,7.588021278381348,975.079345703125,16.480900000000002
2024-10-07 18:06:20,977.6708984375,0.023701171875000204,3.979,-1.1499999999999986,3.992,-94.0,7.57559061050415,975.30078125,11.511700000000001
2024-10-07 17:06:20,977.6708984375,0.020574340820312953,3.979,-1.1499999999999986,3.992,-94.0,6.917845249176025,975.6134643554688,13.4305
2024-10-07 16:06:20,977.6708984375,0.014956054687499387,3.979,-1.0999999999999943,3.992,-95.0,6.086341381072998,976.17529296875,11.3231
2024-10-07 15:06:20,977.6708984375,0.010296630859374378,3.979,-1.0999999999999943,3.992,-94.0,5.536533355712891,976.6412353515625,15.3001
2024-10-07 14:06:20,977.6708984375,0.0045996093750000355,3.979,-1.0999999999999943,3.992,-95.0,4.117860317230225,977.2109375,14.873700000000001
2024-10-07 13:06:20,980.72265625,0.029788818359375302,3.979,-1.0999999999999943,3.992,-95.0,3.108792781829834,977.7437744140625,11.7536
2024-10-07 12:06:20,977.6708984375,-0.006350097656250275,3.979,-1.0999999999999943,3.992,-95.0,2.1014904975891113,978.305908203125,11.405100000000001
2024-10-07 11:06:20,980.72265625,0.021765747070312536,3.979,-1.0999999999999943,3.992,-94.0,2.377413272857666,978.5460815429688,12.6105
2024-10-07 10:06:20,980.72265625,0.021456298828125275,3.979,-1.0999999999999943,3.992,-95.0,2.232523202896118,978.5770263671875,15.119700000000002
2024-10-07 09:06:21,977.6708984375,-0.00937988281250024,3.979,-1.1499999999999986,3.992,-95.0,2.0393359661102295,978.60888671875,13.988100000000001
2024-10-07 08:06:21,977.6708984375,-0.011290893554687376,3.979,-1.1499999999999986,3.992,-95.0,1.858919620513916,978.7999877929688,10.7286
2024-10-07 07:06:21,980.72265625,0.023607788085937553,3.98,-1.0999999999999943,3.992,-95.0,2.077239990234375,978.3618774414062,10.658900000000001
2024-10-07 06:06:21,977.6708984375,-0.003623657226562438,3.98,-1.0999999999999943,3.992,-95.0,2.0630431175231934,978.0332641601562,13.758500000000002
2024-10-07 05:06:21,980.72265625,0.02698425292968709,3.981,-1.0999999999999943,3.992,-95.0,2.362332820892334,978.0242309570312,14.4227
2024-10-07 04:06:21,977.6708984375,-0.001998901367187278,3.981,-1.1499999999999986,3.992,-95.0,1.9896130561828613,977.8707885742188,13.717500000000001
2024-10-07 02:06:21,980.72265625,0.028092041015624902,3.984,-1.0999999999999943,3.992,-95.0,2.0478954315185547,977.9134521484375,13.725700000000002
2024-10-07 01:06:20,974.619140625,-0.028797607421875426,3.984,-1.1499999999999986,3.992,-95.0,1.5468591451644897,977.4989013671875,10.732700000000001
2024-10-07 00:06:20,977.6708984375,0.0026635742187497424,3.984,-1.0999999999999943,3.992,-95.0,1.522405982017517,977.404541015625,12.979500000000002
2024-10-06 22:56:21,974.619140625,-0.02341796875000024,3.984,-1.1499999999999986,3.992,-95.0,1.7820250988006592,976.9609375,12.557200000000002
2024-10-06 21:56:21,977.6708984375,0.011388549804687287,3.984,-1.0999999999999943,3.992,-94.0,2.5545008182525635,976.5320434570312,10.806500000000002
2024-10-06 20:56:22,977.6708984375,0.016374511718749707,3.984,-1.0999999999999943,3.992,-95.0,4.334482192993164,976.033447265625,10.6425
2024-10-06 19:56:21,977.6708984375,0.027630615234375266,3.984,-1.0999999999999943,3.989,-95.0,7.954017162322998,974.9078369140625,12.8155
2024-10-06 18:56:21,977.6708984375,0.03623107910156187,3.984,-1.1499999999999986,3.992,-95.0,10.100264549255371,974.0477905273438,13.282900000000001
2024-10-06 17:56:22,977.6708984375,0.037374877929687855,3.984,-1.0999999999999943,3.992,-95.0,10.878107070922852,973.9334106445312,11.7454
2024-10-06 16:56:22,977.6708984375,0.0388916015624996,3.984,-1.0999999999999943,3.992,-95.0,10.578205108642578,973.78173828125,13.434600000000001
2024-10-06 15:56:22,977.6708984375,0.04124511718749946,3.984,-1.0999999999999943,3.992,-94.0,10.117518424987793,973.54638671875,15.8618
2024-10-06 14:56:22,974.619140625,0.00822570800781186,3.984,-1.1499999999999986,3.992,-95.0,8.635876655578613,973.7965698242188,13.9922
2024-10-06 13:56:22,977.6708984375,0.037998046874999636,3.984,-1.0999999999999943,3.992,-95.0,6.908471584320068,973.87109375,13.7093
2024-10-06 12:56:22,974.619140625,0.004453735351562793,3.984,-1.0999999999999943,3.992,-95.0,5.585440635681152,974.1737670898438,14.139800000000001
2024-10-06 11:56:22,974.619140625,0.005119628906249396,3.984,-1.1499999999999986,3.992,-95.0,3.634282112121582,974.107177734375,13.7749
2024-10-06 10:56:22,974.619140625,0.006341552734374645,3.984,-1.0999999999999943,3.992,-95.0,2.8855810165405273,973.9849853515625,14.927000000000001
2024-10-06 09:56:22,971.5673828125,-0.022399902343750444,3.984,-1.0999999999999943,3.992,-95.0,3.2450549602508545,973.807373046875,11.1591
2024-10-06 08:56:22,974.619140625,0.008705444335936896,3.984,-1.0999999999999943,3.992,-95.0,3.978269100189209,973.7485961914062,12.2948
2024-10-06 07:56:22,977.6708984375,0.04289001464843789,3.984,-1.0999999999999943,3.992,-95.0,3.733184814453125,973.3818969726562,13.664200000000001
2024-10-06 06:56:22,974.619140625,0.016096191406249627,3.984,-1.0999999999999943,3.992,-95.0,3.754310369491577,973.009521484375,12.462900000000001
2024-10-06 05:56:22,974.619140625,0.016110229492187766,3.984,-1.1499999999999986,3.992,-95.0,3.6876049041748047,973.0081176757812,12.622800000000002
2024-10-06 04:56:22,971.5673828125,-0.013051147460937385,3.984,-1.1499999999999986,3.992,-95.0,4.0188889503479,972.8724975585938,12.200500000000002
2024-10-06 03:56:22,971.5673828125,-0.009558715820312536,3.984,-1.0999999999999943,3.992,-95.0,4.288630485534668,972.5232543945312,14.5744
2024-10-06 02:56:22,977.6708984375,0.05232604980468736,3.984,-1.0999999999999943,3.989,-95.0,4.64008903503418,972.4382934570312,11.3559
2024-10-06 01:56:22,974.619140625,0.026416625976561914,3.984,-1.1499999999999986,3.992,-95.0,5.023201942443848,971.9774780273438,15.2673
2024-10-06 00:56:22,974.619140625,0.023746337890624414,3.985,-1.0999999999999943,3.992,-95.0,5.16265869140625,972.2445068359375,14.324300000000001
2024-10-05 23:56:21,977.6708984375,0.05647155761718703,3.985,-1.0999999999999943,3.992,-94.0,5.446053504943848,972.0237426757812,10.8762
2024-10-05 22:56:21,971.5673828125,0.002481689453125435,3.984,-1.0999999999999943,3.992,-95.0,6.957176685333252,971.3192138671875,13.455100000000002
2024-10-05 21:56:22,974.619140625,0.029696044921875275,3.985,-1.0999999999999943,3.992,-96.0,6.804746150970459,971.6495361328125,11.5281
2024-10-05 20:56:22,968.515625,-0.027471923828125133,3.984,-1.1499999999999986,3.992,-95.0,8.412801742553711,971.2628173828125,11.7413
2024-10-05 19:56:22,968.515625,-0.024081420898437456,3.985,-1.0999999999999943,3.992,-95.0,10.16201114654541,970.9237670898438,15.984800000000002
2024-10-05 18:56:22,971.5673828125,0.010283203124999973,3.985,-1.0999999999999943,3.992,-96.0,11.258366584777832,970.5390625,16.378400000000003
2024-10-05 17:56:22,974.619140625,0.048181762695312935,3.985,-1.0999999999999943,3.992,-96.0,10.988556861877441,969.8009643554688,11.4625
2024-10-05 16:56:22,977.6708984375,0.0742498779296874,3.985,-1.1499999999999986,3.992,-96.0,10.88612174987793,970.2459106445312,14.205400000000001
2024-10-05 15:56:22,971.5673828125,0.014931640624999964,3.985,-1.0999999999999943,3.992,-95.0,10.37829303741455,970.07421875,13.6355
2024-10-05 14:56:21,977.6708984375,0.07134033203125001,3.986,-1.1499999999999986,3.992,-95.0,8.838573455810547,970.536865234375,11.3846
2024-10-05 13:56:21,971.5673828125,0.01185668945312468,3.986,-1.1499999999999986,3.992,-96.0,6.522098541259766,970.3817138671875,15.197600000000001
2024-10-05 12:56:21,974.619140625,0.03928833007812438,3.986,-1.0999999999999943,3.989,-96.0,4.539759635925293,970.6903076171875,16.480900000000002
2024-10-05 11:56:21,974.619140625,0.03317138671874997,3.986,-1.0999999999999943,3.992,-96.0,2.377548933029175,971.302001953125,13.758500000000002
2024-10-05 10:56:22,971.5673828125,0.004030151367186985,3.986,-1.1499999999999986,3.992,-95.0,0.8594982624053955,971.1643676757812,13.7421
2024-10-05 09:56:22,968.515625,-0.025406494140625124,3.986,-1.0999999999999943,3.992,-96.0,1.7642284631729126,971.0562744140625,13.492
2024-10-05 08:56:22,968.515625,-0.022945556640625586,3.986,-1.1499999999999986,3.992,-96.0,1.8018603324890137,970.8101806640625,15.066400000000002
2024-10-05 07:56:22,974.619140625,0.04110717773437522,3.986,-1.1499999999999986,3.992,-95.0,1.8132727146148682,970.5084228515625,14.6277
2024-10-05 06:56:22,971.5673828125,0.011467285156250284,3.986,-1.0999999999999943,3.992,-96.0,1.761511206626892,970.420654296875,15.0746
2024-10-05 05:56:23,968.515625,-0.01824829101562564,3.986,-1.1499999999999986,3.992,-95.0,1.909390926361084,970.3404541015625,13.717500000000001
2024-10-05 04:56:23,971.5673828125,0.010120849609375204,3.987,-1.1499999999999986,3.992,-95.0,1.9121752977371216,970.5552978515625,10.9213
2024-10-05 03:56:23,971.5673828125,0.008492431640625409,3.987,-1.1499999999999986,3.992,-95.0,2.3268749713897705,970.7181396484375,12.6843
2024-10-05 02:56:23,968.515625,-0.022413940429687473,3.986,-1.1499999999999986,3.992,-96.0,2.3925609588623047,970.7570190429688,11.7085
2024-10-05 01:56:23,971.5673828125,0.008397216796874885,3.987,-1.1499999999999986,3.992,-96.0,2.3386266231536865,970.7276611328125,15.2017
2024-10-05 00:56:23,968.515625,-0.0252716064453129,3.987,-1.0999999999999943,3.992,-96.0,2.3107080459594727,971.0427856445312,11.856100000000001
2024-10-04 23:56:23,974.619140625,0.037235107421874636,3.987,-1.0999999999999943,3.992,-96.0,2.4394311904907227,970.8956298828125,10.7081
2024-10-04 22:56:22,968.515625,-0.02491577148437507,3.987,-1.1499999999999986,3.992,-96.0,2.802098274230957,971.0072021484375,15.734700000000002
2024-10-04 21:56:22,977.6708984375,0.06627929687500034,3.987,-1.0999999999999943,3.992,-96.0,3.903208017349243,971.04296875,13.0492
2024-10-04 20:46:23,971.5673828125,0.008436279296875071,3.988,-1.1499999999999986,3.992,-96.0,6.924231052398682,970.7237548828125,10.7081
2024-10-04 19:46:23,974.619140625,0.03955261230468743,3.987,-1.0999999999999943,3.989,-95.0,9.248178482055664,970.6638793945312,13.41
2024-10-04 18:46:23,968.515625,-0.02137939453125015,3.988,-1.1499999999999986,3.992,-96.0,10.230550765991211,970.653564453125,12.298900000000001
2024-10-04 17:46:23,971.5673828125,0.008513183593750195,3.988,-1.1499999999999986,3.992,-96.0,10.548316955566406,970.716064453125,12.5326
2024-10-04 16:46:23,968.515625,-0.026682739257812838,3.988,-1.1499999999999986,3.992,-96.0,10.547162055969238,971.1838989257812,16.480900000000002
2024-10-04 15:46:23,974.619140625,0.026822509765624947,3.988,-1.0999999999999943,3.992,-96.0,9.76959228515625,971.9368896484375,14.664600000000002
2024-10-04 14:46:23,977.6708984375,0.051835327148437305,3.988,-1.1499999999999986,3.992,-96.0,8.089735984802246,972.4873657226562,12.376800000000001
2024-10-04 13:46:23,977.6708984375,0.046907348632811985,3.988,-1.1499999999999986,3.992,-96.0,6.755023002624512,972.9801635742188,16.480900000000002
2024-10-04 12:46:23,977.6708984375,0.04260437011718743,3.988,-1.1499999999999986,3.992,-96.0,5.441094875335693,973.4104614257812,16.480900000000002
2024-10-04 11:46:23,977.6708984375,0.034722900390624645,3.988,-1.0999999999999943,3.992,-96.0,3.045619010925293,974.1986083984375,10.917200000000001
2024-10-04 10:46:23,971.5673828125,-0.02914978027343751,3.989,-1.1499999999999986,3.992,-96.0,2.431076765060425,974.4823608398438,15.058200000000001
2024-10-04 09:46:23,977.6708984375,0.03541198730468764,3.989,-1.1499999999999986,3.992,-96.0,3.056488037109375,974.1296997070312,11.565000000000001
2024-10-04 08:46:23,974.619140625,0.004304199218749805,3.989,-1.1999999999999957,3.989,-96.0,3.379145622253418,974.188720703125,13.9266
2024-10-04 07:46:23,977.6708984375,0.03247619628906295,3.989,-1.0999999999999943,3.992,-96.0,3.742966413497925,974.4232788085938,12.7704
2024-10-04 06:46:23,974.619140625,0.0005712890624998135,3.989,-1.1499999999999986,3.992,-96.0,4.017938137054443,974.56201171875,10.7819
2024-10-04 05:46:23,980.72265625,0.057920532226561905,3.989,-1.0999999999999943,3.992,-96.0,4.287543773651123,974.9306030273438,11.647
2024-10-04 04:46:23,974.619140625,-0.006297607421874574,3.989,-1.0999999999999943,3.992,-96.0,4.725474834442139,975.2489013671875,14.644100000000002
2024-10-04 03:46:23,977.6708984375,0.020118408203124716,3.989,-1.1499999999999986,3.992,-96.0,5.339067459106445,975.6590576171875,10.593300000000001
2024-10-04 02:46:23,980.72265625,0.049572143554686976,3.989,-1.0999999999999943,3.992,-95.0,5.607450008392334,975.7654418945312,11.073
2024-10-04 01:46:23,977.6708984375,0.02082946777343775,3.99,-1.1499999999999986,3.992,-95.0,6.2044677734375,975.5879516601562,13.012300000000002
2024-10-04 00:46:23,977.6708984375,0.02280883789062438,3.989,-1.0999999999999943,3.992,-95.0,6.54913330078125,975.3900146484375,15.004900000000001
2024-10-03 23:46:23,977.6708984375,0.026399536132812873,3.989,-1.0999999999999943,3.992,-95.0,7.294166088104248,975.0309448242188,14.742500000000001
2024-10-03 22:46:23,977.6708984375,0.029029541015624938,3.989,-1.1499999999999986,3.992,-96.0,8.028125762939453,974.7679443359375,15.0172
2024-10-03 21:46:22,977.6708984375,0.031105957031249964,3.989,-1.1499999999999986,3.992,-95.0,8.437051773071289,974.560302734375,12.4998
2024-10-03 20:46:22,977.6708984375,0.03586364746093751,3.99,-1.0999999999999943,3.992,-96.0,8.846248626708984,974.0845336914062,10.7245
2024-10-03 19:46:23,977.6708984375,0.04097290039062451,3.99,-1.1499999999999986,3.992,-96.0,9.474445343017578,973.5736083984375,12.721200000000001
2024-10-03 18:46:23,968.515625,-0.04407348632812558,3.99,-1.1499999999999986,3.992,-95.0,8.953032493591309,972.9229736328125,16.075000000000003
2024-10-03 17:46:23,977.6708984375,0.050080566406249805,3.99,-1.1499999999999986,3.992,-96.0,9.623274803161621,972.662841796875,15.0295
2024-10-03 16:46:24,974.619140625,0.017114868164062047,3.99,-1.0999999999999943,3.992,-96.0,9.07618522644043,972.9076538085938,13.0943
2024-10-03 15:46:23,968.515625,-0.043406372070312615,3.99,-1.1499999999999986,3.992,-96.0,8.791499137878418,972.8562622070312,16.034000000000002
2024-10-03 14:46:23,977.6708984375,0.044075927734374964,3.99,-1.0999999999999943,3.989,-96.0,7.952386379241943,973.2633056640625,12.057
2024-10-03 13:46:23,977.6708984375,0.03998229980468726,3.991,-1.0999999999999943,3.992,-96.0,8.093947410583496,973.6726684570312,12.9631
2024-10-03 12:46:23,977.6708984375,0.04089050292968688,3.99,-1.1499999999999986,3.992,-96.0,8.457497596740723,973.5818481445312,10.687600000000002
2024-10-03 11:46:23,977.6708984375,0.04025878906249947,3.991,-1.0999999999999943,3.992,-96.0,7.372690200805664,973.64501953125,15.152500000000002
2024-10-03 10:46:23,971.5673828125,-0.018187255859375417,3.991,-1.0999999999999943,3.992,-96.0,7.145878791809082,973.3861083984375,14.041400000000001
2024-10-03 09:46:23,971.5673828125,-0.012877807617187598,3.99,-1.0999999999999943,3.992,-96.0,7.180794715881348,972.8551635742188,14.2505
2024-10-03 08:46:23,977.6708984375,0.05014038085937478,3.99,-1.0999999999999943,3.992,-96.0,6.95622444152832,972.6568603515625,10.548200000000001
2024-10-03 07:46:23,971.5673828125,-0.005674438476562793,3.991,-1.0999999999999943,3.992,-96.0,7.4360671043396,972.1348266601562,14.385800000000001
2024-10-03 06:46:23,977.6708984375,0.06239807128906261,3.991,-1.0999999999999943,3.992,-96.0,8.013998031616211,971.4310913085938,12.8565
2024-10-03 05:46:23,974.619140625,0.03557250976562454,3.991,-1.0999999999999943,3.992,-96.0,7.679927825927734,971.0618896484375,13.3772
2024-10-03 04:46:23,974.619140625,0.04330383300781282,3.991,-1.0999999999999943,3.992,-96.0,7.625313758850098,970.2887573242188,10.5523
2024-10-03 03:46:23,968.515625,-0.019904785156250604,3.991,-1.1499999999999986,3.989,-95.0,7.018378734588623,970.506103515625,15.0295
2024-10-03 02:46:23,974.619140625,0.03876770019531239,3.991,-1.0999999999999943,3.992,-96.0,5.548828125,970.7423706054688,13.5043
2024-10-03 01:46:23,968.515625,-0.016084594726563095,3.991,-1.0999999999999943,3.992,-96.0,5.420783519744873,970.1240844726562,13.5494
2024-10-03 00:46:23,977.6708984375,0.07625610351562506,3.991,-1.0999999999999943,3.992,-95.0,5.732029914855957,970.0452880859375,11.1919
2024-10-02 23:46:23,977.6708984375,0.08149963378906278,3.991,-1.0999999999999943,3.992,-96.0,5.880383491516113,969.5209350585938,13.000000000000002
2024-10-02 22:46:23,971.5673828125,0.02336730957031241,3.991,-1.0999999999999943,3.989,-96.0,6.032949447631836,969.2306518554688,13.0738
2024-10-02 21:46:23,971.5673828125,0.02268615722656242,3.993,-1.0999999999999943,3.992,-95.0,6.536906719207764,969.2987670898438,15.230400000000001
2024-10-02 20:46:23,968.515625,-0.0001080322265623046,3.991,-1.1499999999999986,3.992,-94.0,8.271306991577148,968.5264282226562,11.196000000000002
2024-10-02 19:46:23,971.5673828125,0.03598937988281259,3.992,-1.0999999999999943,3.992,-94.0,9.044054985046387,967.9684448242188,13.705200000000001
2024-10-02 18:46:23,971.5673828125,0.035336303710937766,3.991,-1.1499999999999986,3.992,-96.0,8.232250213623047,968.0337524414062,13.508400000000002
2024-10-02 17:46:23,968.515625,0.008034667968750409,3.991,-1.1499999999999986,3.992,-96.0,8.692527770996094,967.712158203125,14.0988
2024-10-02 16:46:23,968.515625,0.012709350585937695,3.993,-1.0999999999999943,3.992,-95.0,8.98930549621582,967.2446899414062,13.984000000000002
2024-10-02 15:46:23,968.515625,0.014021606445312473,3.993,-1.0999999999999943,3.992,-97.0,9.108790397644043,967.1134643554688,14.221800000000002
2024-10-02 14:46:23,968.515625,0.018717041015624547,3.993,-1.1499999999999986,3.992,-97.0,8.949771881103516,966.6439208984375,14.3571
2024-10-02 13:46:23,968.515625,0.017945556640625027,3.993,-1.0999999999999943,3.995,-96.0,7.355640888214111,966.7210693359375,13.865100000000002
2024-10-02 12:46:23,968.515625,0.015382690429687207,3.993,-1.0999999999999943,3.989,-96.0,6.080906867980957,966.9773559570312,13.246
2024-10-02 11:46:23,968.515625,0.012715454101562829,3.993,-1.1499999999999986,3.992,-96.0,5.268964767456055,967.2440795898438,13.082
2024-10-02 10:46:23,968.515625,0.01169555664062516,3.993,-1.0999999999999943,3.992,-96.0,4.712568283081055,967.3460693359375,13.155800000000001
2024-10-02 09:46:23,968.515625,0.009131469726562091,3.993,-1.0999999999999943,3.992,-96.0,3.8657801151275635,967.6024780273438,13.090200000000001
2024-10-02 08:46:23,968.515625,0.008920288085937367,3.993,-1.0999999999999943,3.992,-97.0,3.6733410358428955,967.6235961914062,13.041
2024-10-02 07:46:24,971.5673828125,0.038106689453124565,3.993,-1.0999999999999943,3.992,-97.0,3.6592798233032227,967.7567138671875,12.918000000000001
2024-10-02 06:46:24,968.515625,0.008078002929687855,3.994,-1.0999999999999943,3.992,-96.0,3.162454843521118,967.7078247070312,13.036900000000001
2024-10-02 05:46:24,971.5673828125,0.040347290039062234,3.994,-1.1499999999999986,3.992,-96.0,2.9262707233428955,967.5326538085938,12.9877
2024-10-02 02:46:23,971.5673828125,0.034942626953125,3.994,-1.0999999999999943,3.992,-96.0,2.8537230491638184,968.0731201171875,12.9549
2024-10-02 01:46:23,971.5673828125,0.03257873535156275,3.993,-1.0999999999999943,3.989,-96.0,2.881098747253418,968.3095092773438,13.0205
2024-10-02 00:46:23,968.515625,0.0004418945312500977,3.994,-1.1499999999999986,3.992,-96.0,3.0780882835388184,968.471435546875,13.0615
2024-10-01 23:46:23,968.515625,0.003984375000000151,3.994,-1.0999999999999943,3.992,-96.0,3.4698963165283203,968.1171875,13.221400000000001
2024-10-01 22:46:23,971.5673828125,0.03652526855468796,3.994,-1.1499999999999986,3.992,-96.0,3.597058057785034,967.9148559570312,13.2337
2024-10-01 21:46:23,968.515625,0.008632812500000142,3.994,-1.0999999999999943,3.992,-96.0,4.487727165222168,967.65234375,13.2009
2024-10-01 20:46:23,968.515625,0.01178588867187469,3.994,-1.0999999999999943,3.992,-96.0,7.49020528793335,967.3370361328125,13.2911
2024-10-01 19:36:23,968.515625,0.017478027343750258,3.994,-1.0999999999999943,3.992,-96.0,11.344770431518555,966.767822265625,13.7216
2024-10-01 18:36:23,968.515625,0.020759277343750382,3.994,-1.0499999999999972,3.992,-96.0,12.951874732971191,966.439697265625,13.848700000000001
2024-10-01 17:36:23,968.515625,0.021721801757812464,3.994,-1.0999999999999943,3.989,-96.0,11.636181831359863,966.3434448242188,14.025
2024-10-01 16:36:23,968.515625,0.02027038574218709,3.994,-1.1499999999999986,3.992,-96.0,12.264582633972168,966.4885864257812,13.7626
2024-10-01 15:36:23,971.5673828125,0.05080017089843736,3.994,-1.0999999999999943,3.992,-96.0,11.997557640075684,966.4873657226562,13.865100000000002
2024-10-01 14:36:23,965.4638671875,-0.008848876953124751,3.995,-1.0499999999999972,3.992,-96.0,9.236834526062012,966.3487548828125,14.1521
2024-10-01 13:36:23,968.515625,0.015964355468749414,3.995,-1.1499999999999986,3.992,-96.0,6.115617752075195,966.919189453125,14.385800000000001
2024-10-01 12:36:23,968.515625,0.01565307617187539,3.994,-1.1999999999999957,3.992,-96.0,4.401391506195068,966.9503173828125,13.922500000000001
2024-10-01 11:36:23,968.515625,0.014951782226562127,3.994,-1.0999999999999943,3.992,-96.0,3.5209107398986816,967.0204467773438,13.102500000000001
2024-10-01 10:36:23,971.5673828125,0.04873474121093735,3.994,-1.0999999999999943,3.992,-96.0,3.5880908966064453,966.6939086914062,12.831900000000001
2024-10-01 09:36:23,968.515625,0.022946777343749725,3.994,-1.0999999999999943,3.992,-96.0,3.6859068870544434,966.220947265625,11.532200000000001
2024-10-01 08:36:23,968.515625,0.030604858398437518,3.994,-1.1499999999999986,3.992,-96.0,4.335229396820068,965.4551391601562,12.8032
2024-10-01 07:36:23,968.515625,0.031720581054687225,3.994,-1.1499999999999986,3.992,-96.0,4.428562164306641,965.3435668945312,12.733500000000001
2024-10-01 06:36:23,965.4638671875,0.0067089843750001155,3.995,-1.1499999999999986,3.992,-96.0,4.399148941040039,964.79296875,12.872900000000001
2024-10-01 05:36:23,965.4638671875,0.012249755859374822,3.994,-1.1499999999999986,3.992,-96.0,4.276131629943848,964.2388916015625,12.938500000000001
2024-10-01 04:36:23,968.515625,0.047917480468749885,3.994,-1.0999999999999943,3.992,-96.0,4.462594032287598,963.723876953125,12.762200000000002
2024-10-01 03:36:24,962.412109375,-0.006219482421875311,3.995,-1.0999999999999943,3.992,-96.0,4.700002670288086,963.0340576171875,12.831900000000001
2024-10-01 02:36:24,965.4638671875,0.026315307617187367,3.995,-1.0999999999999943,3.992,-96.0,4.932382583618164,962.8323364257812,13.1066
2024-10-01 01:36:24,965.4638671875,0.03299987792968695,3.995,-1.0999999999999943,3.992,-96.0,5.01722526550293,962.1638793945312,12.8483
2024-10-01 00:36:24,962.412109375,0.006115112304687642,3.995,-1.0999999999999943,3.992,-96.0,5.05078125,961.8005981445312,12.979500000000002
2024-09-30 23:36:24,959.3603515625,-0.014830932617188042,3.995,-1.0999999999999943,3.992,-96.0,4.9650559425354,960.8434448242188,12.877
2024-09-30 22:36:24,962.412109375,0.019666137695312225,3.995,-1.0999999999999943,3.992,-96.0,5.023881912231445,960.4454956054688,12.9426
2024-09-30 21:36:24,959.3603515625,-5.432128906246447e-05,3.995,-1.0999999999999943,3.992,-96.0,5.639715671539307,959.3657836914062,12.938500000000001
2024-09-30 20:36:24,959.3603515625,0.007202148437499556,3.995,-1.1499999999999986,3.992,-97.0,6.729278564453125,958.64013671875,13.176300000000001
2024-09-30 19:36:24,974.619140625,0.16860839843749975,3.605,-1.0999999999999943,3.992,-88.0,6.542884349822998,957.75830078125,13.426400000000001
2024-09-30 18:36:24,1041.7578125,0.846582641601562,3.607,-1.1499999999999986,3.989,-83.0,6.803726673126221,957.0995483398438,13.282900000000001
2024-09-30 17:07:12,1176.03515625,2.196637573242187,3.607,-1.1999999999999957,3.992,-82.0,7.699423789978027,956.3713989257812,13.4715
2024-09-30 16:07:12,1273.69140625,3.1751892089843747,3.608,-1.0999999999999943,3.992,-83.0,7.202124118804932,956.1724853515625,13.340300000000001
2024-09-30 15:07:12,1374.3994140625,4.18533935546875,3.609,-1.0999999999999943,3.992,-84.0,6.944540977478027,955.865478515625,12.938500000000001
2024-09-30 14:07:12,1481.2109375,5.257145385742188,3.609,-1.1499999999999986,3.989,-84.0,6.413073539733887,955.4963989257812,12.9549
2024-09-30 13:07:12,1594.1259765625,6.390275268554687,3.61,-1.1499999999999986,3.992,-86.0,5.767215728759766,955.0984497070312,13.0287
2024-09-30 12:07:12,1700.9375,7.462157592773437,3.61,-1.0999999999999943,3.992,-87.0,5.475873947143555,954.7217407226562,12.950800000000001
2024-09-30 11:07:12,1807.7490234375,8.530685424804688,3.611,-1.0999999999999943,3.992,-87.0,5.292264461517334,954.6804809570312,12.8155
2024-09-30 10:07:12,1929.8193359375,9.759044799804688,3.602,-1.0999999999999943,3.992,-87.0,5.387567043304443,953.9148559570312,13.045100000000001
2024-09-30 09:07:12,2042.7343750000002,10.895477905273442,3.636,-1.1499999999999986,3.992,-86.0,5.738686561584473,953.1865844726562,12.8483
2024-09-30 08:07:12,2152.59765625,12.002686157226563,3.641,-1.0999999999999943,3.992,-87.0,6.1578688621521,952.3290405273438,12.877
2024-09-30 07:07:12,2283.8232421875,13.324021606445315,3.609,-1.1999999999999957,3.992,-87.0,6.6252121925354,951.4210815429688,12.7499
2024-09-30 06:07:12,2360.1171875,14.100337524414064,3.582,-1.1499999999999986,3.992,-87.0,7.335533618927002,950.0834350585938,12.7909
2024-09-30 05:07:12,2439.462890625,14.901983642578127,3.579,-1.0999999999999943,3.992,-87.0,7.890233039855957,949.2645263671875,12.741700000000002
2024-09-30 04:07:12,2527.9638671875,15.796544799804689,3.557,-1.0999999999999943,3.992,-87.0,7.599161148071289,948.3093872070312,12.7909
2024-09-30 03:07:12,2643.9306640625,16.9573583984375,3.527,-1.0499999999999972,3.989,-87.0,7.647730827331543,948.19482421875,12.827800000000002
2024-09-30 02:07:12,2708.017578125,17.602471313476563,3.504,-1.1499999999999986,3.992,-87.0,8.249095916748047,947.7704467773438,12.8483
2024-09-30 01:07:12,2811.77734375,18.642198486328127,3.483,-1.0999999999999943,3.992,-86.0,8.629899024963379,947.5574951171875,12.926200000000001
2024-09-30 00:07:12,2930.7958984375,19.83469482421875,3.497,-1.1499999999999986,3.989,-87.0,8.573246955871582,947.326416015625,12.8975
2024-09-29 23:07:12,3055.91796875,21.086126708984377,3.521,-1.0999999999999943,3.989,-87.0,8.625415802001953,947.3052978515625,12.946700000000002
2024-09-29 22:07:12,3171.884765625,22.242888183593756,3.563,-1.1499999999999986,3.992,-87.0,8.867238998413086,947.595947265625,12.807300000000001
2024-09-29 21:07:12,3339.7314453125,23.920606689453127,3.616,-1.0999999999999943,3.992,-89.0,9.017155647277832,947.6707763671875,12.8032
2024-09-29 20:07:12,3547.2509765625,25.9927880859375,3.673,-1.1499999999999986,3.992,-87.0,8.811673164367676,947.97216796875,13.0205
2024-09-29 19:07:12,3754.7705078125,28.067600097656253,3.714,-1.1499999999999986,3.989,-86.0,9.59950065612793,948.010498046875,13.196800000000001
2024-09-29 18:07:12,3971.4453125,30.228049926757812,3.733,-1.1499999999999986,3.992,-86.0,9.733794212341309,948.6403198242188,13.3731
2024-09-29 17:07:12,4200.3271484375,32.51164001464844,3.728,-1.0999999999999943,3.992,-87.0,9.13908576965332,949.1631469726562,13.414100000000001
2024-09-29 16:07:12,4365.1220703125,34.160615844726564,3.72,-1.0999999999999943,3.992,-87.0,9.136980056762695,949.0604858398438,13.3198
2024-09-29 15:07:12,4508.5546875,35.59186706542969,3.713,-1.0999999999999943,3.992,-87.0,9.302384376525879,949.3679809570312,13.118900000000002
2024-09-29 14:07:12,4624.521484375,36.7477490234375,3.701,-1.1499999999999986,3.992,-87.0,9.65771484375,949.74658203125,13.0738
2024-09-29 13:07:12,4731.3330078125,37.82311462402344,3.696,-1.0999999999999943,3.989,-86.0,9.333020210266113,949.0215454101562,12.9221
2024-09-29 12:07:12,4813.73046875,38.646126708984376,3.696,-1.0999999999999943,3.992,-87.0,9.172438621520996,949.1177978515625,13.077900000000001
2024-09-29 11:07:12,4880.869140625,39.31975402832031,3.696,-1.1499999999999986,3.992,-87.0,8.76806354522705,948.8937377929688,12.8483
2024-09-29 10:07:12,4914.4384765625,39.65267517089843,3.696,-1.1499999999999986,3.992,-86.0,8.383319854736328,949.1709594726562,12.9221
2024-09-29 09:07:12,4932.7490234375,39.828940429687506,3.697,-1.1999999999999957,3.992,-87.0,8.106583595275879,949.85498046875,12.971300000000001
2024-09-29 08:07:12,4948.0078125,39.976713867187506,3.698,-1.1999999999999957,3.992,-87.0,8.100333213806152,950.33642578125,12.885200000000001
2024-09-29 07:07:12,4957.1630859375,40.06490905761719,3.7,-1.1499999999999986,3.989,-87.0,7.738821983337402,950.6721801757812,12.872900000000001
2024-09-29 06:07:12,4954.111328125,40.03047912597657,3.7,-1.1499999999999986,3.992,-87.0,7.398503303527832,951.0634155273438,13.032800000000002
2024-09-29 05:07:12,4935.80078125,39.842293701171876,3.701,-1.1499999999999986,3.989,-87.0,7.2532057762146,951.5714111328125,13.000000000000002
2024-09-29 04:07:12,4899.1796875,39.47289367675781,3.701,-1.0999999999999943,3.992,-88.0,7.278203010559082,951.8903198242188,12.959000000000001
2024-09-29 03:07:12,4862.55859375,39.10083618164063,3.702,-1.1499999999999986,3.992,-88.0,7.179571628570557,952.4749755859375,13.0861
2024-09-29 02:07:12,4822.8857421875,38.6930419921875,3.703,-1.1499999999999986,3.992,-88.0,7.132497787475586,953.58154296875,12.938500000000001
2024-09-29 01:07:12,4798.4716796875,38.44356384277344,3.705,-1.0999999999999943,3.989,-87.0,7.431788444519043,954.1152954101562,13.090200000000001
2024-09-29 00:07:12,4795.419921875,38.412336425781255,3.706,-1.0999999999999943,3.989,-87.0,7.700578689575195,954.186279296875,12.979500000000002
2024-09-28 23:07:12,4801.5234375,38.46801696777344,3.707,-1.0999999999999943,3.989,-88.0,7.064570426940918,954.7217407226562,13.217300000000002
2024-09-28 22:07:12,4810.6787109375,38.552322998046876,3.709,-1.1499999999999986,3.992,-88.0,7.278270244598389,955.4464111328125,13.0492
2024-09-28 21:07:12,4816.7822265625,38.61237854003907,3.712,-1.1499999999999986,3.992,-88.0,7.866186618804932,955.5443725585938,13.229600000000001
2024-09-28 20:07:12,4810.6787109375,38.55226989746094,3.714,-1.0999999999999943,3.992,-88.0,8.673847198486328,955.4517211914062,13.5166
2024-09-28 19:07:12,4795.419921875,38.39941040039063,3.717,-1.1499999999999986,3.992,-87.0,11.955102920532227,955.4788818359375,13.955300000000001
2024-09-28 18:07:12,4774.0576171875,38.184677734375,3.719,-1.1499999999999986,3.989,-87.0,12.377001762390137,955.58984375,14.246400000000001
2024-09-28 17:07:12,4749.6435546875,37.93529174804688,3.722,-1.1499999999999986,3.992,-88.0,12.506540298461914,956.1143798828125,14.3694
2024-09-28 16:07:12,4740.48828125,37.8376171875,3.723,-1.0999999999999943,3.992,-87.0,9.040862083435059,956.7265625,13.5371
2024-09-28 15:07:12,4734.384765625,37.76852722167969,3.728,-1.1499999999999986,3.989,-87.0,8.322796821594238,957.5320434570312,13.750300000000001
2024-09-28 13:57:12,4731.3330078125,37.734331665039065,3.728,-1.1499999999999986,3.989,-87.0,7.349663257598877,957.8998413085938,13.2009
2024-09-28 12:57:12,4731.3330078125,37.73081298828125,3.729,-1.0999999999999943,3.992,-87.0,6.064400672912598,958.251708984375,13.131200000000002
2024-09-28 11:57:12,4737.4365234375,37.78658264160156,3.73,-1.0999999999999943,3.989,-86.0,5.334176063537598,958.7782592773438,13.045100000000001
2024-09-28 10:57:12,4734.384765625,37.75438354492188,3.732,-1.1499999999999986,3.992,-87.0,5.044939041137695,958.9464111328125,12.9877
2024-09-28 09:57:12,4743.5400390625,37.845780029296876,3.734,-1.0999999999999943,3.992,-87.0,5.008191108703613,958.9620361328125,12.893400000000002
2024-09-28 08:57:12,4743.5400390625,37.84786315917969,3.735,-1.1499999999999986,3.992,-86.0,4.975653171539307,958.7537231445312,12.8975
2024-09-28 07:57:12,4749.6435546875,37.90949462890625,3.735,-1.0999999999999943,3.992,-86.0,5.014031887054443,958.694091796875,12.807300000000001
2024-09-28 06:57:12,4752.6953125,37.941864013671875,3.737,-1.1499999999999986,3.992,-86.0,5.076186656951904,958.5089111328125,12.877
2024-09-28 05:57:12,4758.798828125,38.00504760742187,3.738,-1.0999999999999943,3.989,-87.0,5.2998046875,958.2940673828125,12.8237
2024-09-28 04:57:12,4764.90234375,38.068092041015625,3.738,-1.1499999999999986,3.992,-87.0,5.790650844573975,958.0931396484375,12.950800000000001
2024-09-28 03:57:12,4777.109375,38.192307739257814,3.739,-1.1499999999999986,3.992,-87.0,6.183816909790039,957.8786010742188,12.7704
2024-09-28 02:57:12,4746.591796875,37.891741333007815,3.744,-1.1499999999999986,3.992,-87.0,6.466601371765137,957.4176635742188,12.8155
2024-09-28 01:57:12,4758.798828125,38.01548645019531,3.744,-1.1499999999999986,3.992,-86.0,6.731723785400391,957.2501831054688,13.0205
2024-09-28 00:57:12,4789.31640625,38.32553588867188,3.739,-1.0999999999999943,3.992,-86.0,7.010091781616211,956.7628173828125,12.979500000000002
2024-09-27 23:57:12,4819.833984375,38.63272583007813,3.745,-1.0999999999999943,3.989,-86.0,7.012265682220459,956.5614013671875,12.918000000000001
2024-09-27 22:57:12,4777.109375,38.208395385742186,3.752,-1.0999999999999943,3.992,-87.0,7.228343486785889,956.2698364257812,12.8114
2024-09-27 21:57:12,4783.212890625,38.267738037109375,3.743,-1.1499999999999986,3.992,-87.0,7.532388687133789,956.4390869140625,12.877
2024-09-27 20:57:12,4697.763671875,37.4133447265625,3.738,-1.0999999999999943,3.992,-87.0,7.637269496917725,956.42919921875,12.905700000000001
2024-09-27 19:57:12,4566.5380859375,36.095062255859375,3.728,-1.0999999999999943,3.992,-87.0,7.556910514831543,957.0318603515625,12.885200000000001
2024-09-27 18:57:11,4487.1923828125,35.293023681640626,3.702,-1.1499999999999986,3.992,-88.0,7.638220310211182,957.8900146484375,12.8565
2024-09-27 17:57:11,4407.8466796875,34.49893859863281,3.674,-1.0999999999999943,3.992,-87.0,7.951639175415039,957.9528198242188,12.938500000000001
2024-09-27 16:57:11,4148.447265625,31.899100952148437,3.747,-1.1499999999999986,3.992,-87.0,7.985602855682373,958.5371704101562,13.0164
2024-09-27 15:57:11,3962.2900390625,30.027866210937503,3.722,-1.1499999999999986,3.989,-86.0,8.109027862548828,959.50341796875,13.1148
2024-09-27 14:57:11,3925.6689453125,29.657142333984375,3.723,-1.1499999999999986,3.992,-86.0,8.731790542602539,959.9547119140625,13.315700000000001
2024-09-27 13:57:11,3916.513671875,29.55387878417969,3.728,-1.0999999999999943,3.992,-86.0,8.378769874572754,961.1257934570312,13.3321
2024-09-27 12:57:11,3922.6171875,29.60896728515625,3.728,-1.1499999999999986,3.992,-87.0,6.655236721038818,961.720458984375,13.036900000000001
2024-09-27 11:57:11,3922.6171875,29.602896728515628,3.728,-1.1499999999999986,3.989,-87.0,6.353433609008789,962.3275146484375,12.864700000000001
2024-09-27 10:57:11,3922.6171875,29.59765625,3.729,-1.1999999999999957,3.992,-86.0,6.289716720581055,962.8515625,12.8114
2024-09-27 09:57:11,3928.720703125,29.651804199218752,3.73,-1.1499999999999986,3.992,-87.0,5.392933368682861,963.540283203125,12.840100000000001
2024-09-27 08:57:11,3928.720703125,29.652346191406252,3.73,-1.1499999999999986,3.992,-86.0,4.919001579284668,963.486083984375,12.9344
2024-09-27 07:57:11,3934.82421875,29.709837646484377,3.729,-1.1499999999999986,3.992,-87.0,4.711956977844238,963.8404541015625,12.8893
2024-09-27 06:57:11,3928.720703125,29.652767944335938,3.728,-1.1499999999999986,3.989,-86.0,4.913702487945557,963.4439086914062,12.8114
2024-09-27 05:57:11,3928.720703125,29.65374450683594,3.728,-1.1999999999999957,3.992,-87.0,4.785794734954834,963.3462524414062,12.7786
2024-09-27 04:57:11,3940.927734375,29.775924072265628,3.728,-1.1499999999999986,3.989,-87.0,4.717526912689209,963.3353271484375,12.913900000000002
2024-09-27 03:57:11,3940.927734375,29.771011962890626,3.732,-1.0999999999999943,3.992,-86.0,4.338082313537598,963.8265380859375,13.032800000000002
2024-09-27 02:57:11,3943.9794921875,29.801179199218755,3.734,-1.0999999999999943,3.989,-86.0,4.545737266540527,963.861572265625,13.164000000000001
2024-09-27 01:57:11,3947.03125,29.82719848632813,3.734,-1.0999999999999943,3.992,-87.0,4.807124137878418,964.3114013671875,12.9344
2024-09-27 00:57:11,3943.9794921875,29.792796630859378,3.737,-1.1499999999999986,3.989,-86.0,4.748978137969971,964.6998291015625,12.9631
2024-09-26 23:57:11,3931.7724609375,29.669957275390626,3.738,-1.1499999999999986,3.992,-86.0,4.953168869018555,964.7767333984375,13.0615
2024-09-26 22:57:11,3925.6689453125,29.60619079589844,3.739,-1.1499999999999986,3.995,-86.0,5.473564624786377,965.0498657226562,13.188600000000001
2024-09-26 21:57:11,3907.3583984375,29.421035766601562,3.739,-1.1499999999999986,3.992,-86.0,6.886666297912598,965.2548217773438,13.217300000000002
2024-09-26 20:57:11,3882.9443359375,29.181655883789066,3.735,-1.0999999999999943,3.992,-86.0,9.671436309814453,964.7787475585938,14.0578
2024-09-26 19:57:11,3837.16796875,28.723879394531252,3.723,-1.1499999999999986,3.989,-86.0,10.611557960510254,964.780029296875,14.061900000000001
2024-09-26 18:57:11,3779.1845703125,28.14287536621094,3.717,-1.1499999999999986,3.992,-87.0,11.095746994018555,964.8970336914062,13.955300000000001
2024-09-26 17:57:11,3705.9423828125,27.410972290039062,3.723,-1.0999999999999943,3.992,-87.0,13.345788955688477,964.8451538085938,14.947500000000002
2024-09-26 16:57:11,3644.9072265625,26.795377197265626,3.728,-1.1499999999999986,3.992,-87.0,12.48120403289795,965.3695068359375,13.877400000000002
2024-09-26 15:57:11,3586.923828125,26.21028503417969,3.728,-1.0999999999999943,3.992,-87.0,11.288934707641602,965.8953247070312,14.0332
2024-09-26 14:57:11,3553.3544921875,25.870623168945315,3.731,-1.1499999999999986,3.989,-87.0,10.340118408203125,966.2921752929688,15.144300000000001
2024-09-26 13:57:11,3531.9921875,25.650534667968753,3.733,-1.1499999999999986,3.992,-88.0,8.992022514343262,966.938720703125,15.0418
2024-09-26 12:57:11,3519.78515625,25.524439086914064,3.734,-1.1499999999999986,3.992,-88.0,7.731349945068359,967.3412475585938,14.512900000000002
2024-09-26 11:57:11,3498.4228515625,25.306380004882815,3.734,-1.1499999999999986,3.992,-89.0,6.361109733581543,967.7848510742188,14.5744
2024-09-26 10:57:11,3480.1123046875,25.118777465820315,3.735,-1.1999999999999957,3.992,-89.0,4.814799785614014,968.2345581054688,14.029100000000001
2024-09-26 09:57:11,3470.95703125,25.022809448242185,3.737,-1.0999999999999943,3.992,-87.0,4.298956394195557,968.6760864257812,12.799100000000001
2024-09-26 08:57:11,3464.853515625,24.962229003906252,3.737,-1.1499999999999986,3.992,-89.0,4.39527702331543,968.630615234375,12.877
2024-09-26 07:57:11,3452.646484375,24.8366259765625,3.737,-1.1499999999999986,3.992,-89.0,4.50294303894043,968.98388671875,12.860600000000002
2024-09-26 06:57:11,3452.646484375,24.83489929199219,3.738,-1.0999999999999943,3.989,-87.0,4.511162281036377,969.1565551757812,12.9426
2024-09-26 05:57:11,3455.6982421875,24.86210571289063,3.739,-1.1499999999999986,3.992,-89.0,4.622088432312012,969.4876708984375,12.950800000000001
2024-09-26 04:57:11,3458.75,24.88910766601563,3.744,-1.1499999999999986,3.992,-87.0,4.8405442237854,969.8392333984375,12.918000000000001
2024-09-26 03:57:11,3477.060546875,25.068433837890627,3.746,-1.1499999999999986,3.992,-88.0,4.969606876373291,970.2171630859375,12.905700000000001
2024-09-26 02:57:11,3492.3193359375,25.219185791015626,3.748,-1.0999999999999943,3.992,-88.0,5.103153228759766,970.4007568359375,13.0287
2024-09-26 01:57:11,3513.681640625,25.427591552734377,3.751,-1.0999999999999943,3.992,-88.0,5.395242691040039,970.9224853515625,12.950800000000001
2024-09-26 00:57:11,3538.095703125,25.67028991699219,3.754,-1.0999999999999943,3.992,-88.0,5.559017181396484,971.0667114257812,12.959000000000001
2024-09-25 23:57:11,3562.509765625,25.911557006835938,3.754,-1.0999999999999943,3.992,-88.0,5.737192153930664,971.3540649414062,13.0082
2024-09-25 22:57:11,3586.923828125,26.151428833007813,3.754,-1.1499999999999986,3.992,-87.0,6.051766395568848,971.7809448242188,13.123000000000001
2024-09-25 21:57:11,3605.234375,26.33487670898438,3.754,-1.0999999999999943,3.992,-88.0,7.560239315032959,971.7467041015625,13.184500000000002
2024-09-25 20:57:11,3614.3896484375,26.431159057617187,3.752,-1.1499999999999986,3.992,-87.0,9.911493301391602,971.2737426757812,13.541200000000002
2024-09-25 19:57:11,3586.923828125,26.155493164062502,3.752,-1.1499999999999986,3.992,-88.0,11.394222259521484,971.37451171875,13.9594
2024-09-25 18:57:11,3513.681640625,25.41948669433594,3.746,-1.1499999999999986,3.992,-89.0,12.281970977783203,971.7329711914062,14.160300000000001
2024-09-25 17:57:11,3403.818359375,24.321119384765627,3.725,-1.0999999999999943,3.992,-90.0,12.183340072631836,971.7064208984375,13.943000000000001
2024-09-25 16:57:11,3321.4208984375,23.493482666015627,3.73,-1.1499999999999986,3.992,-90.0,11.958906173706055,972.0726318359375,13.955300000000001
2024-09-25 15:57:11,3263.4375,22.909632568359378,3.734,-1.1499999999999986,3.992,-90.0,11.297222137451172,972.4742431640625,13.9266
2024-09-25 14:57:11,3217.6611328125,22.44946899414063,3.735,-1.1499999999999986,3.992,-90.0,10.58737564086914,972.7142333984375,14.254600000000002
2024-09-25 13:57:11,3214.609375,22.417115478515626,3.738,-1.1499999999999986,3.992,-89.0,9.481306076049805,972.8978271484375,14.107000000000001
2024-09-25 12:57:11,3235.9716796875,22.630900878906253,3.738,-1.1499999999999986,3.992,-89.0,8.577527046203613,972.881591796875,14.549800000000001
2024-09-25 11:57:11,3260.3857421875,22.872730712890625,3.741,-1.1499999999999986,3.989,-89.0,6.990868091583252,973.1126708984375,14.471900000000002
2024-09-25 10:57:11,3281.748046875,23.08441650390625,3.739,-1.0999999999999943,3.992,-90.0,4.915060997009277,973.306396484375,14.234100000000002
2024-09-25 09:57:11,3300.05859375,23.268512573242187,3.74,-1.1499999999999986,3.992,-91.0,4.189320087432861,973.2073364257812,12.926200000000001
2024-09-25 08:57:11,3327.5244140625,23.548776855468752,3.738,-1.1499999999999986,3.992,-90.0,3.9881176948547363,972.646728515625,13.1148
2024-09-25 07:57:11,3358.0419921875,23.85629150390625,3.74,-1.1499999999999986,3.992,-90.0,4.034444808959961,972.412841796875,12.819600000000001
2024-09-25 06:57:11,3388.5595703125,24.16713317871094,3.744,-1.0999999999999943,3.992,-90.0,4.030368804931641,971.8462524414062,12.959000000000001
2024-09-25 04:57:11,3455.6982421875,24.847379150390626,3.751,-1.1499999999999986,3.992,-88.0,4.199441909790039,970.9603271484375,12.881100000000002
2024-09-25 03:57:11,3495.37109375,25.248187255859378,3.753,-1.1499999999999986,3.992,-88.0,5.162046909332275,970.5523681640625,12.7827
2024-09-25 02:57:11,3538.095703125,25.679739990234374,3.755,-1.1499999999999986,3.992,-89.0,5.336077690124512,970.1217041015625,13.041
2024-09-25 01:57:11,3580.8203125,26.11258422851563,3.76,-1.1499999999999986,3.992,-89.0,5.457329273223877,969.5618896484375,13.1066
2024-09-25 00:57:11,3635.751953125,26.66621826171875,3.762,-1.1499999999999986,3.992,-87.0,5.583675384521484,969.130126953125,12.979500000000002
2024-09-24 23:57:11,3696.787109375,27.277592773437505,3.766,-1.1499999999999986,3.992,-87.0,5.130732536315918,969.02783203125,13.0205
2024-09-24 22:57:11,3766.9775390625,27.980742797851565,3.767,-1.1499999999999986,3.992,-87.0,5.572263240814209,968.9032592773438,13.0861
2024-09-24 21:57:11,3834.1162109375,28.660322875976565,3.766,-1.0999999999999943,3.992,-88.0,7.864148139953613,968.0839233398438,13.295200000000001
2024-09-24 20:57:11,3898.203125,29.30614501953125,3.762,-1.0999999999999943,3.989,-88.0,10.146116256713867,967.588623046875,13.4715
2024-09-24 19:57:11,3916.513671875,29.493288574218752,3.76,-1.1499999999999986,3.992,-87.0,11.854229927062988,967.184814453125,13.975800000000001
2024-09-24 18:57:11,3904.306640625,29.375108642578127,3.753,-1.1499999999999986,3.989,-87.0,12.724248886108398,966.7957763671875,13.951200000000002
2024-09-24 17:57:11,3843.271484375,28.765705566406254,3.751,-1.1499999999999986,3.992,-88.0,12.974835395812988,966.700927734375,14.0783
2024-09-24 16:57:11,3742.5634765625,27.751990966796875,3.729,-1.0999999999999943,3.992,-87.0,12.796796798706055,967.3643798828125,15.1033
2024-09-24 15:57:11,3739.51171875,27.716860961914065,3.735,-1.1499999999999986,3.992,-88.0,12.413751602172852,967.8256225585938,14.0045
2024-09-24 14:57:11,3797.4951171875,28.294551391601566,3.738,-1.1499999999999986,3.992,-88.0,11.569135665893555,968.0399780273438,13.869200000000001
2024-09-24 13:57:11,3809.7021484375,28.413558959960938,3.741,-1.1499999999999986,3.989,-88.0,10.69986343383789,968.3462524414062,14.0127
2024-09-24 12:57:11,3818.857421875,28.50407409667969,3.739,-1.1499999999999986,3.992,-87.0,9.416910171508789,968.4500122070312,14.4022
2024-09-24 11:57:11,3846.3232421875,28.774060668945314,3.738,-1.1999999999999957,3.992,-87.0,7.9533371925354,968.9171752929688,14.3694
2024-09-24 10:57:11,3879.892578125,29.10920104980469,3.737,-1.1499999999999986,3.992,-87.0,5.985536098480225,968.9724731445312,15.185300000000002
2024-09-24 09:57:11,3907.3583984375,29.383043212890627,3.738,-1.1499999999999986,3.992,-87.0,5.569478988647461,969.0540771484375,12.938500000000001
2024-09-24 08:57:11,3934.82421875,29.657273559570314,3.741,-1.1499999999999986,3.992,-88.0,5.609079360961914,969.0968627929688,12.840100000000001
2024-09-24 07:57:11,3971.4453125,30.02472045898438,3.744,-1.0999999999999943,3.992,-88.0,5.508002758026123,968.9732666015625,12.8893
2024-09-24 06:57:11,3998.9111328125,30.29929443359375,3.747,-1.1499999999999986,3.992,-87.0,5.705605506896973,968.981689453125,12.799100000000001
2024-09-24 05:57:11,4026.376953125,30.574852294921875,3.749,-1.1499999999999986,3.992,-88.0,5.986351490020752,968.8917236328125,12.946700000000002
2024-09-24 04:57:11,4056.89453125,30.880648193359377,3.751,-1.1499999999999986,3.992,-88.0,6.348067760467529,968.8297119140625,12.959000000000001
2024-09-24 03:57:11,4093.515625,31.24661376953125,3.757,-1.0999999999999943,3.989,-89.0,6.429172515869141,968.854248046875,12.864700000000001
2024-09-24 02:57:11,4120.9814453125,31.523895874023438,3.762,-1.1499999999999986,3.992,-87.0,6.836400032043457,968.5918579101562,12.971300000000001
2024-09-24 01:57:11,4139.2919921875,31.70956970214844,3.765,-1.0999999999999943,3.989,-88.0,6.836127758026123,968.3350219726562,13.024600000000001
2024-09-24 00:57:11,4175.9130859375,32.07451660156251,3.764,-1.1499999999999986,3.992,-89.0,6.884832859039307,968.46142578125,13.221400000000001
2024-09-23 23:57:11,4200.3271484375,32.32072143554688,3.766,-1.0999999999999943,3.992,-88.0,7.31291389465332,968.2550048828125,13.0738
2024-09-23 22:57:11,4246.103515625,32.77830261230469,3.768,-1.0999999999999943,3.992,-89.0,7.603509426116943,968.2732543945312,13.1148
2024-09-23 21:57:11,4288.828125,33.208867187500005,3.767,-1.0999999999999943,3.992,-89.0,9.268013000488281,967.94140625,13.262400000000001
2024-09-23 20:57:11,4334.6044921875,33.66959655761719,3.765,-1.0999999999999943,3.992,-90.0,10.433043479919434,967.6448364257812,13.6027
2024-09-23 19:57:11,4355.966796875,33.886235351562505,3.761,-1.0999999999999943,3.992,-90.0,11.804167747497559,967.34326171875,14.053700000000001
2024-09-23 18:57:11,4301.03515625,33.33861083984375,3.753,-1.1499999999999986,3.992,-90.0,13.305915832519531,967.174072265625,13.934800000000001
2024-09-23 17:57:11,4172.861328125,32.0547119140625,3.746,-1.0999999999999943,3.992,-90.0,13.95306396484375,967.39013671875,13.934800000000001
2024-09-23 16:57:11,4011.1181640625,30.4346142578125,3.732,-1.1499999999999986,3.992,-89.0,14.40131950378418,967.65673828125,13.910200000000001
2024-09-23 15:57:11,3870.7373046875,29.02581970214844,3.728,-1.0999999999999943,3.992,-88.0,14.93699836730957,968.1553344726562,13.9594
2024-09-23 14:57:11,3818.857421875,28.503902587890625,3.729,-1.1499999999999986,3.992,-88.0,13.607787132263184,968.4671630859375,13.824100000000001
2024-09-23 13:57:11,3773.0810546875,28.040960693359377,3.73,-1.0999999999999943,3.992,-89.0,12.251335144042969,968.9849853515625,13.9061
2024-09-23 12:57:11,3779.1845703125,28.09657409667969,3.729,-1.1499999999999986,3.992,-88.0,11.027480125427246,969.5271606445312,14.5539
2024-09-23 11:57:11,3806.650390625,28.366068115234377,3.73,-1.1499999999999986,3.989,-89.0,9.068441390991211,970.0435791015625,14.439100000000002
2024-09-23 10:57:11,3837.16796875,28.66591735839844,3.733,-1.1499999999999986,3.992,-88.0,6.536430835723877,970.5762329101562,14.320200000000002
2024-09-23 09:57:11,3861.58203125,28.903847045898438,3.736,-1.1499999999999986,3.992,-87.0,5.658259391784668,971.1973266601562,12.9221
2024-09-23 08:57:11,3898.203125,29.267917480468753,3.739,-1.1499999999999986,3.992,-89.0,6.029282093048096,971.411376953125,12.881100000000002
2024-09-23 07:57:11,3925.6689453125,29.540051879882814,3.741,-1.1499999999999986,3.989,-89.0,6.286185264587402,971.6637573242188,12.946700000000002
2024-09-23 06:57:11,3962.2900390625,29.906011352539068,3.742,-1.1999999999999957,3.992,-88.0,6.897195816040039,971.6889038085938,12.8893
2024-09-23 05:57:11,3998.9111328125,30.271220703125003,3.746,-1.1499999999999986,3.992,-89.0,6.738109111785889,971.7890625,12.9221
2024-09-23 04:57:11,4035.5322265625,30.63469421386719,3.75,-1.1499999999999986,3.992,-89.0,6.855759143829346,972.0628051757812,12.9221
2024-09-23 03:57:11,4081.30859375,31.08901550292969,3.754,-1.1999999999999957,3.989,-89.0,7.208576679229736,972.4070434570312,13.123000000000001
2024-09-23 02:57:11,4130.13671875,31.574045410156252,3.76,-1.1499999999999986,3.992,-88.0,7.435388088226318,972.732177734375,13.036900000000001
2024-09-23 01:57:11,4197.275390625,32.24299438476563,3.76,-1.1499999999999986,3.992,-90.0,7.54054069519043,972.9759521484375,12.991800000000001
2024-09-23 00:57:11,4264.4140625,32.912665405273444,3.761,-1.0499999999999972,3.992,-90.0,7.693785190582275,973.1475219726562,13.0533
2024-09-22 23:57:11,4362.0703125,33.88752319335937,3.762,-1.0999999999999943,3.992,-90.0,7.842004299163818,973.3179931640625,13.032800000000002
2024-09-22 22:57:11,4459.7265625,34.862600097656255,3.762,-1.1499999999999986,3.992,-92.0,8.230347633361816,973.466552734375,13.237800000000002
2024-09-22 21:57:11,4557.3828125,35.838829956054695,3.76,-1.0999999999999943,3.992,-93.0,9.894579887390137,973.4998168945312,13.123000000000001
2024-09-22 20:57:11,4651.9873046875,36.78664001464844,3.76,-1.1499999999999986,3.992,-93.0,11.298308372497559,973.3233032226562,13.7216
2024-09-22 19:57:11,4719.1259765625,37.45857238769531,3.754,-1.0999999999999943,3.992,-94.0,12.509734153747559,973.2687377929688,14.107000000000001
2024-09-22 18:57:11,4709.970703125,37.364458618164065,3.746,-1.1499999999999986,3.992,-94.0,13.341169357299805,973.5248413085938,13.922500000000001
2024-09-22 17:57:11,6351.81640625,53.781242065429694,3.735,-1.1499999999999986,3.992,-93.0,13.945998191833496,973.6921997070312,14.279200000000001
2024-09-22 16:57:11,5051.767578125,40.7792431640625,3.719,-1.1499999999999986,3.989,-95.0,15.03454303741455,973.84326171875,14.156200000000002
2024-09-22 15:57:11,4066.0498046875,30.918145141601563,3.719,-1.1499999999999986,3.992,-89.0,14.726218223571777,974.2352905273438,13.910200000000001
2024-09-22 14:57:11,3788.33984375,28.137318725585942,3.721,-1.1499999999999986,3.992,-89.0,14.235847473144531,974.6079711914062,13.8815
2024-09-22 13:57:11,3556.40625,25.815733032226564,3.722,-1.1499999999999986,3.992,-89.0,13.4868745803833,974.8329467773438,13.9799
2024-09-22 12:57:11,3455.6982421875,24.805730590820314,3.722,-1.1499999999999986,3.989,-90.0,12.253713607788086,975.1251831054688,14.545700000000002
2024-09-22 11:57:11,3489.267578125,25.13893981933594,3.723,-1.1499999999999986,3.992,-90.0,10.058964729309082,975.3735961914062,14.517000000000001
2024-09-22 10:57:11,3580.8203125,26.050650024414065,3.725,-1.1499999999999986,3.989,-89.0,7.831882476806641,975.7553100585938,14.025
2024-09-22 09:57:11,3684.580078125,27.083116455078127,3.728,-1.1499999999999986,3.992,-90.0,7.021231651306152,976.2684326171875,12.877
2024-09-22 08:57:11,3818.857421875,28.425630493164064,3.728,-1.1499999999999986,3.992,-89.0,6.818195819854736,976.2943725585938,12.852400000000001
2024-09-22 07:57:11,3971.4453125,29.952551269531252,3.728,-1.1499999999999986,3.989,-88.0,6.427610874176025,976.190185546875,12.827800000000002
2024-09-22 06:57:11,4111.826171875,31.355649414062505,3.718,-1.1499999999999986,3.992,-90.0,6.326330661773682,976.26123046875,12.8442
2024-09-22 05:57:11,4233.896484375,32.579635009765624,3.712,-1.1499999999999986,3.989,-90.0,6.726017951965332,975.9329833984375,13.004100000000001
2024-09-22 04:57:11,4383.4326171875,34.07128540039062,3.706,-1.1499999999999986,3.992,-91.0,6.280750751495361,976.3040771484375,12.860600000000002
2024-09-22 03:57:11,4569.58984375,35.931298217773445,3.706,-1.1499999999999986,3.992,-93.0,6.138917446136475,976.4600219726562,13.0205
2024-09-22 02:57:11,4798.4716796875,38.21465881347657,3.705,-1.1499999999999986,3.989,-96.0,5.692631721496582,977.0057983398438,13.000000000000002
2024-09-22 01:57:11,5042.6123046875,40.6531170654297,3.703,-1.1499999999999986,3.992,-96.0,5.799685001373291,977.3005981445312,12.9754
2024-09-22 00:57:11,5228.76953125,42.51551696777344,3.706,-1.1499999999999986,3.992,-96.0,5.418270111083984,977.2178344726562,12.983600000000001
2024-09-21 23:57:11,5311.1669921875,43.34025268554687,3.709,-1.0999999999999943,3.992,-96.0,5.440958023071289,977.1417236328125,13.090200000000001
2024-09-21 22:57:11,5247.080078125,42.699358520507815,3.709,-1.1499999999999986,3.992,-96.0,6.0721435546875,977.1442260742188,13.065600000000002
2024-09-21 21:57:11,5079.2333984375,41.028594970703125,3.706,-1.1499999999999986,3.992,-96.0,8.14638900756836,976.3739013671875,13.237800000000002
2024-09-21 20:57:11,4795.419921875,38.192875976562505,3.703,-1.1499999999999986,3.989,-96.0,10.40865707397461,976.13232421875,12.0775
2024-09-21 19:57:11,4258.310546875,32.824983520507814,3.702,-1.0999999999999943,3.989,-91.0,11.954490661621094,975.8121948242188,13.951200000000002
2024-09-21 18:57:11,3574.716796875,25.99209594726563,3.702,-1.1499999999999986,3.992,-90.0,14.818328857421875,975.5072021484375,13.967600000000001
2024-09-21 17:57:10,3190.1953125,22.14800170898438,3.702,-1.1499999999999986,3.992,-93.0,14.804404258728027,975.3951416015625,14.5949
2024-09-21 16:57:10,2927.744140625,19.518222656250003,3.702,-1.1499999999999986,3.992,-92.0,12.419729232788086,975.921875,14.7466
2024-09-21 15:57:10,2787.36328125,18.111010742187503,3.702,-1.1499999999999986,3.992,-92.0,12.21288776397705,976.26220703125,14.0988
2024-09-21 14:57:10,2814.8291015625,18.381220703125003,3.702,-1.0999999999999943,3.992,-92.0,12.35064697265625,976.70703125,13.8733
2024-09-21 13:57:10,2915.537109375,19.385935058593752,3.701,-1.1499999999999986,3.992,-91.0,10.409541130065918,976.943603515625,14.1193
2024-09-21 12:57:10,3025.400390625,20.481082153320315,3.701,-1.1499999999999986,3.992,-92.0,7.540132999420166,977.2921752929688,14.2956
2024-09-21 11:57:10,3165.78125,21.882329711914068,3.701,-1.1499999999999986,3.992,-92.0,5.708594799041748,977.5482788085938,14.529300000000001
2024-09-21 10:57:10,3318.369140625,23.40587097167969,3.701,-1.1499999999999986,3.992,-92.0,3.896822452545166,977.7820434570312,14.6277
2024-09-21 09:57:10,3492.3193359375,25.14676025390625,3.699,-1.1499999999999986,3.992,-90.0,2.8534510135650635,977.643310546875,12.9549
2024-09-21 08:57:10,3708.994140625,27.31203857421875,3.698,-1.1499999999999986,3.992,-89.0,2.775470018386841,977.790283203125,12.926200000000001
2024-09-21 07:57:10,3962.2900390625,29.84705993652344,3.696,-1.1499999999999986,3.989,-88.0,2.242032527923584,977.5840454101562,12.9631
2024-09-21 06:57:10,4157.6025390625,31.799451904296877,3.69,-1.1499999999999986,3.992,-89.0,2.3899805545806885,977.6573486328125,12.864700000000001
2024-09-21 05:57:10,4395.6396484375,34.18182006835938,3.686,-1.1499999999999986,3.992,-91.0,2.2696118354797363,977.4576416015625,12.860600000000002
2024-09-21 04:57:10,4651.9873046875,36.744152832031254,3.683,-1.1499999999999986,3.992,-94.0,2.197336435317993,977.572021484375,12.893400000000002
2024-09-21 03:57:10,4825.9375,38.48542785644531,3.683,-1.1499999999999986,3.992,-96.0,2.1398022174835205,977.3947143554688,13.0738
2024-09-21 02:57:10,4954.111328125,39.770275878906254,3.685,-1.1499999999999986,3.992,-95.0,2.488950252532959,977.083740234375,12.9549
2024-09-21 01:57:10,5036.5087890625,40.59544555664063,3.686,-1.0999999999999943,3.989,-96.0,2.9270849227905273,976.9642333984375,13.0287
2024-09-21 00:57:11,5045.6640625,40.69306396484375,3.69,-1.0999999999999943,3.992,-97.0,3.350344181060791,976.357666015625,13.118900000000002
2024-09-20 23:57:11,4954.111328125,39.77831176757813,3.69,-1.1499999999999986,3.992,-96.0,3.694805860519409,976.2801513671875,13.090200000000001
2024-09-20 22:57:11,4777.109375,38.013543701171876,3.688,-1.1499999999999986,3.992,-96.0,4.518974781036377,975.7550048828125,13.065600000000002
2024-09-20 21:57:11,4441.416015625,34.66778381347656,3.684,-1.1499999999999986,3.989,-93.0,6.73980712890625,974.6376342773438,13.246
2024-09-20 20:57:11,4062.998046875,30.89123352050781,3.677,-1.0999999999999943,3.989,-90.0,8.944269180297852,973.8746948242188,13.3731
2024-09-20 19:57:10,3474.0087890625,25.004248657226565,3.674,-1.1499999999999986,3.992,-92.0,10.361379623413086,973.5839233398438,13.9389
2024-09-20 18:57:10,2952.158203125,19.79025390625,3.674,-1.0999999999999943,3.992,-92.0,11.24233627319336,973.1328125,14.2423
2024-09-20 17:57:10,2717.1728515625,17.440256347656252,3.674,-1.0999999999999943,3.992,-93.0,11.97758674621582,973.147216796875,14.492400000000002
2024-09-20 16:57:10,2534.0673828125,15.60832702636719,3.676,-1.0999999999999943,3.989,-96.0,11.391912460327148,973.2346801757812,14.537500000000001
2024-09-20 15:57:10,2494.39453125,15.211776733398441,3.675,-1.1499999999999986,3.992,-96.0,10.285300254821777,973.2168579101562,14.1849
2024-09-20 14:57:10,2561.533203125,15.882139892578127,3.675,-1.0999999999999943,3.992,-94.0,9.855045318603516,973.3192138671875,14.0332
2024-09-20 13:57:10,2662.2412109375,16.891510620117188,3.675,-1.1499999999999986,3.992,-93.0,8.715080261230469,973.0901489257812,13.651900000000001
2024-09-20 12:57:10,2759.8974609375,17.865493164062503,3.677,-1.0999999999999943,3.992,-92.0,6.524815559387207,973.34814453125,14.2095
2024-09-20 11:57:10,2860.60546875,18.873325195312503,3.676,-1.1499999999999986,3.992,-91.0,4.800738334655762,973.27294921875,14.439100000000002
2024-09-20 10:57:10,2961.3134765625,19.880816040039065,3.676,-1.0999999999999943,3.992,-92.0,2.7226903438568115,973.2318725585938,14.4022
2024-09-20 09:57:10,3068.125,20.949704589843748,3.677,-1.0999999999999943,3.992,-93.0,1.5161559581756592,973.154541015625,12.9959
2024-09-20 08:57:10,3184.091796875,22.111391601562502,3.677,-1.0999999999999943,3.992,-93.0,1.5593578815460205,972.95263671875,12.7704
2024-09-20 07:57:10,3309.2138671875,23.367255859375003,3.678,-1.1499999999999986,3.989,-93.0,1.5846948623657227,972.48828125,12.8155
2024-09-20 06:57:10,3428.232421875,24.562312011718753,3.68,-1.1499999999999986,3.992,-92.0,1.6505175828933716,972.001220703125,12.9426
2024-09-20 05:57:10,3544.19921875,25.72455017089844,3.68,-1.0999999999999943,3.992,-90.0,1.9586377143859863,971.7442016601562,12.959000000000001
2024-09-20 04:57:10,3654.0625,26.826406250000005,3.681,-1.1999999999999957,3.992,-90.0,2.6260290145874023,971.421875,12.8442
2024-09-20 03:57:10,3742.5634765625,27.713287963867188,3.682,-1.1499999999999986,3.992,-89.0,3.4887804985046387,971.2346801757812,13.024600000000001
2024-09-20 02:57:10,3760.8740234375,27.896738891601565,3.682,-1.1499999999999986,3.989,-89.0,3.9423351287841797,971.2001342773438,13.0205
2024-09-20 01:57:10,3708.994140625,27.376800537109375,3.682,-1.0999999999999943,3.992,-90.0,4.01725959777832,971.3140869140625,12.9959
2024-09-20 00:57:11,3596.0791015625,26.248033447265627,3.684,-1.0999999999999943,3.992,-91.0,3.8614330291748047,971.2757568359375,13.1599
2024-09-19 23:57:11,3419.0771484375,24.48000427246094,3.685,-1.0999999999999943,3.992,-93.0,4.009787559509277,971.0767211914062,13.1927
2024-09-19 22:57:11,3196.298828125,22.255122680664066,3.684,-1.1499999999999986,3.992,-95.0,4.639545917510986,970.7865600585938,12.9959
2024-09-19 21:57:11,2933.84765625,19.63040649414063,3.682,-1.1499999999999986,3.992,-93.0,5.461812973022461,970.8070068359375,13.295200000000001
2024-09-19 20:57:11,2588.9990234375,16.182301025390625,3.68,-1.0999999999999943,3.989,-94.0,6.510007381439209,970.7689208984375,13.5699
2024-09-19 19:57:11,2222.7880859375,12.526391601562503,3.674,-1.0999999999999943,3.992,-92.0,7.93513298034668,970.14892578125,13.9184
2024-09-19 18:57:10,1893.1982421875,9.233587036132812,3.674,-1.0999999999999943,3.992,-92.0,10.363212585449219,969.8395385742188,14.1972
2024-09-19 17:57:10,1539.1943359375,5.7000885009765625,3.675,-1.0999999999999943,3.992,-95.0,12.767927169799805,969.1854858398438,13.9184
2024-09-19 16:57:10,1292.001953125,3.227382202148438,3.682,-1.0999999999999943,3.992,-92.0,12.074790954589844,969.2637329101562,14.517000000000001
2024-09-19 15:57:10,1176.03515625,2.0650701904296875,3.686,-1.0499999999999972,3.992,-87.0,10.887548446655273,969.5281372070312,14.2177
2024-09-19 14:57:10,1160.7763671875,1.913318481445312,3.686,-1.0999999999999943,3.989,-85.0,9.547876358032227,969.4445190429688,14.168500000000002
2024-09-19 13:57:10,1163.828125,1.9392736816406253,3.687,-1.1499999999999986,3.992,-86.0,7.712601184844971,969.9007568359375,14.082400000000002
2024-09-19 12:57:10,1172.9833984375,2.0277337646484375,3.689,-1.0999999999999943,3.992,-87.0,4.972867488861084,970.2100219726562,14.1644
2024-09-19 11:57:10,1185.1904296875,2.143207397460938,3.69,-1.0999999999999943,3.989,-88.0,1.6620653867721558,970.8696899414062,14.496500000000001
2024-09-19 10:57:10,1200.44921875,2.2885723876953126,3.693,-1.1499999999999986,3.989,-88.0,-1.3180639743804932,971.5919799804688,14.459600000000002
2024-09-19 09:57:10,1209.6044921875,2.377180175781249,3.696,-1.0999999999999943,3.992,-90.0,-2.978832960128784,971.886474609375,13.004100000000001
2024-09-19 08:57:11,1227.9150390625,2.5641931152343744,3.697,-1.1499999999999986,3.992,-90.0,-1.3458471298217773,971.4957275390625,12.881100000000002
2024-09-19 07:57:11,1246.2255859375,2.7526623535156247,3.699,-1.0999999999999943,3.992,-91.0,0.6758202910423279,970.9593505859375,12.7704
2024-09-19 06:57:11,1258.4326171875,2.8798278808593745,3.697,-1.1499999999999986,3.992,-92.0,2.14836049079895,970.4498291015625,12.774500000000002
2024-09-19 05:57:11,1273.69140625,3.03594970703125,3.696,-1.1499999999999986,3.989,-93.0,2.599741220474243,970.096435546875,12.885200000000001
2024-09-19 04:57:11,1292.001953125,3.220921020507812,3.691,-1.0999999999999943,3.992,-93.0,2.844960927963257,969.9098510742188,12.885200000000001
2024-09-19 03:57:11,1301.1572265625,3.3154833984375,3.685,-1.1499999999999986,3.992,-93.0,3.5443456172943115,969.60888671875,12.877
2024-09-19 02:57:11,1304.208984375,3.3470898437499996,3.684,-1.1499999999999986,3.992,-93.0,3.783383846282959,969.5,12.9877
2024-09-19 01:57:11,1310.3125,3.408775024414062,3.684,-1.1499999999999986,3.992,-93.0,3.854435920715332,969.4349975585938,12.9672
2024-09-19 00:57:11,1301.1572265625,3.321769409179688,3.683,-1.0999999999999943,3.992,-93.0,3.8869054317474365,968.9802856445312,13.077900000000001
2024-09-18 23:57:11,1301.1572265625,3.326367797851563,3.682,-1.0999999999999943,3.992,-93.0,3.9402294158935547,968.5204467773438,13.098400000000002
2024-09-18 22:57:11,1295.0537109375,3.2680401611328125,3.683,-1.0999999999999943,3.992,-94.0,4.347524642944336,968.2496948242188,13.004100000000001
2024-09-18 21:57:11,1288.9501953125,3.2107568359374996,3.683,-1.0999999999999943,3.992,-94.0,5.059747219085693,967.87451171875,13.241900000000001
2024-09-18 20:57:11,1298.10546875,3.306881103515625,3.683,-1.1499999999999986,3.989,-94.0,5.889689922332764,967.4173583984375,13.4428
2024-09-18 19:57:11,1310.3125,3.4332641601562495,3.682,-1.1499999999999986,3.992,-93.0,6.398402214050293,966.986083984375,14.2177
2024-09-18 18:57:11,1346.93359375,3.8059716796874996,3.682,-1.0999999999999943,3.989,-92.0,6.361517429351807,966.33642578125,14.1644
2024-09-18 17:57:11,1386.6064453125,4.204476928710937,3.682,-1.0999999999999943,3.992,-91.0,5.957074165344238,966.1587524414062,14.266900000000001
2024-09-18 16:57:11,1447.6416015625,4.819279785156249,3.682,-1.0999999999999943,3.992,-92.0,5.502501010894775,965.713623046875,14.3817
2024-09-18 15:57:11,1484.2626953125,5.185894165039063,3.682,-1.1499999999999986,3.992,-92.0,4.886939525604248,965.6732788085938,14.545700000000002
2024-09-18 14:57:11,1542.24609375,5.76938720703125,3.682,-1.1499999999999986,3.989,-89.0,4.058355808258057,965.307373046875,14.2382
2024-09-18 13:57:11,1609.384765625,6.442125854492188,3.683,-1.0999999999999943,3.989,-88.0,3.7882068157196045,965.1721801757812,13.725700000000002
2024-09-18 12:57:11,1694.833984375,7.3010101318359375,3.684,-1.1499999999999986,3.992,-89.0,4.094425201416016,964.7329711914062,13.1599
2024-09-18 11:57:11,1804.697265625,8.402808837890625,3.684,-1.0999999999999943,3.992,-88.0,3.7382116317749023,964.4163818359375,12.7909
2024-09-18 10:57:11,1932.87109375,9.6850439453125,3.684,-1.1499999999999986,3.992,-91.0,3.473156690597534,964.36669921875,12.946700000000002
2024-09-18 09:57:11,2033.5791015625002,10.69688171386719,3.686,-1.1499999999999986,3.989,-90.0,3.4610657691955566,963.8909301757812,12.9221
2024-09-18 08:57:11,2143.4423828125,11.799177246093752,3.687,-1.0999999999999943,3.992,-88.0,3.5068492889404297,963.524658203125,12.9631
2024-09-18 07:57:11,2262.4609375,12.993364257812502,3.687,-1.1499999999999986,3.992,-89.0,2.5303869247436523,963.12451171875,12.774500000000002
2024-09-18 06:57:11,2329.599609375,13.666649169921875,3.686,-1.0999999999999943,3.992,-91.0,1.9369006156921387,962.9346923828125,12.885200000000001
2024-09-18 05:57:11,2384.53125,14.218211059570315,3.686,-1.0999999999999943,3.992,-92.0,2.051699161529541,962.7101440429688,12.827800000000002
2024-09-18 04:57:11,2411.9970703125,14.496896972656252,3.686,-1.0999999999999943,3.989,-93.0,1.8094689846038818,962.307373046875,13.0287
2024-09-18 03:57:11,2415.048828125,14.527318115234378,3.685,-1.1499999999999986,3.992,-93.0,1.7664026021957397,962.3170166015625,12.9754
2024-09-18 02:57:11,2402.841796875,14.403308715820312,3.686,-1.1499999999999986,3.992,-93.0,2.129748582839966,962.5109252929688,12.9098
2024-09-18 01:57:11,2363.1689453125,14.010603637695315,3.685,-1.1999999999999957,3.992,-91.0,3.6611132621765137,962.1085815429688,13.057400000000001
2024-09-18 00:57:11,2302.1337890625,13.402703247070313,3.685,-1.1499999999999986,3.992,-90.0,4.321507453918457,961.8634643554688,12.991800000000001
2024-09-17 23:57:11,2222.7880859375,12.608369750976564,3.685,-1.1499999999999986,3.989,-90.0,4.501041412353516,961.9511108398438,13.0738
2024-09-17 22:57:11,2109.873046875,11.481041259765627,3.687,-1.1499999999999986,3.992,-89.0,5.066404819488525,961.7689208984375,13.237800000000002
2024-09-17 21:57:11,1990.8544921875,10.297118530273437,3.688,-1.0999999999999943,3.992,-90.0,5.851311206817627,961.1426391601562,13.3772
2024-09-17 20:57:11,1887.0947265625,9.260032958984375,3.689,-1.0999999999999943,3.992,-89.0,6.949092864990234,961.0914306640625,13.705200000000001
2024-09-17 19:57:11,1731.455078125,7.708995971679688,3.687,-1.1499999999999986,3.992,-87.0,7.891592025756836,960.5554809570312,13.910200000000001
2024-09-17 18:57:11,1652.109375,6.91693115234375,3.687,-1.1499999999999986,3.992,-89.0,8.455732345581055,960.416259765625,14.234100000000002
2024-09-17 17:57:11,1630.7470703125,6.705984497070312,3.688,-1.0999999999999943,3.992,-88.0,8.870567321777344,960.1486206054688,12.430100000000001
2024-09-17 16:57:11,1670.419921875,7.102772827148437,3.69,-1.0999999999999943,3.989,-87.0,9.182967185974121,960.1426391601562,14.4227
2024-09-17 15:57:11,1771.1279296875,8.109127807617186,3.691,-1.1499999999999986,3.992,-87.0,9.493940353393555,960.2151489257812,14.5334
2024-09-17 14:57:11,1917.6123046875,9.57078369140625,3.696,-1.0999999999999943,3.992,-84.0,9.786030769348145,960.533935546875,14.3571
2024-09-17 13:57:11,2042.7343750000002,10.816876831054689,3.697,-1.0999999999999943,3.989,-89.0,6.874982833862305,961.0466918945312,13.7995
2024-09-17 12:57:11,2189.21875,12.278076782226567,3.698,-1.0999999999999943,3.992,-88.0,5.58041524887085,961.4110717773438,13.2337
2024-09-17 11:57:11,2317.392578125,13.560852050781254,3.698,-1.1499999999999986,3.992,-90.0,4.923959732055664,961.307373046875,13.0615
2024-09-17 10:57:11,2430.3076171875,14.689268188476564,3.701,-1.0999999999999943,3.989,-92.0,4.164322376251221,961.3807983398438,12.971300000000001
2024-09-17 09:57:11,2546.2744140625,15.844772338867191,3.702,-1.0999999999999943,3.989,-92.0,3.591623544692993,961.7971801757812,12.9426
2024-09-17 08:57:11,2659.189453125,16.977322387695317,3.703,-1.0999999999999943,3.992,-91.0,3.473156690597534,961.4572143554688,13.118900000000002
2024-09-17 07:57:11,2775.15625,18.137559204101564,3.705,-1.1499999999999986,3.992,-90.0,3.5058300495147705,961.4003295898438,12.8442
2024-09-17 06:57:11,2863.6572265625,19.021314697265627,3.706,-1.1499999999999986,3.992,-90.0,3.5928454399108887,961.5257568359375,12.950800000000001
2024-09-17 05:57:11,2921.640625,19.602796630859377,3.707,-1.1499999999999986,3.992,-91.0,3.5839476585388184,961.3609619140625,13.0738
2024-09-17 04:57:11,2939.951171875,19.786419677734376,3.707,-1.0999999999999943,3.992,-91.0,3.5687317848205566,961.3092041015625,12.938500000000001
2024-09-17 03:57:11,2924.6923828125,19.635369262695313,3.709,-1.1499999999999986,3.992,-91.0,3.553176164627075,961.1554565429688,12.840100000000001
2024-09-17 02:57:11,2869.7607421875,19.08756225585938,3.709,-1.0999999999999943,3.992,-92.0,3.4762134552001953,961.0045166015625,12.885200000000001
2024-09-17 01:57:11,2784.3115234375,18.23336059570313,3.712,-1.0999999999999943,3.989,-90.0,3.10009765625,960.9754638671875,12.991800000000001
2024-09-17 00:57:11,2643.9306640625,16.832145996093754,3.712,-1.1499999999999986,3.992,-90.0,2.195366144180298,960.716064453125,12.8483
2024-09-16 23:57:11,2469.98046875,15.096013793945314,3.712,-1.1499999999999986,3.992,-92.0,2.530930280685425,960.3790893554688,13.1148
2024-09-16 22:57:11,2277.7197265625,13.177322387695316,3.707,-1.1499999999999986,3.989,-90.0,3.93302845954895,959.9874877929688,13.1476
2024-09-16 21:57:11,2015.2685546875002,10.557116699218753,3.712,-1.1499999999999986,3.989,-89.0,5.60283088684082,959.556884765625,13.217300000000002
2024-09-16 20:57:11,1755.869140625,7.9705004882812505,3.706,-1.1499999999999986,3.989,-86.0,7.555892467498779,958.819091796875,13.725700000000002
2024-09-16 19:57:11,1526.9873046875,5.685590209960938,3.706,-1.0999999999999943,3.989,-88.0,9.320725440979004,958.4282836914062,14.135700000000002
2024-09-16 18:57:11,1346.93359375,3.8857189941406247,3.7,-1.0999999999999943,3.992,-90.0,10.75739860534668,958.3616943359375,14.484200000000001
2024-09-16 17:57:11,1206.552734375,2.4877490234375,3.703,-1.1499999999999986,3.992,-95.0,11.072176933288574,957.77783203125,14.664600000000002
2024-09-16 16:57:11,1203.5009765625,2.4511126708984374,3.707,-1.0999999999999943,3.992,-94.0,10.89474868774414,958.3897094726562,14.0783
2024-09-16 15:57:11,1282.8466796875,3.2430279541015627,3.709,-1.1499999999999986,3.992,-91.0,10.857661247253418,958.5438842773438,14.3571
2024-09-16 14:57:11,1420.17578125,4.616865844726562,3.708,-1.1499999999999986,3.992,-89.0,10.90670394897461,958.4891967773438,14.430900000000001
2024-09-16 13:57:11,1520.8837890625,5.623826904296875,3.712,-1.0999999999999943,3.992,-87.0,8.613053321838379,958.5010986328125,14.353000000000002
2024-09-16 12:57:11,1633.798828125,6.7497021484375,3.712,-1.1499999999999986,3.992,-86.0,5.746158599853516,958.82861328125,14.201300000000002
2024-09-16 11:57:11,1774.1796875,8.146353149414063,3.713,-1.1499999999999986,3.992,-87.0,3.2686939239501953,959.5443725585938,13.176300000000001
2024-09-16 10:57:11,1938.974609375,9.791141357421875,3.714,-1.1499999999999986,3.992,-88.0,2.1054980754852295,959.8604736328125,12.950800000000001
2024-09-16 09:57:11,2070.2001953125,11.104119262695313,3.714,-1.1499999999999986,3.992,-88.0,1.2542943954467773,959.7882690429688,12.9344
2024-09-16 08:57:11,2213.6328125,12.540289306640627,3.716,-1.1499999999999986,3.992,-88.0,1.857357144355774,959.6038818359375,12.9344
2024-09-16 07:57:11,2338.7548828125,13.79350524902344,3.717,-1.1499999999999986,3.992,-89.0,2.8716564178466797,959.4043579101562,12.9877
2024-09-16 06:57:11,2430.3076171875,14.708515014648441,3.717,-1.1499999999999986,3.992,-92.0,3.4697606563568115,959.4561157226562,13.118900000000002
2024-09-16 05:57:11,2512.705078125,15.530784912109377,3.717,-1.1499999999999986,3.992,-91.0,3.404345750808716,959.6265869140625,12.819600000000001
2024-09-16 04:57:11,2558.4814453125,15.986958007812502,3.717,-1.1999999999999957,3.989,-92.0,3.682985782623291,959.78564453125,12.946700000000002
2024-09-16 03:57:11,2561.533203125,16.01547607421875,3.716,-1.1499999999999986,3.992,-92.0,3.842209577560425,959.985595703125,13.045100000000001
2024-09-16 02:57:11,2506.6015625,15.465490722656252,3.714,-1.0999999999999943,3.992,-91.0,3.9125816822052,960.052490234375,13.032800000000002
2024-09-16 01:57:11,2421.15234375,14.608242187500002,3.712,-1.0999999999999943,3.989,-92.0,4.052242279052734,960.328125,12.9754
2024-09-16 00:57:11,2314.3408203125,13.539061279296876,3.7,-1.1499999999999986,3.992,-90.0,4.105904579162598,960.4346923828125,13.1066
2024-09-15 23:57:11,2134.287109375,11.737066650390627,3.693,-1.0999999999999943,3.992,-87.0,4.232522010803223,960.5804443359375,13.118900000000002
2024-09-15 22:57:11,1914.560546875,9.541632080078125,3.694,-1.0999999999999943,3.989,-88.0,4.792111873626709,960.3973388671875,13.0615
2024-09-15 21:57:11,1584.970703125,6.246481933593749,3.698,-1.1499999999999986,3.992,-86.0,5.940975189208984,960.322509765625,13.295200000000001
2024-09-15 20:57:11,1328.623046875,3.686163330078125,3.699,-1.0999999999999943,3.992,-89.0,6.969606876373291,960.0067138671875,13.5822
2024-09-15 19:57:11,1002.0849609375,0.4214294433593746,3.69,-1.0999999999999943,3.992,-90.0,7.851649284362793,959.9420166015625,14.205400000000001
2024-09-15 18:57:11,968.515625,0.08830322265624968,3.993,-1.0999999999999943,3.992,-96.0,9.407265663146973,959.685302734375,14.037300000000002
2024-09-15 17:57:11,965.4638671875,0.06163574218750023,3.994,-1.0999999999999943,3.992,-95.0,11.280170440673828,959.30029296875,14.5949
2024-09-15 16:57:11,962.412109375,0.03054138183593791,3.994,-1.1499999999999986,3.989,-95.0,12.601707458496094,959.3579711914062,14.496500000000001
2024-09-15 15:57:11,965.4638671875,0.060882568359375,3.994,-1.1499999999999986,3.989,-96.0,11.689096450805664,959.3756103515625,14.5006
2024-09-15 14:57:11,962.412109375,0.025924072265625098,3.994,-1.0999999999999943,3.992,-95.0,7.865982532501221,959.8197021484375,14.6072
2024-09-15 13:57:11,959.3603515625,-0.007960815429687296,3.994,-1.1999999999999957,3.992,-96.0,6.937748908996582,960.1564331054688,14.275100000000002
2024-09-15 12:57:11,965.4638671875,0.04956542968750033,3.994,-1.0999999999999943,3.992,-95.0,5.53619384765625,960.50732421875,13.844600000000002
2024-09-15 11:57:11,959.3603515625,-0.011057128906249991,3.995,-1.0999999999999943,3.989,-96.0,3.962780714035034,960.466064453125,13.426400000000001
2024-09-15 10:57:11,959.3603515625,-0.010297851562499627,3.995,-1.0999999999999943,3.992,-95.0,3.359853506088257,960.39013671875,13.0738
2024-09-15 09:57:11,962.412109375,0.02039611816406217,3.995,-1.1499999999999986,3.992,-95.0,3.353060245513916,960.3724975585938,13.0164
2024-09-15 08:57:11,959.3603515625,-0.011129150390625231,3.996,-1.0999999999999943,3.992,-96.0,3.508751153945923,960.4732666015625,12.959000000000001
2024-09-15 07:57:11,962.412109375,0.020067749023436887,3.996,-1.0999999999999943,3.992,-95.0,3.46235728263855,960.4053344726562,12.991800000000001
2024-09-15 06:57:11,962.412109375,0.02115051269531265,3.997,-1.0999999999999943,3.992,-95.0,3.5563013553619385,960.2970581054688,12.819600000000001
2024-09-15 05:57:11,1057.0166015625,0.9692126464843753,3.689,-1.0999999999999943,3.992,-89.0,3.6144471168518066,960.0953369140625,13.032800000000002
2024-09-15 04:57:11,1166.8798828125,2.0667285156250004,3.683,-1.1499999999999986,3.992,-91.0,3.861025333404541,960.20703125,12.872900000000001
2024-09-15 03:57:11,1304.208984375,3.44000244140625,3.676,-1.0999999999999943,3.992,-89.0,3.8877880573272705,960.208740234375,12.991800000000001
2024-09-15 02:57:11,1383.5546875,4.232084350585938,3.678,-1.1499999999999986,3.992,-87.0,3.8852758407592773,960.3462524414062,12.905700000000001
2024-09-15 01:57:11,1377.451171875,4.170958862304688,3.683,-1.0499999999999972,3.992,-86.0,4.046060562133789,960.3552856445312,12.938500000000001
2024-09-15 00:57:11,1295.0537109375,3.348223266601562,3.691,-1.0999999999999943,3.989,-89.0,4.2706298828125,960.2313842773438,13.024600000000001
2024-09-14 23:57:11,1154.6728515625,1.9456158447265626,3.698,-1.0999999999999943,3.992,-91.0,4.702855110168457,960.1112670898438,13.090200000000001
2024-09-14 22:57:11,1044.8095703125,0.8485626220703124,3.678,-1.0999999999999943,3.992,-90.0,5.110218524932861,959.9533081054688,12.9549
2024-09-14 21:57:11,959.3603515625,0.000917358398437873,3.992,-1.0999999999999943,3.992,-95.0,5.983702182769775,959.2686157226562,13.2337
2024-09-14 20:57:11,965.4638671875,0.06476989746093786,3.991,-1.0999999999999943,3.992,-96.0,7.450467586517334,958.9868774414062,13.4387
2024-09-14 19:57:11,965.4638671875,0.07130249023437507,3.992,-1.0999999999999943,3.992,-96.0,10.332646369934082,958.3336181640625,12.9303
2024-09-14 18:57:11,959.3603515625,0.012185058593749964,3.993,-1.0999999999999943,3.992,-96.0,11.452165603637695,958.141845703125,14.049600000000002
2024-09-14 17:57:11,959.3603515625,0.015104980468749751,3.993,-1.0999999999999943,3.992,-96.0,11.741538047790527,957.849853515625,14.139800000000001
2024-09-14 16:57:11,959.3603515625,0.012053222656249751,3.993,-1.0999999999999943,3.992,-96.0,10.413344383239746,958.155029296875,14.275100000000002
2024-09-14 15:57:11,959.3603515625,0.01076599121093702,3.993,-1.0999999999999943,3.989,-96.0,9.23038101196289,958.2837524414062,14.644100000000002
2024-09-14 14:57:11,962.412109375,0.03911193847656258,3.994,-1.1499999999999986,3.989,-95.0,7.669806957244873,958.5009155273438,14.5088
2024-09-14 13:57:11,959.3603515625,0.004876708984374867,3.994,-1.0999999999999943,3.992,-95.0,6.245563983917236,958.8726806640625,14.385800000000001
2024-09-14 12:57:11,965.4638671875,0.06312744140624993,3.994,-1.0999999999999943,3.992,-95.0,4.591317176818848,959.151123046875,13.729800000000001
2024-09-14 11:57:11,962.412109375,0.03214904785156292,3.994,-1.0999999999999943,3.992,-95.0,3.365288019180298,959.1972045898438,13.389500000000002
2024-09-14 10:57:11,962.412109375,0.02924743652343742,3.994,-1.0999999999999943,3.992,-95.0,2.6640002727508545,959.4873657226562,12.979500000000002
2024-09-14 09:57:11,965.4638671875,0.05888244628906247,3.994,-1.0999999999999943,3.992,-95.0,1.946138858795166,959.5756225585938,12.885200000000001
2024-09-14 08:57:11,959.3603515625,-0.0012854003906248579,3.995,-1.0999999999999943,3.992,-95.0,2.3479321002960205,959.4888916015625,12.9549
2024-09-14 07:57:11,962.412109375,0.028091430664062278,3.995,-1.1499999999999986,3.989,-95.0,3.3048315048217773,959.6029663085938,12.9754
2024-09-14 06:57:11,965.4638671875,0.05565917968749945,3.995,-1.1499999999999986,3.989,-95.0,3.551002264022827,959.89794921875,12.979500000000002
2024-09-14 05:57:11,962.412109375,0.026619262695312118,3.996,-1.0999999999999943,3.989,-93.0,3.692903995513916,959.7501831054688,12.9426
2024-09-14 04:57:11,962.412109375,0.02402282714843773,3.995,-1.0999999999999943,3.989,-95.0,3.755465030670166,960.0098266601562,13.0615
2024-09-14 03:57:11,1020.3955078125,0.6024725341796877,3.699,-1.0999999999999943,3.992,-86.0,3.7179017066955566,960.1482543945312,12.9754
2024-09-14 02:57:11,1115.0,1.546920166015625,3.688,-1.0999999999999943,3.992,-90.0,3.733660936355591,960.3079833984375,13.0205
2024-09-14 01:57:11,1172.9833984375,2.122607421875,3.684,-1.0999999999999943,3.992,-90.0,3.8923401832580566,960.72265625,12.979500000000002
2024-09-14 00:57:11,1169.931640625,2.0912353515625,3.69,-1.0999999999999943,3.992,-89.0,4.149310111999512,960.80810546875,13.057400000000001
2024-09-13 23:57:11,1093.6376953125,1.330722045898437,3.687,-1.1499999999999986,3.989,-89.0,4.087429046630859,960.5654907226562,13.032800000000002
2024-09-13 22:57:11,983.7744140625,0.23273193359374944,3.671,-1.0999999999999943,3.992,-86.0,4.284826755523682,960.501220703125,13.131200000000002
2024-09-13 21:57:11,959.3603515625,-0.010651245117188068,3.993,-1.0999999999999943,3.989,-95.0,5.358222484588623,960.4254760742188,13.348500000000001
2024-09-13 20:57:11,959.3603515625,-0.004301147460937793,3.992,-1.0999999999999943,3.992,-96.0,7.162793159484863,959.7904663085938,13.672400000000001
2024-09-13 19:57:11,965.4638671875,0.06217285156249974,3.992,-1.1499999999999986,3.989,-95.0,9.452776908874512,959.24658203125,15.013100000000001
2024-09-13 18:57:11,959.3603515625,0.008053588867187322,3.993,-1.0999999999999943,3.992,-95.0,12.192917823791504,958.5549926757812,13.9389
2024-09-13 17:57:11,959.3603515625,0.011006469726562162,3.994,-1.1499999999999986,3.992,-95.0,15.071359634399414,958.2597045898438,13.9389
2024-09-13 16:57:11,959.3603515625,0.010476684570311923,3.993,-1.0999999999999943,3.992,-95.0,14.101553916931152,958.3126831054688,13.922500000000001
2024-09-13 15:57:11,959.3603515625,0.011217651367186887,3.994,-1.1499999999999986,3.992,-95.0,14.566248893737793,958.2385864257812,13.844600000000002
2024-09-13 14:57:11,962.412109375,0.03948669433593732,3.994,-1.0999999999999943,3.992,-95.0,14.273411750793457,958.4634399414062,13.967600000000001
2024-09-13 13:57:11,962.412109375,0.03796630859374983,3.994,-1.0999999999999943,3.992,-95.0,10.630169868469238,958.615478515625,14.094700000000001
2024-09-13 12:57:11,962.412109375,0.036038208007812544,3.995,-1.0999999999999943,3.989,-95.0,8.248212814331055,958.8082885742188,14.1849
2024-09-13 11:57:11,962.412109375,0.0330932617187496,3.995,-1.1499999999999986,3.992,-95.0,5.482666015625,959.102783203125,14.517000000000001
2024-09-13 10:57:11,968.515625,0.09075134277343744,3.995,-1.1499999999999986,3.992,-94.0,2.584932804107666,959.4404907226562,14.435
2024-09-13 09:57:11,1069.2236328125,1.0946862792968748,3.653,-1.0999999999999943,3.992,-86.0,1.3937499523162842,959.7550048828125,12.8483
2024-09-13 08:57:11,1679.5751953125,7.197083129882812,3.642,-1.0999999999999943,3.992,-82.0,1.0810106992721558,959.8668823242188,12.950800000000001
2024-09-13 07:57:11,2225.83984375,12.660840454101566,3.643,-1.1499999999999986,3.992,-85.0,1.2780689001083374,959.7557983398438,12.9344
2024-09-13 06:57:11,2564.5849609375,16.047044677734377,3.643,-1.0999999999999943,3.992,-87.0,1.2518494129180908,959.8804931640625,12.938500000000001
2024-09-13 05:57:11,2833.1396484375,18.73277770996094,3.641,-1.1499999999999986,3.992,-89.0,1.4662292003631592,959.8618774414062,12.971300000000001
2024-09-13 04:57:11,3013.193359375,20.533273925781252,3.643,-1.1499999999999986,3.992,-87.0,1.8895556926727295,959.865966796875,13.012300000000002
2024-09-13 03:57:11,3171.884765625,22.12022888183594,3.645,-1.1499999999999986,3.989,-87.0,2.239112615585327,959.8618774414062,13.012300000000002
2024-09-13 02:57:11,3260.3857421875,23.00320434570313,3.648,-1.0999999999999943,3.992,-87.0,2.145303964614868,960.0653076171875,12.9221
2024-09-13 01:57:11,3330.576171875,23.70426635742188,3.65,-1.0999999999999943,3.992,-87.0,2.4045166969299316,960.1495361328125,13.0738
2024-09-13 00:57:11,3336.6796875,23.7661328125,3.653,-1.0999999999999943,3.992,-86.0,3.177739143371582,960.06640625,13.184500000000002
2024-09-12 23:57:11,3281.748046875,23.213121337890627,3.658,-1.0999999999999943,3.992,-87.0,3.0823681354522705,960.4359130859375,13.164000000000001
2024-09-12 22:57:11,3107.7978515625,21.47570495605469,3.666,-1.1499999999999986,3.992,-87.0,5.106550216674805,960.2273559570312,13.287
2024-09-12 21:57:11,2836.19140625,18.76325622558594,3.681,-1.0999999999999943,3.989,-89.0,8.072687149047852,959.8657836914062,13.6232
2024-09-12 20:57:11,2430.3076171875,14.706440429687502,3.691,-1.1499999999999986,3.992,-88.0,10.555245399475098,959.66357421875,14.1193
2024-09-12 19:57:11,1783.3349609375,8.234368286132813,3.647,-1.0999999999999943,3.992,-84.0,12.452537536621094,959.8981323242188,13.869200000000001
2024-09-12 18:57:11,962.412109375,0.025947875976561896,3.978,-1.1499999999999986,3.992,-95.0,13.361479759216309,959.8173217773438,14.020900000000001
2024-09-12 17:57:11,968.515625,0.08459045410156296,3.979,-1.0999999999999943,3.992,-96.0,13.026663780212402,960.0565795898438,14.148000000000001
2024-09-12 16:57:11,965.4638671875,0.047940063476562544,3.979,-1.0999999999999943,3.989,-95.0,12.656593322753906,960.6698608398438,14.160300000000001
2024-09-12 15:57:11,965.4638671875,0.04222167968749968,3.978,-1.0999999999999943,3.989,-95.0,11.916926383972168,961.24169921875,14.0783
2024-09-12 14:57:11,968.515625,0.06748779296875007,3.978,-1.0999999999999943,3.989,-95.0,10.033967018127441,961.766845703125,14.1316
2024-09-12 13:57:11,968.515625,0.06646850585937503,3.979,-1.1499999999999986,3.989,-95.0,10.31994342803955,961.8687744140625,14.2177
2024-09-12 12:57:11,968.515625,0.06028930664062515,3.979,-1.1499999999999986,3.992,-95.0,6.503961086273193,962.4866943359375,14.3161
2024-09-12 11:57:11,968.515625,0.0587280273437496,3.978,-1.1499999999999986,3.992,-95.0,6.551239013671875,962.642822265625,14.5088
2024-09-12 10:57:11,965.4638671875,0.023143310546874796,3.979,-1.0999999999999943,3.989,-95.0,4.941824913024902,963.1495361328125,14.537500000000001
2024-09-12 09:57:11,968.515625,0.04797485351562436,3.979,-1.1499999999999986,3.989,-95.0,3.770273447036743,963.7181396484375,13.0082
2024-09-12 08:57:11,965.4638671875,0.014424438476562385,3.979,-1.1999999999999957,3.989,-95.0,4.124516487121582,964.0214233398438,12.9303
2024-09-12 07:57:11,965.4638671875,0.01379516601562436,3.979,-1.0999999999999943,3.992,-95.0,5.080329418182373,964.0843505859375,13.012300000000002
2024-09-12 06:57:11,968.515625,0.0438531494140626,3.98,-1.0999999999999943,3.989,-95.0,5.780190467834473,964.1303100585938,12.860600000000002
2024-09-12 05:57:11,965.4638671875,0.010045166015625329,3.98,-1.0999999999999943,3.989,-95.0,5.5791916847229,964.4593505859375,12.9426
2024-09-12 04:57:11,971.5673828125,0.06893005371093719,3.981,-1.1499999999999986,3.989,-95.0,5.103221416473389,964.6743774414062,12.786800000000001
2024-09-12 03:57:11,968.515625,0.03346862792968697,3.979,-1.1499999999999986,3.992,-96.0,4.726425647735596,965.1687622070312,12.9426
2024-09-12 02:57:11,968.515625,0.02935180664062509,3.981,-1.1499999999999986,3.989,-96.0,5.113479137420654,965.5804443359375,13.041
2024-09-12 01:57:11,968.515625,0.02482666015624968,3.98,-1.1499999999999986,3.992,-96.0,4.103459358215332,966.032958984375,12.9672
2024-09-12 00:57:11,968.515625,0.022846679687500426,3.979,-1.1499999999999986,3.992,-96.0,2.93122935295105,966.23095703125,13.065600000000002
2024-09-11 23:57:11,968.515625,0.022176513671875453,3.984,-1.0999999999999943,3.992,-96.0,3.3419885635375977,966.2979736328125,13.0287
2024-09-11 22:57:11,971.5673828125,0.054614257812499734,3.981,-1.1499999999999986,3.989,-96.0,4.645388126373291,966.10595703125,11.9176
2024-09-11 21:57:11,968.515625,0.026665649414062687,3.981,-1.1499999999999986,3.992,-96.0,6.53242301940918,965.8490600585938,13.656
2024-09-11 20:57:11,971.5673828125,0.06136108398437479,3.984,-1.0999999999999943,3.992,-96.0,10.456138610839844,965.4312744140625,14.102900000000002
2024-09-11 19:57:11,968.515625,0.03659240722656221,3.984,-1.1499999999999986,3.992,-95.0,12.974360466003418,964.8563842773438,14.074200000000001
2024-09-11 18:57:11,968.515625,0.039982910156249885,3.984,-1.0999999999999943,3.989,-96.0,14.27273178100586,964.517333984375,14.0455
2024-09-11 17:57:11,974.619140625,0.10081970214843694,3.984,-1.0999999999999943,3.989,-95.0,15.359169960021973,964.5371704101562,14.020900000000001
2024-09-11 16:57:10,968.515625,0.03792785644531227,3.984,-1.1499999999999986,3.989,-95.0,14.979521751403809,964.7228393554688,13.934800000000001
2024-09-11 15:57:10,968.515625,0.039129638671875355,3.984,-1.1499999999999986,3.992,-95.0,14.315866470336914,964.6026611328125,13.955300000000001
2024-09-11 14:57:10,968.515625,0.03441589355468788,3.984,-1.0999999999999943,3.992,-96.0,12.301399230957031,965.0740356445312,14.1193
2024-09-11 13:57:10,968.515625,0.03335449218749953,3.984,-1.0999999999999943,3.989,-96.0,11.27215576171875,965.18017578125,14.201300000000002
2024-09-11 12:57:10,971.5673828125,0.06738464355468765,3.984,-1.0999999999999943,3.992,-96.0,8.12614631652832,964.8289184570312,14.1439
2024-09-11 11:57:10,968.515625,0.03523925781249937,3.984,-1.1499999999999986,3.992,-96.0,6.112357139587402,964.99169921875,14.406300000000002
2024-09-11 10:57:10,968.515625,0.03477050781250046,3.984,-1.1499999999999986,3.992,-95.0,3.3623669147491455,965.03857421875,14.3489
2024-09-11 09:57:10,968.515625,0.03223876953124982,3.984,-1.0999999999999943,3.989,-96.0,0.8561694622039795,965.291748046875,13.41
2024-09-11 08:57:10,965.4638671875,0.0039471435546878375,3.984,-1.0999999999999943,3.992,-96.0,0.22892333567142487,965.0691528320312,12.807300000000001
2024-09-11 07:57:10,968.515625,0.03600219726562437,3.984,-1.0999999999999943,3.989,-96.0,0.31342530250549316,964.9154052734375,12.9426
2024-09-11 06:57:11,968.515625,0.04062499999999969,3.984,-1.0999999999999943,3.992,-95.0,0.6648840308189392,964.453125,12.877
2024-09-11 05:57:11,968.515625,0.04397033691406205,3.984,-1.1499999999999986,3.989,-96.0,0.7956457734107971,964.1185913085938,12.852400000000001
2024-09-11 04:57:11,968.515625,0.045861816406249645,3.984,-1.0999999999999943,3.992,-96.0,0.5953259468078613,963.929443359375,12.946700000000002
2024-09-11 03:57:11,965.4638671875,0.021530761718749902,3.984,-1.0999999999999943,3.992,-95.0,1.3724206686019897,963.310791015625,13.0164
2024-09-11 02:57:11,968.515625,0.058140869140624885,3.984,-1.0999999999999943,3.992,-95.0,1.9911755323410034,962.7015380859375,13.0164
2024-09-11 01:57:11,962.412109375,0.0046759033203125355,3.984,-1.0999999999999943,3.992,-95.0,3.355710506439209,961.9445190429688,13.0533
2024-09-11 00:57:11,965.4638671875,0.04754821777343765,3.984,-1.0999999999999943,3.992,-96.0,5.052208423614502,960.7090454101562,13.164000000000001
2024-09-10 23:57:11,962.412109375,0.025646362304687642,3.984,-1.0999999999999943,3.989,-95.0,6.245359897613525,959.8474731445312,13.102500000000001
2024-09-10 22:57:11,959.3603515625,9.704589843728684e-05,3.984,-1.0999999999999943,3.989,-95.0,7.617230415344238,959.3506469726562,13.2993
2024-09-10 21:57:11,959.3603515625,0.009713134765625409,3.985,-1.0999999999999943,3.989,-95.0,9.72795295715332,958.3890380859375,14.1439
2024-09-10 20:57:11,959.3603515625,0.015439453125000169,3.984,-1.0999999999999943,3.992,-95.0,12.225048065185547,957.81640625,14.037300000000002
2024-09-10 19:57:11,959.3603515625,0.01865966796875007,3.985,-1.0999999999999943,3.992,-95.0,13.88302993774414,957.494384765625,14.1316
2024-09-10 18:57:11,959.3603515625,0.019797363281249813,3.985,-1.0999999999999943,3.992,-95.0,14.482492446899414,957.380615234375,13.975800000000001
2024-09-10 17:57:11,959.3603515625,0.017752075195311967,3.985,-1.0999999999999943,3.992,-96.0,15.126110076904297,957.5851440429688,13.844600000000002
2024-09-10 16:57:10,962.412109375,0.04573364257812518,3.985,-1.1999999999999957,3.992,-95.0,15.489659309387207,957.8387451171875,13.9799
2024-09-10 15:57:10,968.515625,0.09607177734375028,3.985,-1.1499999999999986,3.989,-96.0,13.365351676940918,958.908447265625,13.984000000000002
2024-09-10 14:57:10,959.3603515625,-0.00582946777343718,3.985,-1.0999999999999943,3.989,-95.0,11.457326889038086,959.9432983398438,14.0127
2024-09-10 13:57:10,965.4638671875,0.04732177734374954,3.986,-1.0999999999999943,3.989,-96.0,8.550830841064453,960.731689453125,14.107000000000001
2024-09-10 12:57:10,968.515625,0.06712158203124985,3.986,-1.0999999999999943,3.989,-95.0,6.394122123718262,961.803466796875,14.094700000000001
2024-09-10 11:57:10,965.4638671875,0.028394775390624405,3.986,-1.0999999999999943,3.992,-95.0,4.367630481719971,962.6243896484375,14.4227
2024-09-10 10:57:10,965.4638671875,0.020269775390624467,3.986,-1.1499999999999986,3.992,-95.0,1.8467614650726318,963.4368896484375,14.3899
2024-09-10 09:57:10,962.412109375,-0.019746704101563095,3.986,-1.1499999999999986,3.989,-95.0,-0.02614501863718033,964.3867797851562,13.5166
2024-09-10 08:57:10,965.4638671875,0.00406616210937516,3.986,-1.1499999999999986,3.992,-95.0,-0.48173826932907104,965.0572509765625,12.9344
2024-09-10 07:57:11,965.4638671875,0.0004077148437497957,3.987,-1.0999999999999943,3.989,-95.0,0.21126221120357513,965.423095703125,12.905700000000001
2024-09-10 06:57:11,968.515625,0.031242065429687438,3.986,-1.0999999999999943,3.992,-95.0,1.0286376476287842,965.3914184570312,12.983600000000001
2024-09-10 05:57:11,965.4638671875,0.0007025146484374023,3.986,-1.0999999999999943,3.992,-96.0,1.4552929401397705,965.3936157226562,13.004100000000001
2024-09-10 04:57:11,971.5673828125,0.056987915039062864,3.987,-1.1499999999999986,3.989,-96.0,1.9132617712020874,965.8685913085938,13.045100000000001
2024-09-10 03:57:11,968.515625,0.0263793945312496,3.987,-1.0999999999999943,3.992,-95.0,2.375375986099243,965.877685546875,12.979500000000002
2024-09-10 02:57:11,968.515625,0.023782958984375213,3.988,-1.1499999999999986,3.989,-96.0,2.552055597305298,966.1373291015625,12.938500000000001
2024-09-10 01:57:11,971.5673828125,0.04929748535156264,3.988,-1.0499999999999972,3.989,-95.0,3.232759952545166,966.6376342773438,12.918000000000001
2024-09-10 00:57:11,968.515625,0.01680175781250015,3.988,-1.1499999999999986,3.989,-96.0,3.2078309059143066,966.83544921875,13.0615
2024-09-09 23:57:11,968.515625,0.01696716308593693,3.988,-1.1499999999999986,3.989,-95.0,2.4541711807250977,966.8189086914062,13.045100000000001
2024-09-09 22:57:11,971.5673828125,0.042015991210937464,3.988,-1.0999999999999943,3.989,-96.0,3.8871777057647705,967.3657836914062,13.3116
2024-09-09 21:57:11,968.515625,0.013947143554687846,3.988,-1.1499999999999986,3.989,-96.0,6.243593692779541,967.1209106445312,14.107000000000001
2024-09-09 20:57:11,968.515625,0.017192382812499796,3.988,-1.0999999999999943,3.992,-95.0,8.420409202575684,966.79638671875,14.0332
2024-09-09 19:57:11,974.619140625,0.07718811035156259,3.989,-1.0999999999999943,3.989,-96.0,9.580820083618164,966.9003295898438,14.160300000000001
2024-09-09 18:57:11,971.5673828125,0.0448583984374995,3.989,-1.0999999999999943,3.989,-95.0,10.890605926513672,967.08154296875,14.225900000000001
2024-09-09 17:57:11,971.5673828125,0.039389648437500036,3.988,-1.0499999999999972,3.992,-96.0,10.84027099609375,967.62841796875,14.0906
2024-09-09 16:57:11,974.619140625,0.06547241210937527,3.989,-1.0999999999999943,3.989,-96.0,11.67904281616211,968.0718994140625,14.1316
2024-09-09 15:57:11,971.5673828125,0.024742431640625284,3.989,-1.0999999999999943,3.992,-95.0,6.799583911895752,969.0931396484375,14.205400000000001
2024-09-09 14:57:11,977.6708984375,0.07626037597656232,3.989,-1.0999999999999943,3.992,-95.0,4.631191253662109,970.0448608398438,14.201300000000002
2024-09-09 13:57:11,968.515625,-0.022398681640625195,3.989,-1.0999999999999943,3.989,-95.0,2.907249689102173,970.7554931640625,14.2382
2024-09-09 12:57:11,974.619140625,0.03156616210937546,3.989,-1.1499999999999986,3.992,-96.0,1.2026013135910034,971.4625244140625,14.254600000000002
2024-09-09 11:57:11,971.5673828125,-0.002424316406249849,3.989,-1.1499999999999986,3.992,-96.0,-0.0857861340045929,971.809814453125,14.3694
2024-09-09 10:57:11,977.6708984375,0.050444946289062154,3.99,-1.0999999999999943,3.992,-96.0,-1.085412621498108,972.6264038085938,14.2833
2024-09-09 09:57:11,977.6708984375,0.0446478271484374,3.99,-1.0999999999999943,3.992,-95.0,-2.340039014816284,973.2061157226562,13.3854
2024-09-09 08:57:11,977.6708984375,0.042404785156250346,3.989,-1.0999999999999943,3.992,-95.0,-1.847629427909851,973.430419921875,12.7909
2024-09-09 07:57:11,974.619140625,0.01498046874999992,3.99,-1.1499999999999986,3.992,-95.0,0.1484973132610321,973.12109375,12.9016
2024-09-09 06:57:11,971.5673828125,-0.014424438476562385,3.99,-1.0999999999999943,3.992,-95.0,0.029487304389476776,973.0098266601562,12.991800000000001
2024-09-09 05:57:11,977.6708984375,0.04938476562500016,3.99,-1.0999999999999943,3.989,-96.0,0.21418334543704987,972.732421875,12.8483
2024-09-09 04:57:11,977.6708984375,0.04986083984374945,3.99,-1.1499999999999986,3.992,-96.0,1.0066980123519897,972.684814453125,13.110700000000001
2024-09-09 03:57:11,977.6708984375,0.05557128906250042,3.991,-1.0999999999999943,3.992,-95.0,2.3781604766845703,972.11376953125,12.983600000000001
2024-09-09 02:57:11,974.619140625,0.026344604492187784,3.99,-1.0999999999999943,3.992,-95.0,2.583709716796875,971.9846801757812,13.0492
2024-09-09 01:57:11,977.6708984375,0.05691345214843713,3.991,-1.0999999999999943,3.992,-96.0,2.471425771713257,971.9795532226562,12.9344
2024-09-09 00:57:11,974.619140625,0.02621948242187533,3.991,-1.0999999999999943,3.992,-96.0,2.491259813308716,971.9971923828125,13.282900000000001
2024-09-08 23:57:11,977.6708984375,0.059827880859374405,3.991,-1.1499999999999986,3.989,-95.0,3.1409215927124023,971.6881103515625,13.123000000000001
2024-09-08 22:57:11,974.619140625,0.0318145751953125,3.991,-1.0999999999999943,3.992,-96.0,4.594170093536377,971.4376831054688,13.3854
2024-09-08 21:57:11,977.6708984375,0.0667889404296873,3.991,-1.1499999999999986,3.992,-95.0,6.223148345947266,970.9920043945312,13.7872
2024-09-08 20:57:11,974.619140625,0.04054138183593792,3.991,-1.0999999999999943,3.992,-95.0,7.615261077880859,970.5650024414062,14.201300000000002
2024-09-08 19:57:11,977.6708984375,0.07813720703125027,3.991,-1.1499999999999986,3.989,-95.0,9.434435844421387,969.857177734375,14.4473
2024-09-08 18:57:11,974.619140625,0.05854125976562541,3.991,-1.0999999999999943,3.992,-96.0,14.277215957641602,968.7650146484375,13.910200000000001
2024-09-08 17:57:11,971.5673828125,0.02910034179687493,3.992,-1.0999999999999943,3.992,-96.0,15.917401313781738,968.6573486328125,13.8528
2024-09-08 16:57:11,974.619140625,0.05819274902343796,3.991,-1.0999999999999943,3.989,-95.0,10.652177810668945,968.7998657226562,15.037700000000001
2024-09-08 15:57:11,974.619140625,0.057525634765625,3.992,-1.0999999999999943,3.989,-96.0,9.5109224319458,968.8665771484375,14.234100000000002
2024-09-08 14:57:11,974.619140625,0.05692260742187538,3.993,-1.0999999999999943,3.989,-95.0,8.524406433105469,968.9268798828125,14.418600000000001
2024-09-08 13:57:11,968.515625,-0.005797119140624751,3.993,-1.0999999999999943,3.992,-95.0,6.893120288848877,969.0953369140625,14.5334
2024-09-08 12:57:11,974.619140625,0.05318847656250014,3.993,-1.0999999999999943,3.989,-95.0,5.058592319488525,969.30029296875,14.135700000000002
2024-09-08 11:57:11,974.619140625,0.05245361328125031,3.993,-1.0999999999999943,3.992,-95.0,4.846250057220459,969.373779296875,13.746200000000002
2024-09-08 10:57:11,968.515625,-0.008936157226562269,3.993,-1.0999999999999943,3.989,-95.0,4.350377082824707,969.4092407226562,13.077900000000001
2024-09-08 09:57:11,971.5673828125,0.020597534179687127,3.994,-1.0999999999999943,3.989,-95.0,3.672457218170166,969.5076293945312,13.0205
2024-09-08 08:57:11,968.515625,-0.011917114257812278,3.993,-1.1499999999999986,3.992,-95.0,3.5315074920654297,969.7073364257812,12.9344
2024-09-08 07:57:11,971.5673828125,0.0184051513671879,3.994,-1.0499999999999972,3.989,-95.0,3.6291871070861816,969.7268676757812,12.946700000000002
2024-09-08 06:57:11,971.5673828125,0.019619140625000142,3.994,-1.0499999999999972,3.989,-95.0,3.715047597885132,969.60546875,12.946700000000002
2024-09-08 05:57:11,977.6708984375,0.07995117187500012,3.994,-1.0999999999999943,3.992,-95.0,3.7881383895874023,969.67578125,12.9344
2024-09-08 04:57:11,977.6708984375,0.07616821289062492,3.994,-1.0999999999999943,3.992,-95.0,3.694873094558716,970.0540771484375,12.885200000000001
2024-09-08 03:57:11,971.5673828125,0.009775390624999769,3.994,-1.0999999999999943,3.989,-95.0,3.638697624206543,970.58984375,13.090200000000001
2024-09-08 02:57:11,977.6708984375,0.07097595214843766,3.994,-1.0999999999999943,3.992,-96.0,3.669265031814575,970.5733032226562,12.926200000000001
2024-09-08 01:57:11,971.5673828125,0.005162963867187953,3.994,-1.1499999999999986,3.989,-95.0,3.7453441619873047,971.0510864257812,12.979500000000002
2024-09-08 00:57:11,971.5673828125,0.00325805664062484,3.994,-1.0999999999999943,3.989,-95.0,3.995046377182007,971.2415771484375,13.032800000000002
2024-09-07 23:57:11,971.5673828125,0.002630004882812065,3.994,-1.0999999999999943,3.989,-95.0,4.672015190124512,971.3043823242188,13.1681
2024-09-07 22:57:11,977.6708984375,0.06610412597656268,3.994,-1.0999999999999943,3.992,-95.0,5.593660831451416,971.0604858398438,13.2583
2024-09-07 21:57:11,977.6708984375,0.06559936523437448,3.994,-1.0999999999999943,3.992,-95.0,6.778729438781738,971.1109619140625,13.606800000000002
2024-09-07 20:57:11,974.619140625,0.03752258300781186,3.994,-1.0999999999999943,3.992,-96.0,7.638763427734375,970.8668823242188,14.094700000000001
2024-09-07 19:57:11,977.6708984375,0.0663732910156245,3.994,-1.0999999999999943,3.992,-96.0,8.650753021240234,971.0335693359375,14.504700000000001
2024-09-07 18:57:11,971.5673828125,0.007568969726562402,3.995,-1.0999999999999943,3.989,-96.0,9.897907257080078,970.8104858398438,14.049600000000002
2024-09-07 17:57:11,974.619140625,0.03706176757812485,3.995,-1.0999999999999943,3.992,-92.0,9.58734130859375,970.9129638671875,14.299700000000001
2024-09-07 16:57:11,974.619140625,0.03918518066406196,3.995,-1.0999999999999943,3.992,-96.0,10.200323104858398,970.7006225585938,14.471900000000002
2024-09-07 15:57:11,977.6708984375,0.06614013671874974,3.996,-1.0999999999999943,3.992,-96.0,8.267095565795898,971.056884765625,14.4678
2024-09-07 14:57:11,968.515625,-0.028621826171875142,3.997,-1.1499999999999986,3.992,-96.0,5.979694843292236,971.3778076171875,13.779000000000002
2024-09-07 13:57:11,977.6708984375,0.061524658203124805,3.995,-1.1499999999999986,3.989,-95.0,5.265433311462402,971.5184326171875,13.6478
2024-09-07 12:57:11,1084.482421875,1.1347210693359377,3.703,-1.0999999999999943,3.992,-83.0,4.769831657409668,971.0103149414062,13.246
2024-09-07 11:57:11,1212.65625,2.419324951171875,3.705,-1.0499999999999972,3.992,-81.0,4.428969860076904,970.7237548828125,13.237800000000002
2024-09-07 10:57:11,1353.037109375,3.827235107421875,3.707,-1.1499999999999986,3.992,-81.0,4.009650707244873,970.3135986328125,12.918000000000001
2024-09-07 09:57:11,1450.693359375,4.80728515625,3.712,-1.1499999999999986,3.992,-80.0,3.6825780868530273,969.96484375,13.000000000000002
2024-09-07 08:57:11,1551.4013671875,5.823466796875,3.712,-1.1499999999999986,3.992,-80.0,3.567237615585327,969.0546875,12.9098
2024-09-07 07:57:11,1899.3017578125,9.310690917968751,3.715,-1.0999999999999943,3.992,-81.0,3.61723256111145,968.232666015625,12.9016
2024-09-07 06:57:11,2070.2001953125,11.02830017089844,3.722,-1.0999999999999943,3.989,-83.0,3.6549999713897705,967.3701782226562,13.098400000000002
2024-09-07 05:57:11,2277.7197265625,13.11316589355469,3.73,-1.1499999999999986,3.989,-82.0,3.7009875774383545,966.4031372070312,12.9344
2024-09-07 04:57:11,2448.6181640625,14.830133056640626,3.717,-1.1499999999999986,3.989,-84.0,3.739978075027466,965.6048583984375,12.8565
2024-09-07 03:57:11,2588.9990234375,16.242315063476564,3.723,-1.0499999999999972,3.992,-83.0,3.7572314739227295,964.7675170898438,12.913900000000002
2024-09-07 02:57:11,2714.12109375,17.500996704101563,3.729,-1.0999999999999943,3.992,-83.0,3.7804627418518066,964.0214233398438,13.032800000000002
2024-09-07 01:57:11,2823.984375,18.60812683105469,3.735,-1.0999999999999943,3.992,-82.0,3.8191821575164795,963.1716918945312,12.9098
2024-09-07 00:57:11,3000.986328125,20.388480224609378,3.739,-1.0999999999999943,3.989,-81.0,3.9431493282318115,962.1383056640625,12.918000000000001
2024-09-06 23:57:11,3199.3505859375,22.385240478515627,3.742,-1.0999999999999943,3.992,-82.0,4.166224479675293,960.8265380859375,13.1681
2024-09-06 22:57:11,3351.9384765625,23.91779113769531,3.743,-1.0499999999999972,3.989,-81.0,4.341274261474609,960.1593627929688,13.102500000000001
2024-09-06 21:57:11,3409.921875,24.50888427734375,3.748,-1.0999999999999943,3.992,-81.0,4.549881458282471,959.033447265625,13.1681
2024-09-06 20:57:11,3605.234375,26.46984680175781,3.75,-1.0999999999999943,3.989,-81.0,4.61801290512085,958.2496948242188,13.221400000000001
2024-09-06 19:57:11,3715.09765625,27.580295410156253,3.753,-1.0999999999999943,3.989,-81.0,5.027481555938721,957.068115234375,13.4059
2024-09-06 18:57:11,3885.99609375,29.30434997558594,3.753,-1.0999999999999943,3.992,-81.0,6.086205005645752,955.5610961914062,13.594500000000002
2024-09-06 17:57:11,4090.4638671875,31.363327636718754,3.75,-1.0499999999999972,3.992,-82.0,7.229498386383057,954.131103515625,13.9184
2024-09-06 16:57:11,4130.13671875,31.775918579101564,3.749,-1.1499999999999986,3.992,-82.0,7.115855693817139,952.5448608398438,14.5867
2024-09-06 15:57:11,4081.30859375,31.295501708984375,3.748,-1.1499999999999986,3.989,-81.0,6.239382266998291,951.7584228515625,14.353000000000002
2024-09-06 14:57:11,4038.583984375,30.88153991699219,3.748,-1.0999999999999943,3.989,-81.0,6.336179256439209,950.4299926757812,14.086500000000001
2024-09-06 13:57:11,4090.4638671875,31.416477661132816,3.744,-1.1499999999999986,3.992,-81.0,7.658259391784668,948.8161010742188,14.029100000000001
2024-09-06 12:57:11,4056.89453125,31.090896606445316,3.738,-1.0999999999999943,3.992,-81.0,8.170434951782227,947.8048706054688,12.885200000000001
2024-09-06 11:57:11,4154.55078125,32.08517028808594,3.733,-1.0999999999999943,3.992,-82.0,7.927865028381348,946.0337524414062,14.730200000000002
2024-09-06 10:57:11,4264.4140625,33.18739196777344,3.731,-1.1499999999999986,3.989,-81.0,7.71137809753418,945.6748657226562,14.549800000000001
2024-09-06 09:57:11,4450.5712890625,35.05707702636719,3.728,-1.0999999999999943,3.992,-83.0,7.108519077301025,944.8635864257812,12.950800000000001
2024-09-06 08:57:11,4566.5380859375,36.23186340332032,3.718,-1.0999999999999943,3.992,-84.0,7.726186752319336,943.3517456054688,12.9754
2024-09-06 07:57:11,4539.072265625,35.96487731933594,3.712,-1.1499999999999986,3.992,-84.0,7.96597146987915,942.5845336914062,12.979500000000002
2024-09-06 06:57:11,4621.4697265625,36.79013305664063,3.703,-1.0499999999999972,3.992,-83.0,7.972221851348877,942.4564208984375,13.0082
2024-09-06 05:57:11,4722.177734375,37.80198852539063,3.693,-1.0999999999999943,3.989,-85.0,8.313762664794922,941.9788818359375,12.786800000000001
2024-09-06 04:57:11,4746.591796875,38.05380676269532,3.674,-1.1499999999999986,3.989,-85.0,8.231842041015625,941.2111206054688,12.9672
2024-09-06 03:57:11,4682.5048828125,37.41436462402344,3.664,-1.0999999999999943,3.989,-84.0,7.859122276306152,941.0684204101562,12.872900000000001
2024-09-06 02:57:11,4777.109375,38.35884399414063,3.655,-1.0999999999999943,3.989,-86.0,7.519821643829346,941.2249755859375,13.123000000000001
2024-09-06 01:57:11,4954.111328125,40.133947753906256,3.643,-1.1499999999999986,3.989,-84.0,7.467789173126221,940.716552734375,12.9672
2024-09-06 00:57:11,4978.525390625,40.36622741699219,3.621,-1.0999999999999943,3.992,-84.0,7.033798694610596,941.9026489257812,13.1271
2024-09-05 23:57:11,4877.8173828125,39.36101623535157,3.589,-1.0999999999999943,3.989,-85.0,7.265704154968262,941.7157592773438,13.196800000000001
2024-09-05 22:57:11,4804.5751953125,38.62054260253907,3.575,-1.1499999999999986,3.992,-85.0,7.505964279174805,942.5209350585938,13.2665
2024-09-05 21:57:11,4914.4384765625,39.70745361328125,3.578,-1.0999999999999943,3.992,-84.0,7.186839580535889,943.693115234375,13.176300000000001
2024-09-05 20:57:11,4914.4384765625,39.69184265136719,3.565,-1.1499999999999986,3.989,-85.0,8.199847221374512,945.2542114257812,13.369000000000002
2024-09-05 19:57:11,5018.1982421875,40.73210754394531,3.559,-1.1499999999999986,3.989,-84.0,10.76330852508545,944.9874877929688,14.1439
2024-09-05 18:57:11,5033.45703125,40.875356445312505,3.55,-1.1499999999999986,3.989,-84.0,10.379244804382324,945.92138671875,14.008600000000001
2024-09-05 17:57:11,4713.0224609375,37.658241577148445,3.482,-1.0999999999999943,3.989,-85.0,10.674798965454102,947.1983032226562,14.086500000000001
2024-09-05 16:57:11,3171.884765625,22.234553833007816,3.475,-1.0999999999999943,3.992,-81.0,12.070579528808594,948.4293823242188,14.258700000000001
2024-09-05 15:57:10,2485.2392578125,15.358168945312503,3.474,-1.0999999999999943,3.992,-84.0,10.817243576049805,949.42236328125,14.492400000000002
2024-09-05 14:57:10,2393.6865234375,14.434605712890626,3.477,-1.1499999999999986,3.989,-84.0,10.818058967590332,950.2259521484375,14.3366
2024-09-05 13:57:10,2463.876953125,15.125908813476565,3.482,-1.0999999999999943,3.992,-83.0,8.926608085632324,951.2860717773438,13.963500000000002
2024-09-05 12:57:10,2592.05078125,16.40128601074219,3.483,-1.0499999999999972,3.989,-83.0,8.316140174865723,951.9221801757812,13.975800000000001
2024-09-05 11:57:10,2778.2080078125,18.256995849609375,3.485,-1.0999999999999943,3.989,-82.0,7.551001071929932,952.5084228515625,13.4182
2024-09-05 10:57:10,2946.0546875,19.93165771484375,3.488,-1.0999999999999943,3.989,-80.0,6.071872711181641,952.888916015625,13.1681
2024-09-05 09:57:10,3126.1083984375,21.72463256835938,3.489,-1.0999999999999943,3.989,-81.0,5.523422718048096,953.6451416015625,12.926200000000001
2024-09-05 08:57:10,3318.369140625,23.65148376464844,3.487,-1.0999999999999943,3.992,-81.0,5.3548264503479,953.2207641601562,12.926200000000001
2024-09-05 07:57:10,3513.681640625,25.601997680664063,3.486,-1.0999999999999943,3.989,-81.0,5.337368011474609,953.4818725585938,13.0615
2024-09-05 06:57:10,3705.9423828125,27.52618774414063,3.488,-1.0999999999999943,3.989,-81.0,5.150702953338623,953.3236083984375,12.971300000000001
2024-09-05 05:57:10,3876.8408203125,29.23825378417969,3.494,-1.0999999999999943,3.989,-81.0,4.762835502624512,953.0154418945312,12.877
2024-09-05 04:57:10,4020.2734375,30.668198242187504,3.496,-1.0999999999999943,3.992,-81.0,3.9709997177124023,953.45361328125,13.000000000000002
2024-09-05 03:57:10,4182.0166015625,32.284123535156255,3.498,-1.1499999999999986,3.992,-81.0,2.692054510116577,953.604248046875,13.012300000000002
2024-09-05 02:57:10,4450.5712890625,34.972117309570315,3.492,-1.0999999999999943,3.992,-83.0,2.8471338748931885,953.3595581054688,12.9426
2024-09-05 01:57:10,4771.005859375,38.17781799316406,3.467,-1.0999999999999943,3.989,-84.0,3.1233971118927,953.2240600585938,12.946700000000002
2024-09-05 00:57:10,4899.1796875,39.460226440429686,3.44,-1.0999999999999943,3.992,-84.0,3.660501718521118,953.1570434570312,12.9959
2024-09-04 23:57:10,4926.6455078125,39.73765014648438,3.413,-1.0999999999999943,3.989,-84.0,4.455461502075195,952.8804931640625,13.143500000000001
2024-09-04 22:57:10,4871.7138671875,39.19306213378906,3.402,-1.0999999999999943,3.989,-84.0,6.693954944610596,952.4076538085938,13.3198
2024-09-04 21:57:10,4496.34765625,35.44622009277344,3.398,-1.0999999999999943,3.992,-84.0,10.293859481811523,951.7256469726562,14.4801
2024-09-04 20:57:10,3977.548828125,30.260225830078127,3.397,-1.0999999999999943,3.992,-81.0,13.022316932678223,951.5262451171875,13.934800000000001
2024-09-04 19:57:10,3422.12890625,24.709134521484376,3.397,-1.0999999999999943,3.989,-81.0,12.56251335144043,951.2154541015625,14.0455
2024-09-04 18:57:10,3135.263671875,21.840641479492188,3.397,-1.0999999999999943,3.989,-82.0,12.829809188842773,951.1995239257812,14.008600000000001
2024-09-04 17:57:10,3086.435546875,21.35124267578125,3.397,-1.0999999999999943,3.989,-81.0,10.797340393066406,951.311279296875,14.139800000000001
2024-09-04 16:57:10,3138.3154296875,21.870487060546875,3.396,-1.1499999999999986,3.989,-81.0,10.769082069396973,951.2667236328125,14.512900000000002
2024-09-04 15:57:10,3226.81640625,22.756448364257814,3.395,-1.1499999999999986,3.989,-80.0,10.654692649841309,951.1715698242188,14.6195
2024-09-04 14:57:10,3354.990234375,24.03074157714844,3.394,-1.0999999999999943,3.992,-80.0,9.797035217285156,951.9160766601562,14.4227
2024-09-04 13:57:10,3489.267578125,25.375877075195312,3.392,-1.1499999999999986,3.989,-81.0,9.156815528869629,951.6798706054688,14.1767
2024-09-04 12:57:10,3623.544921875,26.717702636718748,3.393,-1.1499999999999986,3.989,-81.0,8.327619552612305,951.774658203125,14.1111
2024-09-04 11:57:10,3739.51171875,27.880701293945314,3.396,-1.0999999999999943,3.989,-80.0,7.2309250831604,951.4415893554688,13.7544
2024-09-04 10:57:10,3831.064453125,28.794927368164064,3.399,-1.0999999999999943,3.992,-81.0,5.919510364532471,951.5717163085938,13.2337
2024-09-04 09:57:10,3910.41015625,29.589462280273438,3.396,-1.1499999999999986,3.992,-81.0,3.973853826522827,951.4639282226562,13.0205
2024-09-04 08:57:10,3989.755859375,30.380415039062502,3.394,-1.0499999999999972,3.989,-81.0,3.3180103302001953,951.71435546875,12.9959
2024-09-04 07:57:10,4044.6875,30.9329736328125,3.397,-1.0999999999999943,3.989,-81.0,3.440620183944702,951.39013671875,12.8442
2024-09-04 06:57:10,4099.619140625,31.48276306152344,3.403,-1.1499999999999986,3.989,-81.0,3.4144678115844727,951.3428344726562,12.8565
2024-09-04 05:57:10,4130.13671875,31.796020507812504,3.408,-1.0999999999999943,3.992,-81.0,3.9519128799438477,950.53466796875,12.852400000000001
2024-09-04 04:57:10,4139.2919921875,31.8891748046875,3.408,-1.0999999999999943,3.989,-81.0,4.202837944030762,950.37451171875,12.9344
2024-09-04 03:57:10,4203.37890625,32.52919372558594,3.409,-1.1499999999999986,3.989,-81.0,4.455665111541748,950.4595336914062,12.938500000000001
2024-09-04 02:57:10,4301.03515625,33.50864501953125,3.408,-1.0499999999999972,3.989,-81.0,5.043716907501221,950.170654296875,13.090200000000001
2024-09-04 01:57:10,4438.3642578125,34.88349548339844,3.403,-1.0999999999999943,3.992,-84.0,6.080906867980957,950.0147094726562,13.082
2024-09-04 00:57:10,4648.935546875,36.99120239257813,3.394,-1.1499999999999986,3.992,-84.0,6.707541465759277,949.8153076171875,13.131200000000002
2024-09-03 23:57:10,4948.0078125,39.981690673828126,3.385,-1.1499999999999986,3.989,-84.0,7.695075511932373,949.8387451171875,13.1804
2024-09-03 22:57:10,5369.150390625,44.19972717285156,3.376,-1.1499999999999986,3.989,-83.0,9.282073974609375,949.1776733398438,13.3731
2024-09-03 21:57:10,6714.9755859375,57.66272155761719,3.45,-1.1499999999999986,3.989,-82.0,11.312165260314941,948.7034301757812,14.0455
2024-09-03 20:57:10,5668.22265625,47.19697509765625,3.546,-1.0999999999999943,3.989,-84.0,13.577356338500977,948.525146484375,14.4801
2024-09-03 19:57:10,4624.521484375,36.76360229492188,3.607,-1.1499999999999986,3.992,-82.0,15.906668663024902,948.1612548828125,14.5867
2024-09-03 18:57:10,3501.474609375,25.536311645507812,3.62,-1.0999999999999943,3.989,-81.0,15.806678771972656,947.8434448242188,14.664600000000002
2024-09-03 17:57:10,2347.91015625,14.00085632324219,3.616,-1.1499999999999986,3.989,-84.0,14.677717208862305,947.8245239257812,14.172600000000001
2024-09-03 16:57:10,1002.0849609375,0.5477435302734379,3.585,-1.0999999999999943,3.989,-84.0,16.815746307373047,947.3106079101562,14.439100000000002
2024-09-03 15:57:10,953.2568359375,0.05761047363281202,3.988,-1.0999999999999943,3.989,-95.0,11.65173625946045,947.4957885742188,14.545700000000002
2024-09-03 14:57:10,950.205078125,0.026527099609374716,3.988,-1.0999999999999943,3.989,-95.0,8.97286605834961,947.5523681640625,14.312000000000001
2024-09-03 13:57:10,950.205078125,0.032421264648437864,3.988,-1.0999999999999943,3.992,-92.0,7.762527942657471,946.9629516601562,13.930700000000002
2024-09-03 12:57:10,953.2568359375,0.06974670410156203,3.989,-1.0999999999999943,3.992,-95.0,6.802572250366211,946.2821655273438,13.475600000000002
2024-09-03 11:47:10,947.1533203125,0.016751708984374947,3.989,-1.0499999999999972,3.992,-95.0,6.147679328918457,945.4781494140625,13.184500000000002
2024-09-03 10:47:10,950.205078125,0.05544128417968697,3.988,-1.0999999999999943,3.992,-96.0,5.74384880065918,944.6609497070312,12.979500000000002
2024-09-03 09:47:10,947.1533203125,0.020419311523437456,3.989,-1.0999999999999943,3.992,-95.0,5.874474048614502,945.1113891601562,12.9959
2024-09-03 08:47:10,947.1533203125,0.014962768554687145,3.988,-1.0499999999999972,3.989,-96.0,6.421496391296387,945.6570434570312,12.9221
2024-09-03 07:47:10,950.205078125,0.041718139648437846,3.989,-1.0999999999999943,3.989,-96.0,6.66114616394043,946.0332641601562,12.9098
2024-09-03 06:47:10,956.30859375,0.08623291015624979,3.989,-1.1499999999999986,3.992,-95.0,5.235885143280029,947.685302734375,12.9549
2024-09-03 05:47:10,950.205078125,0.010175781250000293,3.989,-1.0999999999999943,3.992,-95.0,4.094221115112305,949.1875,12.9549
2024-09-03 04:47:10,950.205078125,-0.004705200195312953,3.989,-1.0999999999999943,3.989,-95.0,3.466296434402466,950.6755981445312,12.950800000000001
2024-09-03 03:47:10,953.2568359375,0.01793884277343727,3.989,-1.0999999999999943,3.989,-96.0,2.9140429496765137,951.4629516601562,12.872900000000001
2024-09-03 02:47:10,953.2568359375,0.004005737304687562,3.989,-1.1499999999999986,3.992,-95.0,2.445136785507202,952.8562622070312,12.938500000000001
2024-09-03 01:47:10,953.2568359375,-0.004922485351562811,3.989,-1.0499999999999972,3.989,-96.0,1.8536218404769897,953.7490844726562,12.971300000000001
2024-09-03 00:47:10,959.3603515625,0.0355688476562499,3.989,-1.1499999999999986,3.992,-95.0,1.5757970809936523,955.803466796875,13.2337
2024-09-02 23:47:10,956.30859375,0.004634399414062962,3.989,-1.0999999999999943,3.989,-95.0,2.497441291809082,955.8451538085938,13.1353
2024-09-02 22:47:10,959.3603515625,0.0354925537109374,3.989,-1.1499999999999986,3.989,-95.0,5.789632797241211,955.8110961914062,13.713400000000002
2024-09-02 21:47:10,962.412109375,0.06342102050781229,3.989,-1.0999999999999943,3.992,-96.0,8.241080284118652,956.0700073242188,14.225900000000001
2024-09-02 20:47:10,962.412109375,0.06035705566406202,3.99,-1.0999999999999943,3.989,-96.0,9.298988342285156,956.3764038085938,14.271
2024-09-02 19:47:10,956.30859375,-0.0030798339843751688,3.989,-1.0999999999999943,3.989,-95.0,11.362771034240723,956.6165771484375,14.074200000000001
2024-09-02 18:47:10,959.3603515625,0.022414550781250098,3.989,-1.0999999999999943,3.989,-95.0,13.12271499633789,957.118896484375,14.0004
2024-09-02 17:47:10,959.3603515625,0.016011352539062607,3.99,-1.1499999999999986,3.989,-95.0,11.171623229980469,957.7592163085938,14.066
2024-09-02 16:47:10,962.412109375,0.040672607421874396,3.99,-1.0999999999999943,3.992,-91.0,10.22613525390625,958.3448486328125,14.2628
2024-09-02 15:47:10,965.4638671875,0.0635949707031247,3.99,-1.0499999999999972,3.989,-95.0,7.898927211761475,959.1043701171875,14.160300000000001
2024-09-02 14:47:10,965.4638671875,0.05642761230468696,3.99,-1.0999999999999943,3.992,-96.0,5.857151985168457,959.8211059570312,14.127500000000001
2024-09-02 13:47:10,962.412109375,0.02372863769531275,3.99,-1.0999999999999943,3.992,-95.0,4.671064376831055,960.0392456054688,14.082400000000002
2024-09-02 12:47:10,962.412109375,0.01658691406249968,3.991,-1.0999999999999943,3.989,-95.0,4.361721038818359,960.75341796875,14.4555
2024-09-02 11:47:10,965.4638671875,0.04852172851562475,3.991,-1.0999999999999943,3.989,-95.0,4.131241321563721,960.6116943359375,14.484200000000001
2024-09-02 10:47:10,965.4638671875,0.04477478027343773,3.99,-1.1499999999999986,3.989,-96.0,2.723233699798584,960.9863891601562,13.0943
2024-09-02 09:47:10,962.412109375,0.014282226562499778,3.991,-1.1499999999999986,3.992,-96.0,1.6380188465118408,960.98388671875,12.979500000000002
2024-09-02 08:47:10,962.412109375,0.014861450195312598,3.99,-1.0999999999999943,3.989,-96.0,1.6484789848327637,960.9259643554688,12.881100000000002
2024-09-02 07:47:10,959.3603515625,-0.009588623046875577,3.99,-1.0999999999999943,3.989,-95.0,2.1256725788116455,960.3192138671875,13.004100000000001
2024-09-02 06:47:10,959.3603515625,-0.005347900390625382,3.991,-1.0999999999999943,3.992,-96.0,2.603137254714966,959.8951416015625,13.0615
2024-09-02 05:47:10,965.4638671875,0.05984802246093768,3.991,-1.0999999999999943,3.989,-96.0,2.822136163711548,959.4790649414062,13.065600000000002
2024-09-02 04:47:10,959.3603515625,0.0032910156249998934,3.991,-1.0999999999999943,3.992,-96.0,2.8192834854125977,959.03125,13.032800000000002
2024-09-02 03:47:10,962.412109375,0.03685852050781202,3.991,-1.1499999999999986,3.989,-96.0,2.7186827659606934,958.7262573242188,12.9631
2024-09-02 02:47:10,959.3603515625,0.012433471679687003,3.991,-1.1499999999999986,3.989,-95.0,2.7195653915405273,958.1170043945312,13.1148
2024-09-02 01:47:10,962.412109375,0.04689941406250009,3.992,-1.1499999999999986,3.992,-96.0,2.5796337127685547,957.72216796875,13.0287
2024-09-02 00:47:10,962.412109375,0.052444458007812056,3.991,-1.0999999999999943,3.989,-95.0,2.5664563179016113,957.1676635742188,13.0492
2024-09-01 23:47:10,959.3603515625,0.029731445312499716,3.992,-1.1499999999999986,3.992,-96.0,3.0258519649505615,956.38720703125,13.3444
2024-09-01 22:47:10,956.30859375,0.0061999511718746625,3.991,-1.0999999999999943,3.989,-95.0,3.760899543762207,955.6885986328125,13.3649
2024-09-01 21:47:10,959.3603515625,0.04572875976562529,3.991,-1.1499999999999986,3.992,-95.0,4.892373085021973,954.7874755859375,14.234100000000002
2024-09-01 20:47:10,956.30859375,0.020992431640625142,3.991,-1.0999999999999943,3.992,-96.0,5.489731311798096,954.2093505859375,14.139800000000001
2024-09-01 19:47:10,956.30859375,0.03059082031249938,3.992,-1.1499999999999986,3.989,-95.0,6.08837890625,953.24951171875,14.160300000000001
2024-09-01 18:47:10,956.30859375,0.03888610839843709,3.992,-1.0999999999999943,3.989,-96.0,7.169721603393555,952.4199829101562,14.0004
2024-09-01 17:47:10,956.30859375,0.04576110839843772,3.991,-1.0999999999999943,3.989,-95.0,8.099111557006836,951.7324829101562,14.061900000000001
2024-09-01 16:47:10,953.2568359375,0.01965576171874983,3.993,-1.0999999999999943,3.989,-96.0,8.162758827209473,951.291259765625,14.1316
2024-09-01 15:47:10,950.205078125,-0.008197631835937802,3.992,-1.0999999999999943,3.992,-96.0,7.420307636260986,951.0248413085938,14.0906
2024-09-01 14:47:10,956.30859375,0.05359191894531268,3.992,-1.0499999999999972,3.989,-95.0,7.401559829711914,950.9494018554688,14.4473
2024-09-01 13:47:10,956.30859375,0.05364990234374978,3.992,-1.1499999999999986,3.992,-96.0,6.080771446228027,950.943603515625,14.426800000000002
2024-09-01 12:47:10,950.205078125,-0.006782226562500604,3.993,-1.0999999999999943,3.989,-96.0,5.159533500671387,950.88330078125,14.558000000000002
2024-09-01 11:47:10,950.205078125,-0.0034661865234375533,3.993,-1.0999999999999943,3.989,-96.0,3.656494140625,950.5516967773438,13.356700000000002
2024-09-01 10:47:10,956.30859375,0.055709228515624654,3.993,-1.0999999999999943,3.989,-96.0,2.250523567199707,950.7376708984375,13.0943
2024-09-01 09:47:10,950.205078125,-0.0007507324218747335,3.994,-1.0999999999999943,3.989,-96.0,1.210141658782959,950.2801513671875,12.9672
2024-09-01 08:47:10,953.2568359375,0.03369812011718709,3.994,-1.0999999999999943,3.989,-95.0,1.3318005800247192,949.8870239257812,12.9426
2024-09-01 07:47:10,950.205078125,0.006370849609375062,3.993,-1.0999999999999943,3.989,-95.0,1.9877794981002808,949.5679931640625,12.9098
2024-09-01 06:47:10,956.30859375,0.07123901367187546,3.993,-1.1499999999999986,3.992,-96.0,2.028671979904175,949.1846923828125,12.8565
2024-09-01 05:47:10,950.205078125,0.012478637695312322,3.993,-1.0999999999999943,3.989,-96.0,1.866052269935608,948.9572143554688,12.8114
2024-09-01 04:47:10,950.205078125,0.011129150390625231,3.994,-1.1499999999999986,3.989,-96.0,1.4827356338500977,949.0921630859375,12.979500000000002
2024-09-01 03:47:10,956.30859375,0.07168273925781232,3.994,-1.0999999999999943,3.989,-96.0,1.100030541419983,949.1403198242188,13.0533
2024-09-01 02:47:10,953.2568359375,0.04002136230468745,3.993,-1.1499999999999986,3.989,-96.0,1.2175451517105103,949.2546997070312,12.983600000000001
2024-09-01 01:47:10,950.205078125,0.006492919921874396,3.993,-1.0999999999999943,3.989,-96.0,1.1565465927124023,949.5557861328125,13.024600000000001
2024-09-01 00:47:10,950.205078125,0.0030224609374995826,3.994,-1.1499999999999986,3.992,-95.0,1.2357494831085205,949.90283203125,13.041
2024-08-31 23:47:10,950.205078125,0.005853881835937713,3.994,-1.1499999999999986,3.989,-95.0,1.732641577720642,949.6196899414062,13.131200000000002
2024-08-31 22:47:10,950.205078125,0.007772827148437855,3.994,-1.0999999999999943,3.992,-96.0,3.1005725860595703,949.4277954101562,13.684700000000001
2024-08-31 21:47:10,950.205078125,0.009911499023437242,3.994,-1.1499999999999986,3.992,-96.0,5.870534896850586,949.2139282226562,14.246400000000001
2024-08-31 20:47:10,950.205078125,0.009050903320312331,3.994,-1.1499999999999986,3.989,-96.0,8.575963973999023,949.2999877929688,14.2833
2024-08-31 19:47:10,956.30859375,0.07139404296874985,3.994,-1.0999999999999943,3.992,-96.0,9.697248458862305,949.169189453125,14.1111
2024-08-31 18:47:10,959.3603515625,0.110770874023437,3.994,-1.0999999999999943,3.989,-96.0,18.647624969482422,948.2832641601562,13.902000000000001
2024-08-31 17:47:10,950.205078125,0.018280639648436958,3.994,-1.1499999999999986,3.989,-96.0,16.211528778076172,948.3770141601562,13.9184
2024-08-31 16:47:10,953.2568359375,0.04347473144531211,3.994,-1.0999999999999943,3.992,-95.0,16.39731216430664,948.9093627929688,13.8856
2024-08-31 15:47:10,956.30859375,0.07065490722656276,3.994,-1.0999999999999943,3.989,-96.0,15.373163223266602,949.2431030273438,13.996300000000002
2024-08-31 14:47:10,956.30859375,0.06961853027343756,3.994,-1.1499999999999986,3.989,-96.0,15.09037971496582,949.3467407226562,13.9717
2024-08-31 13:47:10,953.2568359375,0.026729125976562296,3.995,-1.0999999999999943,3.992,-96.0,6.097889423370361,950.5839233398438,14.1316
2024-08-31 12:47:10,953.2568359375,0.026401367187499636,3.994,-1.0999999999999943,3.989,-96.0,6.277761459350586,950.61669921875,14.406300000000002
2024-08-31 11:47:10,950.205078125,-0.0116912841796879,3.995,-1.1499999999999986,3.992,-96.0,2.2236242294311523,951.3742065429688,14.3612
2024-08-31 10:47:10,956.30859375,0.04693359375000039,3.995,-1.0999999999999943,3.989,-96.0,0.38651612401008606,951.615234375,13.619100000000001
2024-08-31 09:47:10,950.205078125,-0.011696166992187784,3.995,-1.0999999999999943,3.992,-96.0,0.9192736744880676,951.3746948242188,12.979500000000002
2024-08-31 08:47:10,956.30859375,0.05148742675781248,3.995,-1.0999999999999943,3.989,-96.0,0.9779638648033142,951.1598510742188,12.7909
2024-08-31 07:47:10,953.2568359375,0.030899658203125124,3.995,-1.0999999999999943,3.989,-96.0,1.058866024017334,950.1668701171875,12.979500000000002
2024-08-31 06:47:10,953.2568359375,0.03446838378906247,3.995,-1.0999999999999943,3.989,-96.0,1.0881433486938477,949.8099975585938,12.8975
2024-08-31 05:47:10,950.205078125,0.0030413818359376066,3.995,-1.0499999999999972,3.992,-96.0,0.9346935749053955,949.9009399414062,13.024600000000001
2024-08-31 04:47:10,950.205078125,-0.000440673828124849,3.995,-1.0999999999999943,3.989,-96.0,-0.056645508855581284,950.2491455078125,12.8893
2024-08-31 03:47:10,953.2568359375,0.02833312988281267,3.995,-1.1499999999999986,3.992,-96.0,-0.7861230373382568,950.4235229492188,13.1066
2024-08-31 02:47:10,950.205078125,-0.0017333984375000888,3.995,-1.0999999999999943,3.989,-96.0,-0.43262574076652527,950.37841796875,12.9672
2024-08-31 01:47:10,950.205078125,0.0025720214843749645,3.995,-1.1499999999999986,3.989,-96.0,-0.7772241234779358,949.9478759765625,13.0287
2024-08-31 00:47:11,953.2568359375,0.03641662597656192,3.995,-1.0999999999999943,3.992,-96.0,-0.6288696527481079,949.6151733398438,13.041
2024-08-30 23:47:11,950.205078125,0.020963134765624725,3.995,-1.1499999999999986,3.992,-96.0,1.9875073432922363,948.1087646484375,13.282900000000001
2024-08-30 22:47:11,953.2568359375,0.06342773437500004,3.995,-1.1499999999999986,3.989,-96.0,3.372352361679077,946.9140625,13.8856
2024-08-30 21:47:11,950.205078125,0.04424621582031274,3.995,-1.0999999999999943,3.989,-96.0,3.291926383972168,945.7804565429688,13.5699
2024-08-30 20:47:11,947.1533203125,0.02703491210937492,3.995,-1.0999999999999943,3.989,-96.0,3.796018123626709,944.4498291015625,14.430900000000001
2024-08-30 19:47:11,941.0498046875,-0.02129577636718727,3.995,-1.1499999999999986,3.989,-96.0,4.218121528625488,943.1793823242188,14.406300000000002
2024-08-30 18:47:11,944.1015625,0.02440002441406186,3.995,-1.0999999999999943,3.992,-96.0,4.583572864532471,941.6615600585938,14.2177
2024-08-30 17:47:11,947.1533203125,0.07073974609374978,3.995,-1.0999999999999943,3.989,-96.0,5.168092250823975,940.079345703125,14.291500000000001
2024-08-30 16:47:11,941.0498046875,0.019833984374999503,3.996,-1.0999999999999943,3.989,-96.0,5.685566425323486,939.06640625,14.615400000000001
2024-08-30 15:47:11,941.0498046875,0.026965332031250178,3.997,-1.0499999999999972,3.992,-96.0,5.989815711975098,938.353271484375,14.492400000000002
2024-08-30 14:47:11,941.0498046875,0.03163391113281233,3.996,-1.0999999999999943,3.989,-96.0,5.736851692199707,937.8864135742188,14.435
2024-08-30 13:47:11,941.0498046875,0.03155273437499995,3.996,-1.0999999999999943,3.989,-96.0,5.373709678649902,937.89453125,14.148000000000001
2024-08-30 12:47:11,941.0498046875,0.029415283203124698,3.997,-1.0999999999999943,3.992,-96.0,4.872878551483154,938.1082763671875,13.315700000000001
2024-08-30 11:47:11,941.0498046875,0.02677795410156225,3.997,-1.1499999999999986,3.992,-96.0,5.177466869354248,938.3720092773438,13.0287
2024-08-30 10:47:11,944.1015625,0.05180175781249963,3.996,-1.0999999999999943,3.989,-96.0,4.744494438171387,938.92138671875,12.893400000000002
2024-08-30 09:47:11,944.1015625,0.04680908203124945,3.997,-1.1499999999999986,3.989,-96.0,4.814121246337891,939.420654296875,12.9016
2024-08-30 08:47:11,941.0498046875,0.013274536132812376,3.997,-1.0999999999999943,3.992,-96.0,4.704688549041748,939.7223510742188,12.852400000000001
2024-08-30 07:47:11,947.1533203125,0.06774597167968688,3.996,-1.1499999999999986,3.989,-96.0,4.870704174041748,940.3787231445312,12.8442
2024-08-30 06:47:11,941.0498046875,0.0040466308593745115,3.997,-1.0999999999999943,3.989,-96.0,4.997457504272461,940.6451416015625,13.012300000000002
2024-08-30 05:47:11,947.1533203125,0.06127380371093727,3.997,-1.0999999999999943,3.992,-96.0,5.357611179351807,941.0259399414062,12.9672
2024-08-30 04:47:11,944.1015625,0.021826782226562758,3.997,-1.0999999999999943,3.989,-96.0,5.552292346954346,941.9188842773438,12.8237
2024-08-30 03:47:11,944.1015625,0.013107910156250346,3.997,-1.0499999999999972,3.989,-96.0,5.488304615020752,942.790771484375,13.077900000000001
2024-08-30 02:47:11,950.205078125,0.0694775390625002,3.997,-1.0499999999999972,3.992,-96.0,5.623140811920166,943.25732421875,13.0164
2024-08-30 01:47:11,950.205078125,0.05837890624999953,3.997,-1.0999999999999943,3.989,-96.0,5.257757663726807,944.3671875,13.077900000000001
2024-08-30 00:47:11,953.2568359375,0.07953857421875044,3.997,-1.0499999999999972,3.989,-96.0,4.707678318023682,945.302978515625,12.926200000000001
2024-08-29 23:47:11,950.205078125,0.04277587890625045,3.998,-1.0999999999999943,3.992,-96.0,4.68716287612915,945.927490234375,13.1353
2024-08-29 22:47:11,950.205078125,0.03799011230468774,3.998,-1.0999999999999943,3.989,-96.0,6.632345199584961,946.4060668945312,13.393600000000001
2024-08-29 21:47:11,953.2568359375,0.06599975585937501,3.997,-1.0999999999999943,3.992,-96.0,8.745783805847168,946.6568603515625,13.729800000000001
2024-08-29 20:47:11,1124.1552734375,1.7801666259765625,3.778,-1.0999999999999943,3.992,-83.0,10.281767845153809,946.1386108398438,14.102900000000002
2024-08-29 19:47:11,1630.7470703125,6.84366943359375,3.774,-1.0999999999999943,3.992,-81.0,9.372214317321777,946.380126953125,14.545700000000002
2024-08-29 18:47:11,1154.6728515625,2.0827001953125004,3.771,-1.0999999999999943,3.992,-83.0,9.48361587524414,946.40283203125,14.5867
2024-08-29 17:47:10,999.033203125,0.5273443603515626,3.747,-1.0999999999999943,3.989,-83.0,9.554193496704102,946.2987670898438,14.492400000000002
2024-08-29 16:47:10,950.205078125,0.04214111328124992,3.997,-1.1499999999999986,3.989,-97.0,9.57436752319336,945.990966796875,14.299700000000001
2024-08-29 15:47:10,950.205078125,0.043016357421874485,3.997,-1.0999999999999943,3.989,-96.0,8.093608856201172,945.9034423828125,13.984000000000002
2024-08-29 14:47:10,950.205078125,0.04613647460937509,3.997,-1.0999999999999943,3.992,-97.0,7.393204212188721,945.5914306640625,14.9434
2024-08-29 13:47:10,950.205078125,0.052913208007812074,3.997,-1.1499999999999986,3.989,-96.0,7.643247127532959,944.9137573242188,13.6806
2024-08-29 12:47:10,950.205078125,0.05585388183593776,3.997,-1.0999999999999943,3.989,-96.0,6.721398830413818,944.6196899414062,13.4387
2024-08-29 11:47:10,950.205078125,0.05990722656250003,3.997,-1.1499999999999986,3.992,-96.0,5.702752590179443,944.21435546875,13.196800000000001
2024-08-29 10:47:10,944.1015625,0.004148559570312793,3.997,-1.0999999999999943,3.989,-96.0,5.078427791595459,943.6867065429688,13.0492
2024-08-29 09:47:10,956.30859375,0.13127990722656246,3.763,-1.1499999999999986,3.989,-87.0,4.903309345245361,943.1806030273438,13.0615
2024-08-29 08:47:10,1044.8095703125,1.0188488769531245,3.767,-1.0499999999999972,3.992,-82.0,4.939176082611084,942.9246826171875,12.872900000000001
2024-08-29 07:47:10,1148.5693359375,2.0587701416015625,3.767,-1.0999999999999943,3.989,-84.0,5.192614555358887,942.6923217773438,12.913900000000002
2024-08-29 06:47:10,1209.6044921875,2.673915405273437,3.761,-1.0499999999999972,3.989,-84.0,5.402851581573486,942.2129516601562,12.8975
2024-08-29 05:47:10,1224.86328125,2.8246856689453126,3.755,-1.0999999999999943,3.989,-82.0,5.662471771240234,942.3947143554688,12.918000000000001
2024-08-29 04:47:10,1292.001953125,3.4962756347656256,3.748,-1.0999999999999943,3.989,-84.0,5.877598762512207,942.3743896484375,13.0164
2024-08-29 03:47:10,1438.486328125,4.954791259765625,3.741,-1.0999999999999943,3.989,-84.0,5.90986442565918,943.0072021484375,12.9549
2024-08-29 02:47:10,1343.8818359375,4.006990356445312,3.747,-1.0999999999999943,3.989,-84.0,5.823800086975098,943.1828002929688,12.8893
2024-08-29 01:47:10,950.205078125,0.06766784667968762,3.994,-1.0999999999999943,3.989,-91.0,6.058491230010986,943.4382934570312,13.069700000000001
2024-08-29 00:47:10,953.2568359375,0.09820129394531252,3.995,-1.0999999999999943,3.989,-96.0,6.234355449676514,943.4367065429688,13.098400000000002
2024-08-28 23:47:10,950.205078125,0.07003051757812462,3.995,-1.0999999999999943,3.992,-96.0,6.412054538726807,943.2020263671875,13.1804
2024-08-28 22:47:10,950.205078125,0.07150207519531215,3.995,-1.0999999999999943,3.989,-96.0,6.746531963348389,943.0548706054688,13.0943
2024-08-28 21:47:10,947.1533203125,0.04170837402343697,3.995,-1.0999999999999943,3.992,-96.0,7.096088886260986,942.9824829101562,13.3116
2024-08-28 20:47:10,950.205078125,0.07161315917968758,3.995,-1.0999999999999943,3.989,-96.0,7.480219841003418,943.0437622070312,13.6027
2024-08-28 19:47:10,947.1533203125,0.043295898437499813,3.995,-1.0999999999999943,3.989,-96.0,7.814289569854736,942.82373046875,14.5006
2024-08-28 18:47:10,947.1533203125,0.04327514648437503,3.995,-1.0999999999999943,3.989,-96.0,8.631800651550293,942.8258056640625,14.2382
2024-08-28 17:47:10,950.205078125,0.07469909667968788,3.995,-1.1499999999999986,3.989,-96.0,9.483207702636719,942.7351684570312,14.082400000000002
2024-08-28 16:47:10,947.1533203125,0.04510375976562453,3.995,-1.0999999999999943,3.989,-96.0,10.745511054992676,942.6429443359375,14.6277
2024-08-28 15:47:10,950.205078125,0.07078063964843784,3.995,-1.0999999999999943,3.989,-96.0,9.568865776062012,943.1270141601562,14.484200000000001
2024-08-28 14:47:10,953.2568359375,0.09915100097656282,3.995,-1.1499999999999986,3.989,-91.0,8.367697715759277,943.3417358398438,14.320200000000002
2024-08-28 13:47:10,950.205078125,0.06573974609375033,3.996,-1.0999999999999943,3.989,-96.0,7.488507270812988,943.631103515625,13.5904
2024-08-28 12:47:10,950.205078125,0.06074157714843764,3.995,-1.0999999999999943,3.989,-96.0,7.752203464508057,944.1309204101562,13.4428
2024-08-28 11:47:10,950.205078125,0.061367797851562544,3.995,-1.0999999999999943,3.989,-96.0,8.535072326660156,944.0682983398438,13.9922
2024-08-28 10:47:10,953.2568359375,0.0876275634765622,3.996,-1.0999999999999943,3.989,-96.0,8.180215835571289,944.4940795898438,13.615
2024-08-28 09:47:10,944.1015625,-0.008933105468750258,3.997,-1.0999999999999943,3.989,-96.0,7.336688041687012,944.994873046875,13.118900000000002
2024-08-28 08:47:10,950.205078125,0.04523071289062486,3.997,-1.0999999999999943,3.989,-96.0,6.707949161529541,945.6820068359375,12.860600000000002
2024-08-28 07:47:10,950.205078125,0.03818359374999969,3.997,-1.1499999999999986,3.992,-96.0,6.614819526672363,946.38671875,12.9344
2024-08-28 06:47:10,950.205078125,0.03111511230468711,3.997,-1.0999999999999943,3.992,-96.0,6.549065113067627,947.0935668945312,12.8114
2024-08-28 05:47:10,947.1533203125,-0.004279174804687758,3.997,-1.0999999999999943,3.989,-97.0,6.738856315612793,947.5812377929688,12.885200000000001
2024-08-28 04:47:10,1014.2919921875,0.6618884277343751,3.769,-1.0999999999999943,3.989,-83.0,6.430463790893555,948.1031494140625,13.041
2024-08-28 03:47:10,1246.2255859375,2.9728417968749996,3.766,-1.1499999999999986,3.989,-85.0,6.606804370880127,948.94140625,13.057400000000001
2024-08-28 02:47:10,1365.244140625,4.159161987304687,3.77,-1.0999999999999943,3.992,-85.0,6.841834545135498,949.3279418945312,13.110700000000001
2024-08-28 01:47:10,1441.5380859375,4.918191528320312,3.776,-1.1499999999999986,3.989,-86.0,6.742660045623779,949.7189331054688,13.0861
2024-08-28 00:47:10,1551.4013671875,6.01602783203125,3.778,-1.0999999999999943,3.992,-86.0,6.957719802856445,949.798583984375,13.155800000000001
2024-08-27 23:47:10,1667.3681640625,7.173784790039063,3.781,-1.1499999999999986,3.989,-85.0,7.592097282409668,949.9896850585938,13.217300000000002
2024-08-27 22:47:10,1893.1982421875,9.433031005859375,3.781,-1.0999999999999943,3.989,-86.0,9.317668914794922,949.8951416015625,13.541200000000002
2024-08-27 21:47:10,2570.6884765625,16.209495849609375,3.78,-1.0999999999999943,3.992,-89.0,11.390961647033691,949.7388916015625,14.074200000000001
2024-08-27 20:47:10,4456.6748046875,35.06535766601563,3.781,-1.0999999999999943,3.989,-87.0,13.158716201782227,950.1390380859375,14.094700000000001
2024-08-27 19:47:10,5710.947265625,47.60349914550781,3.78,-1.0999999999999943,3.989,-85.0,14.900249481201172,950.5973510742188,13.9717
2024-08-27 18:47:10,5552.255859375,46.01404907226563,3.78,-1.0999999999999943,3.989,-86.0,14.792990684509277,950.8509521484375,14.0127
2024-08-27 17:47:10,4355.966796875,34.047308349609374,3.778,-1.0999999999999943,3.992,-89.0,15.116532325744629,951.2359619140625,14.5662
2024-08-27 16:47:10,4056.89453125,31.051539306640628,3.777,-1.0999999999999943,3.989,-90.0,14.511226654052734,951.7406005859375,14.4555
2024-08-27 15:47:10,2833.1396484375,18.811555786132814,3.774,-1.0999999999999943,3.989,-93.0,14.435690879821777,951.9840698242188,14.0004
2024-08-27 14:47:10,1426.279296875,4.738913574218749,3.773,-1.0999999999999943,3.989,-86.0,13.552629470825195,952.387939453125,13.967600000000001
2024-08-27 13:47:10,962.412109375,0.09534790039062546,3.995,-1.1499999999999986,3.992,-97.0,11.11157512664795,952.8773193359375,14.512900000000002
2024-08-27 12:47:10,953.2568359375,0.000999755859374396,3.997,-1.0999999999999943,3.989,-96.0,8.092114448547363,953.1568603515625,14.537500000000001
2024-08-27 11:47:10,959.3603515625,0.057152099609374396,3.996,-1.0999999999999943,3.989,-96.0,6.5590500831604,953.6451416015625,13.6355
2024-08-27 10:47:10,959.3603515625,0.04948791503906258,3.997,-1.0999999999999943,3.989,-92.0,5.871281623840332,954.4115600585938,13.0287
2024-08-27 09:47:10,953.2568359375,-0.012498779296875595,3.996,-1.1499999999999986,3.989,-96.0,5.387635707855225,954.5067138671875,12.9303
2024-08-27 08:47:10,956.30859375,0.01606567382812507,3.997,-1.0999999999999943,3.992,-96.0,5.344365119934082,954.7020263671875,12.926200000000001
2024-08-27 07:47:10,959.3603515625,0.04885375976562467,3.997,-1.0999999999999943,3.989,-96.0,5.466228008270264,954.4749755859375,13.0082
2024-08-27 06:47:10,959.3603515625,0.05025634765625009,3.997,-1.0999999999999943,3.992,-96.0,5.821829795837402,954.334716796875,12.766300000000001
2024-08-27 05:47:10,956.30859375,0.016174926757812624,3.997,-1.0999999999999943,3.989,-96.0,5.792824745178223,954.6911010742188,12.918000000000001
2024-08-27 04:47:10,956.30859375,0.018703002929687518,3.997,-1.0999999999999943,3.992,-96.0,5.760763168334961,954.4382934570312,12.860600000000002
2024-08-27 03:47:10,959.3603515625,0.0483520507812496,3.997,-1.0999999999999943,3.989,-96.0,5.760151386260986,954.525146484375,13.045100000000001
2024-08-27 02:47:10,959.3603515625,0.0508300781250004,3.997,-1.0999999999999943,3.992,-96.0,5.775435924530029,954.27734375,12.9672
2024-08-27 01:47:10,1093.6376953125,1.3903564453124995,3.767,-1.1499999999999986,3.989,-84.0,5.893289566040039,954.60205078125,13.0533
2024-08-27 00:47:10,1304.208984375,3.49773193359375,3.765,-1.1499999999999986,3.989,-85.0,5.709681510925293,954.435791015625,12.913900000000002
2024-08-26 23:47:10,2036.6308593750002,10.823163452148439,3.753,-1.0999999999999943,3.989,-88.0,5.872028827667236,954.3145141601562,13.0287
2024-08-26 22:47:10,2244.150390625,12.898685302734378,3.745,-1.0999999999999943,3.992,-88.0,6.046806812286377,954.2818603515625,13.090200000000001
2024-08-26 21:47:10,1932.87109375,9.789957885742188,3.75,-1.0499999999999972,3.992,-88.0,6.448599815368652,953.8753051757812,13.282900000000001
2024-08-26 20:47:10,1786.38671875,8.328056030273437,3.748,-1.0999999999999943,3.989,-88.0,6.566454887390137,953.5811157226562,13.3731
2024-08-26 19:47:10,1771.1279296875,8.176657714843751,3.744,-1.0999999999999943,3.989,-87.0,6.74551248550415,953.462158203125,13.467400000000001
2024-08-26 18:47:10,1429.3310546875,4.759381103515626,3.748,-1.0999999999999943,3.992,-86.0,6.988491058349609,953.3929443359375,13.729800000000001
2024-08-26 17:47:10,1349.9853515625,3.9701470947265625,3.752,-1.1499999999999986,3.989,-86.0,7.116602897644043,952.9706420898438,13.877400000000002
2024-08-26 16:47:10,1105.8447265625,1.5333349609375002,3.756,-1.0999999999999943,3.989,-86.0,7.775503158569336,952.51123046875,14.102900000000002
2024-08-26 15:47:10,956.30859375,0.037020263671875275,3.997,-1.1499999999999986,3.989,-96.0,8.235373497009277,952.6065673828125,14.0988
2024-08-26 14:47:10,959.3603515625,0.06713928222656262,3.997,-1.1499999999999986,3.992,-97.0,8.399894714355469,952.6464233398438,14.041400000000001
2024-08-26 13:47:10,959.3603515625,0.072174072265625,3.997,-1.0999999999999943,3.992,-97.0,8.643755912780762,952.1429443359375,14.324300000000001
2024-08-26 12:47:10,959.3603515625,0.07211303710937478,3.997,-1.0999999999999943,3.992,-96.0,7.593116283416748,952.1490478515625,14.0455
2024-08-26 11:47:10,959.3603515625,0.07530639648437476,3.997,-1.1499999999999986,3.992,-96.0,6.349153995513916,951.8297119140625,13.578100000000001
2024-08-26 10:47:10,956.30859375,0.04335449218749954,3.997,-1.0999999999999943,3.989,-96.0,5.296816349029541,951.97314453125,13.036900000000001
2024-08-26 09:47:10,953.2568359375,0.011504516601562598,3.996,-1.0999999999999943,3.992,-96.0,4.849103927612305,952.1063842773438,12.9631
2024-08-26 08:47:10,953.2568359375,0.014515380859374538,3.997,-1.0999999999999943,3.989,-96.0,4.486368179321289,951.8052978515625,12.9631
2024-08-26 07:47:10,953.2568359375,0.017954101562499547,3.997,-1.0999999999999943,3.989,-96.0,4.37136697769165,951.46142578125,12.7704
2024-08-26 06:47:10,959.3603515625,0.07954711914062496,3.997,-1.0999999999999943,3.989,-101.0,4.587513446807861,951.4056396484375,12.885200000000001
2024-08-26 05:47:10,950.205078125,-0.015014648437500222,3.997,-1.1499999999999986,3.992,-91.0,4.665970325469971,951.70654296875,12.8483
2024-08-26 04:47:10,968.515625,0.16579040527343714,3.733,-1.0999999999999943,3.992,-86.0,4.673646450042725,951.9365844726562,13.0164
2024-08-26 03:47:10,1111.9482421875,1.5976403808593753,3.732,-1.1499999999999986,3.989,-83.0,4.628405570983887,952.1842041015625,13.036900000000001
2024-08-26 01:47:10,1353.037109375,4.004275512695312,3.753,-1.0999999999999943,3.989,-83.0,4.96342658996582,952.6095581054688,13.164000000000001
2024-08-26 00:47:10,1514.7802734375,5.617385253906249,3.76,-1.0999999999999943,3.989,-83.0,5.015866756439209,953.041748046875,13.0738
2024-08-25 23:47:10,1816.904296875,8.641199340820313,3.765,-1.0999999999999943,3.992,-83.0,5.756551742553711,952.7843627929688,13.069700000000001
2024-08-25 22:47:10,1786.38671875,8.33329345703125,3.777,-1.0999999999999943,3.992,-84.0,6.742387771606445,953.057373046875,13.3116
2024-08-25 21:47:10,1887.0947265625,9.342025146484374,3.78,-1.0999999999999943,3.989,-84.0,7.834871768951416,952.8922119140625,12.0693
2024-08-25 20:47:10,2296.0302734375,13.43092956542969,3.78,-1.0999999999999943,3.989,-83.0,8.600281715393066,952.9373168945312,14.9967
2024-08-25 19:47:10,3037.607421875,20.848791503906252,3.778,-1.0999999999999943,3.992,-84.0,10.457158088684082,952.728271484375,14.008600000000001
2024-08-25 18:47:10,3220.712890625,22.679583740234378,3.775,-1.0999999999999943,3.989,-84.0,11.15640640258789,952.7545166015625,14.0783
2024-08-25 17:47:10,3129.16015625,21.763204956054693,3.771,-1.0999999999999943,3.989,-84.0,10.632547378540039,952.8396606445312,14.160300000000001
2024-08-25 16:47:10,2375.3759765625,14.224795532226565,3.767,-1.0999999999999943,3.989,-84.0,10.76025104522705,952.8964233398438,14.525200000000002
2024-08-25 15:47:10,1722.2998046875,7.689632568359375,3.762,-1.0999999999999943,3.989,-84.0,9.64052963256836,953.3365478515625,14.4678
2024-08-25 14:47:10,1630.7470703125,6.773878784179688,3.76,-1.0999999999999943,3.989,-84.0,8.363486289978027,953.3591918945312,14.107000000000001
2024-08-25 13:47:10,1606.3330078125,6.526650390624999,3.764,-1.0999999999999943,3.989,-84.0,6.441263198852539,953.66796875,13.6027
2024-08-25 12:47:10,1526.9873046875,5.733195190429687,3.771,-1.1499999999999986,3.992,-85.0,6.107738018035889,953.6677856445312,13.479700000000001
2024-08-25 11:47:10,1603.28125,6.496525268554687,3.774,-1.0999999999999943,3.989,-84.0,5.844314098358154,953.6287231445312,13.360800000000001
2024-08-25 10:47:10,1639.90234375,6.865413818359375,3.773,-1.0999999999999943,3.989,-84.0,5.38688850402832,953.3609619140625,13.0492
2024-08-25 09:47:10,1725.3515625,7.723128051757813,3.772,-1.0999999999999943,3.989,-85.0,5.202124118804932,953.0387573242188,12.881100000000002
2024-08-25 08:47:10,1801.6455078125,8.488906860351562,3.765,-1.0999999999999943,3.989,-83.0,5.252934455871582,952.7548217773438,13.0738
2024-08-25 07:47:10,2006.1132812500002,10.537145385742189,3.757,-1.0999999999999943,3.992,-84.0,5.516562461853027,952.3987426757812,13.000000000000002
2024-08-25 06:47:10,2134.287109375,11.82081481933594,3.744,-1.0999999999999943,3.989,-84.0,5.836026668548584,952.2056274414062,12.8893
2024-08-25 05:47:10,1984.7509765625,10.330722045898437,3.728,-1.0999999999999943,3.989,-85.0,6.141973972320557,951.6787719726562,12.950800000000001
2024-08-25 04:47:10,2054.94140625,11.035985717773439,3.712,-1.1499999999999986,3.989,-85.0,6.309483528137207,951.3428344726562,12.991800000000001
2024-08-25 03:47:10,1929.8193359375,9.786193237304687,3.693,-1.0999999999999943,3.989,-85.0,5.749622821807861,951.2000122070312,12.885200000000001
2024-08-25 02:47:10,2375.3759765625,14.242400512695315,3.674,-1.1499999999999986,3.992,-84.0,5.927933216094971,951.1359252929688,13.0287
2024-08-25 01:47:10,2375.3759765625,14.245131835937501,3.691,-1.0999999999999943,3.992,-85.0,5.989272594451904,950.86279296875,12.9959
2024-08-25 00:47:10,2042.7343750000002,10.92109375,3.717,-1.0999999999999943,3.989,-85.0,6.203787803649902,950.625,12.8565
2024-08-24 23:47:10,1530.0390625,5.796984252929688,3.774,-1.0999999999999943,3.992,-84.0,6.440108776092529,950.3406372070312,13.024600000000001
2024-08-24 22:47:10,1404.9169921875,4.548129272460938,3.786,-1.0999999999999943,3.989,-84.0,7.127878189086914,950.1040649414062,13.1476
2024-08-24 21:47:10,1832.1630859375,8.82072021484375,3.784,-1.1499999999999986,3.992,-86.0,8.161876678466797,950.091064453125,13.3772
2024-08-24 20:47:10,2384.53125,14.349509277343753,3.782,-1.0999999999999943,3.989,-85.0,9.980711936950684,949.580322265625,14.1767
2024-08-24 19:47:10,2646.982421875,16.976791381835938,3.782,-1.0999999999999943,3.989,-84.0,10.310637474060059,949.3032836914062,13.902000000000001
2024-08-24 18:47:10,2585.947265625,16.367357177734377,3.783,-1.0999999999999943,3.989,-86.0,11.19662094116211,949.2115478515625,14.463700000000001
2024-08-24 17:47:10,2082.4072265625,11.333079833984376,3.783,-1.0499999999999972,3.992,-86.0,10.827364921569824,949.0992431640625,14.471900000000002
2024-08-24 16:47:10,1758.9208984375,8.095776367187499,3.784,-1.1499999999999986,3.989,-86.0,10.37917709350586,949.34326171875,14.201300000000002
2024-08-24 15:47:10,1395.76171875,4.463493652343749,3.788,-1.1499999999999986,3.992,-85.0,10.004011154174805,949.412353515625,13.988100000000001
2024-08-24 14:47:10,1264.5361328125,3.148075561523438,3.787,-1.0999999999999943,3.992,-85.0,8.991138458251953,949.7285766601562,13.656
2024-08-24 13:47:10,950.205078125,0.003071289062499538,3.997,-1.1499999999999986,3.989,-96.0,8.705570220947266,949.89794921875,13.578100000000001
2024-08-24 12:47:10,953.2568359375,0.0295074462890621,3.997,-1.0999999999999943,3.989,-96.0,7.844245433807373,950.3060913085938,13.1927
2024-08-24 11:47:10,953.2568359375,0.028213500976562722,3.997,-1.0999999999999943,3.989,-96.0,7.688758373260498,950.4354858398438,12.881100000000002
2024-08-24 10:47:10,956.30859375,0.05730651855468727,3.997,-1.0999999999999943,3.992,-96.0,7.739772796630859,950.5779418945312,13.041
2024-08-24 09:47:10,956.30859375,0.055942382812499414,3.997,-1.0999999999999943,3.989,-96.0,7.304422378540039,950.71435546875,12.959000000000001
2024-08-24 08:47:10,953.2568359375,0.01989013671874984,3.998,-1.0999999999999943,3.989,-96.0,6.937002182006836,951.267822265625,12.864700000000001
2024-08-24 07:47:10,956.30859375,0.0451843261718754,3.997,-1.0999999999999943,3.989,-96.0,6.554567813873291,951.7901611328125,12.807300000000001
2024-08-24 06:47:10,959.3603515625,0.07476745605468738,3.997,-1.0999999999999943,3.989,-96.0,6.643689155578613,951.8836059570312,12.893400000000002
2024-08-24 05:47:10,959.3603515625,0.07110839843749939,3.998,-1.1499999999999986,3.992,-96.0,6.413888931274414,952.24951171875,12.9221
2024-08-24 04:47:10,956.30859375,0.0390203857421878,3.998,-1.0999999999999943,3.989,-96.0,6.223487377166748,952.4065551757812,12.774500000000002
2024-08-24 03:47:10,1008.1884765625,0.55558349609375,3.774,-1.0999999999999943,3.989,-83.0,6.344058990478516,952.630126953125,12.9549
2024-08-24 02:47:10,1066.171875,1.132412719726562,3.777,-1.1499999999999986,3.989,-83.0,6.408318996429443,952.9306030273438,12.983600000000001
2024-08-24 01:47:10,1118.0517578125,1.649515991210937,3.765,-1.0999999999999943,3.989,-90.0,6.81167459487915,953.1001586914062,13.0533
2024-08-24 00:47:10,1273.69140625,3.2073468017578124,3.766,-1.0999999999999943,3.989,-84.0,7.085558891296387,952.9567260742188,12.9631
2024-08-23 23:47:10,1084.482421875,1.3160992431640628,3.757,-1.0999999999999943,3.989,-93.0,7.016341686248779,952.8724975585938,13.0615
2024-08-23 22:47:10,1246.2255859375,2.9325451660156254,3.747,-1.0499999999999972,3.989,-84.0,7.618996620178223,952.9710693359375,13.3731
2024-08-23 21:47:10,1166.8798828125,2.136864624023438,3.733,-1.0499999999999972,3.989,-84.0,7.725780010223389,953.1934204101562,13.5043
2024-08-23 20:47:10,1111.9482421875,1.5873712158203124,3.704,-1.0999999999999943,3.989,-87.0,8.5455322265625,953.2111206054688,14.1234
2024-08-23 19:47:10,959.3603515625,0.06367858886718758,3.997,-1.0999999999999943,3.989,-96.0,8.735459327697754,952.9924926757812,14.180800000000001
2024-08-23 18:47:10,959.3603515625,0.06472839355468718,3.995,-1.0999999999999943,3.989,-96.0,8.661825180053711,952.8875122070312,13.9184
2024-08-23 17:47:10,956.30859375,0.037346801757812687,3.997,-1.0999999999999943,3.992,-95.0,8.169075965881348,952.5739135742188,13.996300000000002
2024-08-23 16:47:10,956.30859375,0.03734863281249945,3.997,-1.0999999999999943,3.989,-96.0,8.066234588623047,952.57373046875,13.811800000000002
2024-08-23 15:47:10,959.3603515625,0.0667285156249997,3.997,-1.1499999999999986,3.989,-97.0,7.71966552734375,952.6875,13.3526
2024-08-23 14:47:10,959.3603515625,0.06949890136718762,3.997,-1.0999999999999943,3.989,-95.0,8.137490272521973,952.4104614257812,13.270600000000002
2024-08-23 13:47:10,959.3603515625,0.07253173828124959,3.997,-1.0999999999999943,3.989,-97.0,8.261526107788086,952.107177734375,13.164000000000001
2024-08-23 12:47:10,962.412109375,0.10304626464843758,3.997,-1.1499999999999986,3.989,-96.0,7.678298473358154,952.1074829101562,12.9221
2024-08-23 11:47:10,959.3603515625,0.0725897216796878,3.997,-1.0999999999999943,3.989,-96.0,7.587478160858154,952.1013793945312,13.065600000000002
2024-08-23 10:47:10,959.3603515625,0.07481140136718745,3.997,-1.0999999999999943,3.989,-96.0,7.168023586273193,951.8792114257812,13.0205
2024-08-23 09:47:10,953.2568359375,0.01551025390625016,3.997,-1.0999999999999943,3.989,-96.0,6.884832859039307,951.705810546875,12.9959
2024-08-23 08:47:10,2009.1650390625002,10.576600341796878,3.521,-1.0999999999999943,3.989,-82.0,6.838505744934082,951.5050048828125,12.971300000000001
2024-08-23 07:47:10,959.3603515625,0.07627075195312472,3.995,-1.1499999999999986,3.989,-96.0,6.871110916137695,951.7332763671875,12.852400000000001
2024-08-23 06:47:10,953.2568359375,0.01630126953125033,3.995,-1.0999999999999943,3.989,-96.0,7.276097297668457,951.626708984375,12.8893
2024-08-23 05:47:10,953.2568359375,0.014895019531250275,3.997,-1.0999999999999943,3.989,-96.0,7.750572681427002,951.767333984375,12.918000000000001
2024-08-23 04:47:10,959.3603515625,0.07924743652343746,3.997,-1.0999999999999943,3.992,-96.0,7.421327114105225,951.4356079101562,12.913900000000002
2024-08-23 03:47:09,956.30859375,0.04154235839843756,3.997,-1.0999999999999943,3.989,-96.0,7.511875152587891,952.1543579101562,12.881100000000002
2024-08-23 02:47:09,956.30859375,0.03512634277343718,3.997,-1.0999999999999943,3.989,-96.0,7.745206356048584,952.7959594726562,12.959000000000001
2024-08-23 01:47:09,959.3603515625,0.062445678710937313,3.997,-1.0999999999999943,3.989,-96.0,7.912513256072998,953.1157836914062,13.069700000000001
2024-08-23 00:47:09,959.3603515625,0.05966735839843751,3.997,-1.0999999999999943,3.989,-97.0,8.386037826538086,953.3936157226562,13.057400000000001
2024-08-22 23:47:09,959.3603515625,0.06561462402343787,3.997,-1.0999999999999943,3.992,-96.0,8.0444974899292,952.7988891601562,13.123000000000001
2024-08-22 22:47:09,962.412109375,0.08893371582031295,3.997,-1.0999999999999943,3.989,-97.0,7.724625110626221,953.5187377929688,13.2255
2024-08-22 21:47:09,959.3603515625,0.05864746093749984,3.997,-1.0999999999999943,3.992,-97.0,7.890368461608887,953.49560546875,13.3526
2024-08-22 20:47:09,959.3603515625,0.05302551269531275,3.997,-1.0999999999999943,3.989,-97.0,8.900251388549805,954.0578002929688,14.193100000000001
2024-08-22 19:47:09,1334.7265625,3.8056799316406256,3.764,-1.0999999999999943,3.989,-83.0,10.380873680114746,954.1585693359375,14.008600000000001
2024-08-22 18:47:09,2546.2744140625,15.918639526367189,3.762,-1.0999999999999943,3.989,-83.0,13.36392593383789,954.4104614257812,13.9266
2024-08-22 17:47:09,1978.6474609375,10.242565307617188,3.762,-1.0999999999999943,3.989,-82.0,12.517951965332031,954.3909301757812,13.988100000000001
2024-08-22 16:47:09,1227.9150390625,2.7269317626953127,3.742,-1.0999999999999943,3.989,-83.0,14.609654426574707,955.2218627929688,13.9922
2024-08-22 15:47:09,962.412109375,0.06861633300781267,3.994,-1.0999999999999943,3.989,-96.0,14.843257904052734,955.5504760742188,13.9389
2024-08-22 14:47:09,962.412109375,0.062089843749999485,3.994,-1.1499999999999986,3.989,-96.0,13.714502334594727,956.203125,13.951200000000002
2024-08-22 13:47:09,959.3603515625,0.026311035156250107,3.994,-1.0999999999999943,3.989,-97.0,10.926606178283691,956.729248046875,13.984000000000002
2024-08-22 12:47:09,959.3603515625,0.01880371093749944,3.994,-1.0999999999999943,3.989,-97.0,8.020790100097656,957.47998046875,14.1234
2024-08-22 11:47:09,959.3603515625,0.011630249023437678,3.994,-1.1499999999999986,3.989,-96.0,5.150907039642334,958.1973266601562,14.3489
2024-08-22 10:47:09,965.4638671875,0.06521057128906271,3.994,-1.1499999999999986,3.989,-96.0,3.2610864639282227,958.9428100585938,14.5211
2024-08-22 09:47:09,962.412109375,0.029992675781249645,3.994,-1.0999999999999943,3.989,-97.0,1.5526330471038818,959.412841796875,14.463700000000001
2024-08-22 08:47:09,959.3603515625,-0.0005181884765625977,3.994,-1.1499999999999986,3.989,-97.0,0.3473217785358429,959.4121704101562,13.143500000000001
2024-08-22 07:47:09,956.30859375,-0.02787963867187493,3.995,-1.0999999999999943,3.989,-96.0,0.34175169467926025,959.0965576171875,12.9303
2024-08-22 06:47:09,959.3603515625,0.0037316894531247424,3.995,-1.1499999999999986,3.992,-96.0,0.31349363923072815,958.9871826171875,12.971300000000001
2024-08-22 05:47:09,959.3603515625,0.006602172851561949,3.995,-1.0999999999999943,3.989,-96.0,0.918322741985321,958.7001342773438,12.9221
2024-08-22 04:47:09,959.3603515625,0.011962890625000222,3.995,-1.0999999999999943,3.989,-96.0,1.1164013147354126,958.1640625,12.913900000000002
2024-08-22 03:47:09,959.3603515625,0.013895874023437393,3.997,-1.0999999999999943,3.989,-96.0,1.1380701065063477,957.9707641601562,13.065600000000002
2024-08-22 02:47:09,956.30859375,-0.010114135742187447,3.996,-1.0999999999999943,3.989,-96.0,2.1533191204071045,957.3200073242188,13.1271
2024-08-22 01:47:09,956.30859375,-0.0021923828125003375,3.997,-1.0999999999999943,3.989,-97.0,4.1214599609375,956.52783203125,12.946700000000002
2024-08-22 00:47:09,962.412109375,0.06391174316406234,3.996,-1.1499999999999986,3.989,-96.0,5.099825382232666,956.0209350585938,13.090200000000001
2024-08-21 23:47:09,959.3603515625,0.04401306152343687,3.997,-1.1499999999999986,3.992,-96.0,5.95693826675415,954.9590454101562,13.1804
2024-08-21 22:47:09,959.3603515625,0.0505645751953121,3.997,-1.1999999999999957,3.989,-97.0,6.801825046539307,954.3038940429688,13.520700000000001
2024-08-21 21:47:09,956.30859375,0.027859497070312766,3.997,-1.0999999999999943,3.989,-97.0,8.052172660827637,953.5226440429688,13.725700000000002
2024-08-21 20:47:09,956.30859375,0.030067138671875382,3.997,-1.0999999999999943,3.989,-97.0,8.54526138305664,953.3018798828125,14.070100000000002
2024-08-21 19:47:09,956.30859375,0.035870361328125266,3.998,-1.0999999999999943,3.989,-97.0,9.581024169921875,952.7215576171875,14.025
2024-08-21 18:47:09,1603.28125,6.507089233398437,3.767,-1.1499999999999986,3.989,-81.0,10.907247543334961,952.5723266601562,14.156200000000002
2024-08-21 17:47:09,2665.29296875,17.1292626953125,3.765,-1.0999999999999943,3.989,-82.0,10.498456954956055,952.36669921875,14.1316
2024-08-21 16:47:09,2265.5126953125,13.132514648437503,3.76,-1.0999999999999943,3.989,-82.0,10.872400283813477,952.26123046875,14.070100000000002
2024-08-21 15:47:09,959.3603515625,0.06647521972656278,3.991,-1.1499999999999986,3.989,-96.0,11.013215065002441,952.7128295898438,14.631800000000002
2024-08-21 13:47:09,956.30859375,0.030365600585937624,3.992,-1.0999999999999943,3.989,-96.0,7.801994800567627,953.2720336914062,14.570300000000001
2024-08-21 12:47:09,959.3603515625,0.057403564453124556,3.992,-1.1499999999999986,3.989,-96.0,6.165952205657959,953.6199951171875,14.3612
2024-08-21 11:47:09,950.205078125,-0.0360290527343754,3.993,-1.1499999999999986,3.989,-97.0,5.04643440246582,953.8079833984375,13.6478
2024-08-21 10:47:09,956.30859375,0.024806518554687518,3.993,-1.1499999999999986,3.989,-96.0,4.464564323425293,953.8279418945312,13.287
2024-08-21 09:47:09,959.3603515625,0.05718811035156257,3.993,-1.1499999999999986,3.989,-96.0,3.7198705673217773,953.6415405273438,13.0164
2024-08-21 08:47:09,956.30859375,0.0292388916015629,3.993,-1.0999999999999943,3.989,-97.0,3.361959218978882,953.3847045898438,12.959000000000001
2024-08-21 07:47:09,950.205078125,-0.03235534667968776,3.993,-1.0999999999999943,3.989,-96.0,3.460861921310425,953.4406127929688,12.881100000000002
2024-08-21 06:47:09,956.30859375,0.029618530273437527,3.994,-1.1499999999999986,3.989,-96.0,3.8159215450286865,953.3467407226562,12.938500000000001
2024-08-21 05:47:09,953.2568359375,0.003862304687499707,3.993,-1.0999999999999943,3.989,-96.0,4.162216663360596,952.87060546875,12.9959
2024-08-21 04:47:09,953.2568359375,0.004973144531249529,3.994,-1.0999999999999943,3.989,-96.0,4.253444671630859,952.759521484375,13.032800000000002
2024-08-21 03:47:09,956.30859375,0.0386206054687499,3.994,-1.0999999999999943,3.989,-96.0,4.326738357543945,952.446533203125,12.8975
2024-08-21 02:47:09,959.3603515625,0.0706298828124996,3.994,-1.0999999999999943,3.989,-96.0,4.306291580200195,952.29736328125,13.082
2024-08-21 01:47:09,956.30859375,0.041004638671875426,3.994,-1.1499999999999986,3.989,-96.0,4.41619873046875,952.2081298828125,13.065600000000002
2024-08-21 00:47:09,959.3603515625,0.07455322265624953,3.994,-1.0999999999999943,3.989,-96.0,4.933402061462402,951.905029296875,13.110700000000001
2024-08-20 23:47:09,956.30859375,0.05065185546874962,3.994,-1.1499999999999986,3.992,-97.0,5.383152008056641,951.243408203125,13.241900000000001
2024-08-20 22:47:09,956.30859375,0.0592987060546879,3.994,-1.0999999999999943,3.992,-96.0,5.925147533416748,950.3787231445312,13.487900000000002
2024-08-20 21:47:09,953.2568359375,0.034560546874999876,3.994,-1.0999999999999943,3.992,-96.0,6.614140510559082,949.80078125,14.2628
2024-08-20 20:47:09,953.2568359375,0.038043212890624956,3.994,-1.0999999999999943,3.992,-96.0,7.62354850769043,949.4525146484375,14.1234
2024-08-20 19:47:09,959.3603515625,0.10476928710937528,3.994,-1.1499999999999986,3.992,-97.0,8.743474006652832,948.8834228515625,14.545700000000002
2024-08-20 18:47:09,953.2568359375,0.05064636230468711,3.994,-1.0999999999999943,3.989,-96.0,9.927116394042969,948.1921997070312,14.082400000000002
2024-08-20 17:47:09,950.205078125,0.025516357421875302,3.994,-1.0499999999999972,3.989,-97.0,11.862719535827637,947.6534423828125,13.955300000000001
2024-08-20 16:47:09,956.30859375,0.0864544677734369,3.995,-1.0999999999999943,3.989,-96.0,11.24715805053711,947.6631469726562,14.0127
2024-08-20 15:47:09,950.205078125,0.024711914062499618,3.995,-1.0999999999999943,3.989,-96.0,11.369359970092773,947.73388671875,14.549800000000001
2024-08-20 14:47:09,953.2568359375,0.053496704101562154,3.995,-1.0999999999999943,3.989,-97.0,10.824172019958496,947.9071655273438,14.529300000000001
2024-08-20 13:47:09,953.2568359375,0.05405456542968756,3.995,-1.0999999999999943,3.989,-97.0,8.292366027832031,947.8513793945312,14.4883
2024-08-20 12:47:09,953.2568359375,0.052804565429687145,3.995,-1.1499999999999986,3.989,-97.0,7.763682842254639,947.9763793945312,14.451400000000001
2024-08-20 11:47:09,953.2568359375,0.05098999023437467,3.995,-1.0999999999999943,3.989,-96.0,7.045889854431152,948.1578369140625,13.848700000000001
2024-08-20 10:47:09,950.205078125,0.020354003906249973,3.995,-1.1499999999999986,3.992,-96.0,6.211871147155762,948.169677734375,13.0943
2024-08-20 09:47:09,953.2568359375,0.05042297363281212,3.997,-1.1499999999999986,3.989,-96.0,5.527295112609863,948.2145385742188,12.983600000000001
2024-08-20 08:47:09,950.205078125,0.01770996093749977,3.995,-1.0999999999999943,3.989,-96.0,5.142823696136475,948.43408203125,12.877
2024-08-20 07:47:09,950.205078125,0.016952514648437278,3.996,-1.0999999999999943,3.989,-96.0,5.068306922912598,948.5098266601562,12.885200000000001
2024-08-20 06:47:09,950.205078125,0.014724121093749876,3.995,-1.0999999999999943,3.989,-96.0,4.986385345458984,948.732666015625,12.9016
2024-08-20 05:47:09,950.205078125,0.014761962890624813,3.997,-1.0999999999999943,3.989,-96.0,5.192206859588623,948.7288818359375,12.983600000000001
2024-08-20 04:47:09,953.2568359375,0.04070251464843744,3.997,-1.1499999999999986,3.989,-97.0,5.121425628662109,949.1865844726562,13.032800000000002
2024-08-20 03:47:09,953.2568359375,0.035485839843749645,3.997,-1.0999999999999943,3.992,-96.0,5.194244384765625,949.708251953125,12.9344
2024-08-20 02:47:09,953.2568359375,0.03341979980468701,3.997,-1.1499999999999986,3.992,-96.0,5.271003246307373,949.9148559570312,13.0615
2024-08-20 01:47:09,956.30859375,0.0613220214843746,3.997,-1.0999999999999943,3.989,-96.0,5.497135162353516,950.1763916015625,13.090200000000001
2024-08-20 00:47:09,953.2568359375,0.028191528320312687,3.997,-1.0999999999999943,3.989,-96.0,5.846827507019043,950.4376831054688,13.1353
2024-08-19 23:47:09,950.205078125,-0.0024505615234371447,3.997,-1.1499999999999986,3.992,-96.0,6.592538833618164,950.4501342773438,13.229600000000001
2024-08-19 22:47:09,956.30859375,0.05400451660156236,3.997,-1.0999999999999943,3.989,-96.0,7.304694652557373,950.9081420898438,13.4715
2024-08-19 21:47:09,953.2568359375,0.02077758789062467,3.997,-1.0499999999999972,3.989,-98.0,7.730874061584473,951.1790771484375,13.869200000000001
2024-08-19 20:47:09,959.3603515625,0.08051147460937491,3.997,-1.0999999999999943,3.989,-96.0,8.833138465881348,951.3092041015625,14.1521
2024-08-19 19:47:09,956.30859375,0.04818908691406221,3.997,-1.0999999999999943,3.989,-96.0,9.701053619384766,951.4896850585938,14.029100000000001
2024-08-19 18:47:09,956.30859375,0.043762207031250444,3.998,-1.0999999999999943,3.989,-96.0,10.669159889221191,951.932373046875,14.0045
2024-08-19 17:47:09,1230.966796875,2.789653930664062,3.773,-1.0499999999999972,3.989,-84.0,12.988285064697266,952.0014038085938,13.943000000000001
2024-08-19 16:47:09,1429.3310546875,4.769948120117188,3.766,-1.1499999999999986,3.992,-83.0,12.285028457641602,952.3362426757812,14.066
2024-08-19 15:47:09,959.3603515625,0.0643475341796873,3.995,-1.0999999999999943,3.992,-96.0,11.04745101928711,952.9255981445312,14.5867
2024-08-19 14:47:09,959.3603515625,0.06083496093750029,3.995,-1.0999999999999943,3.989,-96.0,10.104205131530762,953.27685546875,14.648200000000001
2024-08-19 13:47:09,959.3603515625,0.055834960937499734,3.995,-1.0999999999999943,3.989,-96.0,8.884560585021973,953.77685546875,14.5334
2024-08-19 12:47:09,959.3603515625,0.04975646972656289,3.995,-1.1499999999999986,3.992,-96.0,8.073909759521484,954.3847045898438,14.4555
2024-08-19 11:47:09,953.2568359375,-0.009638061523437047,3.995,-1.0999999999999943,3.989,-96.0,6.92253303527832,954.2206420898438,13.877400000000002
2024-08-19 10:47:09,959.3603515625,0.04774719238281211,3.995,-1.1499999999999986,3.989,-96.0,5.402171611785889,954.5856323242188,13.4428
2024-08-19 09:47:09,959.3603515625,0.0469207763671875,3.995,-1.0999999999999943,3.989,-96.0,4.825668811798096,954.6682739257812,12.9877
2024-08-19 08:47:09,956.30859375,0.01635803222656218,3.997,-1.0999999999999943,3.989,-96.0,4.9515380859375,954.6727905273438,12.938500000000001
2024-08-19 07:47:09,962.412109375,0.07220886230468793,3.997,-1.0999999999999943,3.989,-96.0,4.6721510887146,955.1912231445312,12.9877
2024-08-19 06:47:09,959.3603515625,0.04121887207031216,3.997,-1.0999999999999943,3.989,-96.0,4.326669692993164,955.2384643554688,12.9959
2024-08-19 05:47:09,959.3603515625,0.041000366210937056,3.997,-1.1499999999999986,3.989,-96.0,4.332512378692627,955.2603149414062,12.950800000000001
2024-08-19 04:47:09,962.412109375,0.07149291992187501,3.997,-1.1499999999999986,3.992,-96.0,4.322662353515625,955.2628173828125,12.9426
2024-08-19 03:47:09,959.3603515625,0.038757934570312624,3.997,-1.0999999999999943,3.989,-96.0,4.261120796203613,955.4845581054688,12.9016
2024-08-19 02:47:09,959.3603515625,0.040911254882812775,3.997,-1.0999999999999943,3.989,-97.0,4.7551589012146,955.2692260742188,13.090200000000001
2024-08-19 01:47:09,959.3603515625,0.039348754882811976,3.997,-1.0999999999999943,3.989,-96.0,5.250625133514404,955.4254760742188,13.0615
2024-08-19 00:47:09,959.3603515625,0.042428588867187145,3.997,-1.1499999999999986,3.989,-96.0,5.258232593536377,955.1174926757812,13.1353
2024-08-18 23:47:09,956.30859375,0.015070190429687935,3.997,-1.1499999999999986,3.989,-96.0,5.669875621795654,954.8015747070312,13.492
2024-08-18 22:47:09,959.3603515625,0.04860046386718775,3.997,-1.0999999999999943,3.989,-97.0,7.080329418182373,954.5003051757812,13.783100000000001
2024-08-18 21:47:09,959.3603515625,0.05340026855468749,3.997,-1.0999999999999943,3.989,-97.0,8.497779846191406,954.0203247070312,14.0988
2024-08-18 20:47:09,959.3603515625,0.05611572265625031,3.997,-1.0999999999999943,3.989,-97.0,10.325580596923828,953.748779296875,14.1234
2024-08-18 19:47:09,959.3603515625,0.06255981445312475,3.997,-1.1499999999999986,3.989,-96.0,12.22708511352539,953.1043701171875,14.0332
2024-08-18 18:47:09,959.3603515625,0.06408325195312536,3.997,-1.0999999999999943,3.992,-96.0,12.507083892822266,952.9520263671875,13.9717
2024-08-18 17:47:09,1893.1982421875,9.405274658203124,3.77,-1.0999999999999943,3.989,-86.0,13.149138450622559,952.6707763671875,14.016800000000002
2024-08-18 16:47:09,2619.5166015625,16.66963806152344,3.764,-1.0499999999999972,3.989,-86.0,14.374895095825195,952.5527954101562,13.975800000000001
2024-08-18 15:47:09,1774.1796875,8.216885986328125,3.755,-1.0999999999999943,3.989,-87.0,14.715622901916504,952.4910888671875,13.9266
2024-08-18 14:47:09,962.412109375,0.09405395507812497,3.996,-1.1499999999999986,3.989,-96.0,10.518564224243164,953.0067138671875,14.0004
2024-08-18 13:47:09,959.3603515625,0.05993774414062458,3.997,-1.1499999999999986,3.989,-97.0,8.705366134643555,953.3665771484375,14.582600000000001
2024-08-18 12:47:09,959.3603515625,0.05675659179687487,3.997,-1.1499999999999986,3.989,-96.0,6.998680591583252,953.6846923828125,14.471900000000002
2024-08-18 11:47:09,956.30859375,0.024142456054687678,3.996,-1.0999999999999943,3.989,-96.0,5.159873008728027,953.8943481445312,14.189000000000002
2024-08-18 10:47:09,956.30859375,0.02247985839843758,3.997,-1.0999999999999943,3.992,-96.0,4.124856948852539,954.0606079101562,14.3694
2024-08-18 09:47:09,959.3603515625,0.056915893554687624,3.997,-1.0999999999999943,3.989,-96.0,4.972257137298584,953.6687622070312,14.463700000000001
2024-08-18 08:47:09,956.30859375,0.023823242187499538,3.997,-1.0999999999999943,3.989,-97.0,3.8462841510772705,953.92626953125,12.8114
2024-08-18 07:47:09,953.2568359375,-0.004320678710937331,3.997,-1.0999999999999943,3.989,-97.0,4.188641548156738,953.6889038085938,12.9303
2024-08-18 06:47:09,959.3603515625,0.05775024414062524,3.997,-1.0999999999999943,3.989,-97.0,4.586630821228027,953.5853271484375,12.8893
2024-08-18 05:47:09,956.30859375,0.027478027343750266,3.997,-1.0999999999999943,3.989,-96.0,4.750200271606445,953.560791015625,12.877
2024-08-18 04:47:09,953.2568359375,-0.007847290039062482,3.997,-1.0999999999999943,3.989,-96.0,4.691578388214111,954.0415649414062,13.090200000000001
2024-08-18 03:47:09,959.3603515625,0.052783203124999734,3.997,-1.1499999999999986,3.989,-96.0,4.761681079864502,954.08203125,13.0492
2024-08-18 02:47:09,959.3603515625,0.051223754882812056,3.997,-1.0999999999999943,3.989,-97.0,4.748774528503418,954.2379760742188,13.012300000000002
2024-08-18 01:47:09,959.3603515625,0.04918029785156208,3.997,-1.0999999999999943,3.989,-97.0,4.726629734039307,954.4423217773438,13.0861
2024-08-18 00:47:09,959.3603515625,0.04790954589843688,3.997,-1.1499999999999986,3.989,-97.0,5.062600135803223,954.5693969726562,13.270600000000002
2024-08-17 23:47:09,953.2568359375,-0.009099121093749662,3.997,-1.0999999999999943,3.989,-96.0,6.152639389038086,954.166748046875,13.2911
2024-08-17 22:47:09,1975.595703125,10.213928833007813,3.775,-1.0999999999999943,3.989,-86.0,6.779068470001221,954.2028198242188,13.455100000000002
2024-08-17 21:47:09,4066.0498046875,31.122794799804687,3.774,-1.1499999999999986,3.989,-85.0,7.866253852844238,953.7703247070312,13.7011
2024-08-17 20:47:09,5179.94140625,42.26150451660157,3.771,-1.0999999999999943,3.989,-86.0,8.768336296081543,953.7909545898438,13.692900000000002
2024-08-17 19:47:09,5448.49609375,44.95090148925782,3.773,-1.1499999999999986,3.992,-87.0,11.204499244689941,953.4059448242188,14.6728
2024-08-17 18:47:09,4740.48828125,37.8677392578125,3.769,-1.0999999999999943,3.989,-86.0,10.516458511352539,953.71435546875,14.049600000000002
2024-08-17 17:47:09,3235.9716796875,22.824368286132817,3.734,-1.1499999999999986,3.989,-86.0,13.093165397644043,953.5348510742188,14.029100000000001
2024-08-17 16:47:09,1111.9482421875,1.5837384033203128,3.712,-1.0999999999999943,3.989,-92.0,13.808036804199219,953.5744018554688,14.5211
2024-08-17 15:47:09,956.30859375,0.018418579101562305,3.995,-1.1999999999999957,3.989,-96.0,10.778524398803711,954.4667358398438,14.582600000000001
2024-08-17 14:47:09,962.412109375,0.07584594726562477,3.995,-1.1499999999999986,3.989,-97.0,10.34670639038086,954.8275146484375,14.697400000000002
2024-08-17 13:47:09,956.30859375,0.010300292968750124,3.995,-1.0999999999999943,3.989,-96.0,9.109197616577148,955.278564453125,14.4883
2024-08-17 12:47:09,959.3603515625,0.040306396484375284,3.996,-1.1499999999999986,3.989,-96.0,8.497371673583984,955.3297119140625,14.3817
2024-08-17 11:47:09,959.3603515625,0.03733032226562516,3.997,-1.0999999999999943,3.992,-97.0,6.595528602600098,955.6273193359375,13.586300000000001
2024-08-17 10:47:09,959.3603515625,0.03735168457031257,3.995,-1.0999999999999943,3.989,-96.0,5.448770523071289,955.6251831054688,13.1394
2024-08-17 09:47:09,956.30859375,0.006624755859374609,3.995,-1.1499999999999986,3.989,-96.0,4.508785247802734,955.6461181640625,13.024600000000001
2024-08-17 08:47:09,959.3603515625,0.03406005859375005,3.997,-1.1499999999999986,3.992,-96.0,4.052242279052734,955.954345703125,12.905700000000001
2024-08-17 07:47:09,956.30859375,0.0045251464843754086,3.995,-1.1499999999999986,3.992,-97.0,3.977928400039673,955.8560791015625,12.9959
2024-08-17 06:47:09,956.30859375,0.0069720458984379174,3.995,-1.0999999999999943,3.992,-97.0,3.791534423828125,955.6113891601562,13.057400000000001
2024-08-17 05:47:09,959.3603515625,0.03928161621093773,3.997,-1.1499999999999986,3.989,-97.0,3.9637317657470703,955.4321899414062,12.9221
2024-08-17 04:47:09,959.3603515625,0.03840026855468692,3.997,-1.0999999999999943,3.989,-96.0,3.9339795112609863,955.5203247070312,13.0943
2024-08-17 03:47:09,953.2568359375,-0.020966186523437846,3.997,-1.0999999999999943,3.992,-96.0,3.6071789264678955,955.3534545898438,13.0533
2024-08-17 02:47:09,953.2568359375,-0.024620971679687464,3.997,-1.0999999999999943,3.992,-96.0,3.519075870513916,955.7189331054688,13.0164
2024-08-17 01:47:09,959.3603515625,0.03674865722656295,3.997,-1.1499999999999986,3.989,-96.0,3.292877197265625,955.6854858398438,13.0082
2024-08-17 00:47:09,959.3603515625,0.04132995605468759,3.996,-1.0999999999999943,3.989,-96.0,3.1865015029907227,955.2273559570312,13.1599
2024-08-16 23:47:09,2729.3798828125,17.74410827636719,3.776,-1.0999999999999943,3.989,-87.0,5.225015640258789,954.9690551757812,13.3731
2024-08-16 22:47:09,3675.4248046875,27.214406127929692,3.778,-1.1499999999999986,3.989,-86.0,7.302657604217529,953.9841918945312,13.6888
2024-08-16 21:47:09,4142.34375,31.887045288085936,3.774,-1.1499999999999986,3.989,-87.0,9.090381622314453,953.6392211914062,14.1193
2024-08-16 20:47:09,4484.140625,35.30826232910157,3.771,-1.0999999999999943,3.992,-86.0,10.349696159362793,953.3143920898438,14.127500000000001
2024-08-16 19:47:09,4932.7490234375,39.797066650390626,3.764,-1.1499999999999986,3.989,-86.0,11.576744079589844,953.0423583984375,13.910200000000001
2024-08-16 18:47:09,5433.2373046875,44.80365722656251,3.757,-1.1499999999999986,3.989,-86.0,11.798121452331543,952.87158203125,14.0783
2024-08-16 17:47:09,5601.083984375,46.48246459960937,3.751,-1.1499999999999986,3.989,-87.0,12.352684020996094,952.8375244140625,14.029100000000001
2024-08-16 16:47:09,5643.80859375,46.91181396484375,3.74,-1.0999999999999943,3.989,-87.0,13.770066261291504,952.627197265625,13.9594
2024-08-16 15:47:09,3156.6259765625,22.037992553710943,3.625,-1.0999999999999943,3.989,-88.0,11.478589057922363,952.8267211914062,14.086500000000001
2024-08-16 14:47:09,959.3603515625,0.06269104003906234,3.993,-1.0999999999999943,3.989,-96.0,11.074689865112305,953.0912475585938,14.451400000000001
2024-08-16 13:47:09,959.3603515625,0.0606719970703129,3.991,-1.1499999999999986,3.989,-97.0,9.32534408569336,953.2931518554688,14.3817
2024-08-16 12:47:09,959.3603515625,0.05562988281250014,3.991,-1.0999999999999943,3.989,-97.0,7.121289253234863,953.79736328125,14.365300000000001
2024-08-16 11:47:09,956.30859375,0.025971679687499805,3.992,-1.0999999999999943,3.989,-96.0,5.905380725860596,953.71142578125,14.2956
2024-08-16 10:47:09,959.3603515625,0.054486083984375266,3.991,-1.0999999999999943,3.992,-95.0,4.612850189208984,953.9117431640625,13.6027
2024-08-16 09:47:09,953.2568359375,-0.006359863281250044,3.991,-1.0999999999999943,3.989,-96.0,4.063518047332764,953.892822265625,13.110700000000001
2024-08-16 08:47:09,956.30859375,0.028215332031249485,3.992,-1.0999999999999943,3.992,-96.0,3.870399236679077,953.487060546875,13.098400000000002
2024-08-16 07:47:09,959.3603515625,0.0597222900390626,3.992,-1.1499999999999986,3.992,-96.0,3.735766649246216,953.3881225585938,12.6966
2024-08-16 06:47:09,959.3603515625,0.06131774902343734,3.993,-1.1499999999999986,3.989,-96.0,3.3998632431030273,953.2285766601562,13.036900000000001
2024-08-16 05:47:09,959.3603515625,0.06132385253906247,3.993,-1.0999999999999943,3.989,-96.0,3.75349497795105,953.2279663085938,12.9303
2024-08-16 04:47:09,959.3603515625,0.06098022460937491,3.992,-1.0999999999999943,3.992,-96.0,4.026429653167725,953.2623291015625,13.090200000000001
2024-08-16 03:47:09,953.2568359375,0.0004260253906251954,3.993,-1.0999999999999943,3.989,-96.0,4.113105297088623,953.2142333984375,13.045100000000001
2024-08-16 02:47:09,953.2568359375,-0.001245727539062047,3.992,-1.0999999999999943,3.989,-97.0,4.174036979675293,953.3814086914062,13.0287
2024-08-16 01:47:09,959.3603515625,0.05739562988281266,3.993,-1.1499999999999986,3.989,-96.0,4.380944728851318,953.6207885742188,12.918000000000001
2024-08-16 00:47:09,953.2568359375,-9.399414062527534e-05,3.993,-1.0999999999999943,3.992,-96.0,4.714334487915039,953.2662353515625,13.229600000000001
2024-08-15 23:47:09,956.30859375,0.030942382812499947,3.993,-1.1499999999999986,3.989,-96.0,5.552496433258057,953.21435546875,13.282900000000001
2024-08-15 22:47:09,959.3603515625,0.06795654296875009,3.994,-1.1499999999999986,3.989,-96.0,6.819350719451904,952.564697265625,13.746200000000002
2024-08-15 21:47:09,950.205078125,-0.022603759765624787,3.993,-1.1499999999999986,3.989,-96.0,7.960673809051514,952.4654541015625,14.180800000000001
2024-08-15 20:47:09,956.30859375,0.039855957031249556,3.993,-1.0999999999999943,3.989,-96.0,8.249231338500977,952.322998046875,14.545700000000002
2024-08-15 19:47:09,956.30859375,0.040836181640624414,3.994,-1.1499999999999986,3.989,-96.0,7.570224761962891,952.2249755859375,14.418600000000001
2024-08-15 18:47:09,956.30859375,0.04356262207031225,3.994,-1.0999999999999943,3.989,-96.0,8.932042121887207,951.9523315429688,14.373500000000002
2024-08-15 17:47:09,959.3603515625,0.07929748535156267,3.993,-1.1499999999999986,3.989,-96.0,10.565299034118652,951.4306030273438,14.590800000000002
2024-08-15 16:47:09,959.3603515625,0.07983947753906206,3.994,-1.1499999999999986,3.989,-96.0,9.449244499206543,951.3764038085938,14.611300000000002
2024-08-15 15:47:09,953.2568359375,0.02002014160156218,3.994,-1.1499999999999986,3.989,-96.0,9.311758995056152,951.2548217773438,14.3489
2024-08-15 14:47:09,953.2568359375,0.02340087890625009,3.993,-1.1499999999999986,3.989,-96.0,9.03094482421875,950.916748046875,14.3284
2024-08-15 13:47:09,953.2568359375,0.02257751464843749,3.994,-1.1499999999999986,3.989,-96.0,6.220770359039307,950.9990844726562,13.6806
2024-08-15 12:47:09,953.2568359375,0.024484252929687367,3.994,-1.1499999999999986,3.989,-97.0,5.6621994972229,950.8084106445312,13.1066
2024-08-15 11:47:09,950.205078125,0.0018255615234374911,3.994,-1.1499999999999986,3.989,-96.0,5.396737098693848,950.0225219726562,13.0738
2024-08-15 10:47:09,953.2568359375,0.03783996582031213,3.994,-1.0999999999999943,3.989,-97.0,5.303133487701416,949.4728393554688,12.9631
2024-08-15 09:47:09,953.2568359375,0.04592590332031188,3.994,-1.0999999999999943,3.989,-97.0,4.991004467010498,948.6642456054688,12.946700000000002
2024-08-15 08:47:09,953.2568359375,0.05256225585937524,3.994,-1.1499999999999986,3.992,-97.0,5.139902114868164,948.0006103515625,13.041
2024-08-15 07:47:09,950.205078125,0.02757446289062493,3.994,-1.0999999999999943,3.989,-97.0,5.322561264038086,947.4476318359375,12.9344
2024-08-15 06:47:09,950.205078125,0.03705383300781295,3.994,-1.0999999999999943,3.992,-98.0,5.664509296417236,946.4996948242188,13.004100000000001
2024-08-15 05:47:09,950.205078125,0.043856811523437234,3.994,-1.1499999999999986,3.989,-96.0,5.799006462097168,945.8193969726562,12.893400000000002
2024-08-15 04:47:09,947.1533203125,0.019738159179687464,3.994,-1.0999999999999943,3.989,-97.0,5.921072959899902,945.1795043945312,12.8565
2024-08-15 03:47:09,950.205078125,0.05797729492187487,3.994,-1.1499999999999986,3.989,-96.0,6.154336929321289,944.4073486328125,12.9098
2024-08-15 02:47:09,947.1533203125,0.031080322265625293,3.994,-1.0499999999999972,3.989,-96.0,6.038044452667236,944.0452880859375,12.881100000000002
2024-08-15 01:47:09,1737.55859375,7.933864135742188,3.265,-1.0999999999999943,3.992,-89.0,6.017258167266846,944.1721801757812,12.918000000000001
2024-08-15 00:47:09,1047.861328125,1.0402337646484372,3.472,-1.0999999999999943,3.989,-96.0,6.400575160980225,943.8379516601562,12.9877
2024-08-14 23:47:09,947.1533203125,0.03527709960937542,3.993,-1.0999999999999943,3.992,-97.0,6.726220607757568,943.6256103515625,12.9549
2024-08-14 22:47:09,950.205078125,0.06554626464843727,3.993,-1.0999999999999943,3.989,-96.0,7.11320686340332,943.6504516601562,13.151700000000002
2024-08-14 21:47:09,950.205078125,0.06742126464843734,3.994,-1.0999999999999943,3.992,-96.0,7.200018405914307,943.4629516601562,13.217300000000002
2024-08-14 20:47:09,947.1533203125,0.03941284179687532,3.992,-1.1499999999999986,3.989,-96.0,7.386616230010986,943.2120361328125,13.487900000000002
2024-08-14 19:47:09,947.1533203125,0.03959899902343689,3.993,-1.1499999999999986,3.989,-96.0,8.32503890991211,943.1934204101562,14.0988
2024-08-14 18:47:09,947.1533203125,0.03911315917968783,3.993,-1.0999999999999943,3.992,-97.0,9.156000137329102,943.2420043945312,14.234100000000002
2024-08-14 17:47:09,950.205078125,0.0672570800781247,3.994,-1.1499999999999986,3.992,-96.0,8.528755187988281,943.4793701171875,14.0783
2024-08-14 16:47:09,947.1533203125,0.03307861328124995,3.994,-1.1499999999999986,3.989,-96.0,8.738243103027344,943.845458984375,14.127500000000001
2024-08-14 15:47:09,950.205078125,0.0620849609374996,3.994,-1.0999999999999943,3.992,-96.0,8.627725601196289,943.99658203125,14.201300000000002
2024-08-14 14:47:09,950.205078125,0.057048950195311976,3.994,-1.0999999999999943,3.989,-96.0,8.27511215209961,944.5001831054688,13.7421
2024-08-14 13:47:09,950.205078125,0.05686767578125029,3.994,-1.0999999999999943,3.989,-96.0,8.459807395935059,944.518310546875,13.6806
2024-08-14 12:47:09,953.2568359375,0.0867199707031252,3.994,-1.0999999999999943,3.989,-96.0,7.549777984619141,944.5848388671875,13.123000000000001
2024-08-14 11:47:09,950.205078125,0.05252258300781243,3.994,-1.1499999999999986,3.989,-96.0,7.31576681137085,944.9528198242188,13.1599
2024-08-14 10:47:09,953.2568359375,0.08531188964843728,3.994,-1.0999999999999943,3.989,-96.0,7.114632606506348,944.7256469726562,12.9877
2024-08-14 09:47:09,947.1533203125,0.022831420898437038,3.994,-1.0999999999999943,3.989,-96.0,7.032644271850586,944.8701782226562,12.946700000000002
2024-08-14 08:47:09,944.1015625,-0.008806152343749929,3.994,-1.1499999999999986,3.992,-96.0,7.056622505187988,944.982177734375,12.9877
2024-08-14 07:47:09,944.1015625,-0.010251464843750169,3.994,-1.1499999999999986,3.989,-96.0,6.718070030212402,945.126708984375,13.036900000000001
2024-08-14 06:47:09,950.205078125,0.04777282714843789,3.994,-1.0999999999999943,3.989,-96.0,7.131138801574707,945.4277954101562,13.032800000000002
2024-08-14 05:47:09,950.205078125,0.05134460449218725,3.994,-1.1499999999999986,3.992,-96.0,7.332341194152832,945.0706176757812,12.872900000000001
2024-08-14 04:47:09,947.1533203125,0.017958374023437917,3.994,-1.0499999999999972,3.989,-96.0,7.294641017913818,945.3574829101562,12.9549
2024-08-14 03:47:09,950.205078125,0.04388854980468704,3.994,-1.1499999999999986,3.989,-97.0,7.1455397605896,945.8162231445312,12.983600000000001
2024-08-14 02:47:09,950.205078125,0.04317138671874998,3.994,-1.0999999999999943,3.992,-97.0,7.091469764709473,945.887939453125,13.0615
2024-08-14 01:47:08,947.1533203125,0.008623657226561887,3.995,-1.1499999999999986,3.989,-97.0,6.585270881652832,946.2909545898438,13.082
2024-08-14 00:47:08,950.205078125,0.04036621093750026,3.995,-1.0999999999999943,3.992,-97.0,7.15212869644165,946.16845703125,13.188600000000001
2024-08-13 23:47:08,950.205078125,0.04381652832031291,3.995,-1.0999999999999943,3.989,-96.0,9.312777519226074,945.8234252929688,13.553500000000001
2024-08-13 22:47:08,950.205078125,0.04864318847656257,3.995,-1.0999999999999943,3.989,-97.0,11.139900207519531,945.3407592773438,13.9799
2024-08-13 21:47:08,950.205078125,0.04538513183593773,3.995,-1.0999999999999943,3.989,-96.0,12.014404296875,945.6665649414062,13.9922
2024-08-13 20:47:08,950.205078125,0.048636474609374813,3.995,-1.1499999999999986,3.989,-97.0,14.089123725891113,945.3414306640625,14.0127
2024-08-13 19:47:08,950.205078125,0.04487243652343764,3.995,-1.1499999999999986,3.992,-96.0,15.28961181640625,945.7178344726562,13.8856
2024-08-13 18:47:08,953.2568359375,0.07346374511718712,3.995,-1.0999999999999943,3.989,-97.0,15.133581161499023,945.9104614257812,13.9799
2024-08-13 17:47:08,953.2568359375,0.07151672363281292,3.995,-1.1499999999999986,3.989,-91.0,15.22718620300293,946.1051635742188,13.9389
2024-08-13 16:47:08,950.205078125,0.037307128906249876,3.995,-1.1499999999999986,3.989,-97.0,14.861734390258789,946.474365234375,14.0332
2024-08-13 15:47:08,950.205078125,0.03185546874999945,3.995,-1.1499999999999986,3.989,-97.0,15.042219161987305,947.01953125,13.922500000000001
2024-08-13 14:47:08,959.3603515625,0.11571289062500045,3.995,-1.1499999999999986,3.992,-98.0,14.802977561950684,947.7890625,13.934800000000001
2024-08-13 13:47:08,956.30859375,0.079795532226562,3.995,-1.0999999999999943,3.989,-98.0,13.775432586669922,948.3290405273438,13.9471
2024-08-13 12:47:08,959.3603515625,0.10622375488281266,3.996,-1.1499999999999986,3.989,-97.0,11.766670227050781,948.7379760742188,13.9717
2024-08-13 11:47:08,950.205078125,0.009600830078124734,3.995,-1.0999999999999943,3.992,-96.0,10.274636268615723,949.2449951171875,13.9061
2024-08-13 10:47:08,950.205078125,0.008397827148437509,3.995,-1.0999999999999943,3.989,-96.0,9.042357444763184,949.3652954101562,14.463700000000001
2024-08-13 09:47:08,950.205078125,0.004924316406249574,3.995,-1.1499999999999986,3.989,-97.0,8.209833145141602,949.712646484375,14.603100000000001
2024-08-13 08:47:08,956.30859375,0.06235290527343729,3.997,-1.1499999999999986,3.989,-95.0,6.847675800323486,950.0733032226562,14.094700000000001
2024-08-13 07:47:08,950.205078125,-0.0003912353515622691,3.995,-1.1499999999999986,3.992,-96.0,6.240740776062012,950.2442016601562,12.983600000000001
2024-08-13 06:47:08,950.205078125,-0.00444763183593766,3.997,-1.0999999999999943,3.989,-96.0,6.370754241943359,950.6498413085938,12.9754
2024-08-13 05:47:08,953.2568359375,0.028760375976562003,3.995,-1.0999999999999943,3.992,-96.0,6.851480484008789,950.3807983398438,13.024600000000001
2024-08-13 04:47:08,956.30859375,0.05597961425781284,3.996,-1.0999999999999943,3.989,-97.0,7.152875900268555,950.7106323242188,13.0287
2024-08-13 03:47:08,959.3603515625,0.08458007812499946,3.997,-1.1499999999999986,3.989,-96.0,7.657919883728027,950.90234375,13.110700000000001
2024-08-13 02:47:08,1038.7060546875,0.874882202148437,3.776,-1.1499999999999986,3.989,-92.0,8.199100494384766,951.2178344726562,12.9672
2024-08-13 01:47:08,1432.3828125,4.812740478515625,3.787,-1.1499999999999986,3.989,-87.0,8.670180320739746,951.1087646484375,12.9549
2024-08-13 00:47:08,1768.076171875,8.166550903320312,3.788,-1.1499999999999986,3.989,-89.0,9.752474784851074,951.4210815429688,13.1476
2024-08-12 23:47:08,2079.35546875,11.286690673828126,3.786,-1.1499999999999986,3.989,-90.0,10.81948471069336,950.6864013671875,13.4428
2024-08-12 22:47:08,2244.150390625,12.937196044921876,3.783,-1.0999999999999943,3.989,-89.0,11.834325790405273,950.4307861328125,14.172600000000001
2024-08-12 21:47:08,2494.39453125,15.437619018554688,3.779,-1.0999999999999943,3.989,-88.0,12.768062591552734,950.6326293945312,14.0455
2024-08-12 20:47:08,2878.916015625,19.283030395507815,3.778,-1.0999999999999943,3.989,-88.0,13.661652565002441,950.6129760742188,14.0332
2024-08-12 19:47:08,2729.3798828125,17.789453735351564,3.775,-1.1499999999999986,3.989,-88.0,14.08565902709961,950.4345092773438,14.053700000000001
2024-08-12 18:47:08,2216.6845703125,12.66044128417969,3.775,-1.0499999999999972,3.989,-89.0,14.427879333496094,950.6404418945312,14.008600000000001
2024-08-12 17:47:08,1798.59375,8.475426635742187,3.775,-1.0999999999999943,3.992,-87.0,14.50076675415039,951.0510864257812,14.0127
2024-08-12 16:47:08,1273.69140625,3.228939208984375,3.773,-1.0999999999999943,3.989,-88.0,14.259690284729004,950.7974853515625,14.016800000000002
2024-08-12 15:47:08,953.2568359375,0.02226501464843711,3.995,-1.1499999999999986,3.992,-96.0,14.031791687011719,951.0303344726562,13.988100000000001
